timestamp,cpu_usage,memory_usage,network_utilization,ram_utilization,disk_utilization
2025-11-24 09:46:00.464041,29.200721428531637,56.423602472720724,20.150097312377348,66.45112842536092,19.37565763616211
2025-11-24 09:46:00.764041,29.25062819717453,56.66945607023889,20.52701740276429,66.70504910565704,19.74051819879616
2025-11-24 09:46:01.064041,29.146706110806935,56.7413745159887,20.893692848763454,66.59105015578547,19.76082923288371
2025-11-24 09:46:01.364041,29.19954453459339,56.88638558377014,21.42278797224825,66.2477995337343,20.08846736391412
2025-11-24 09:46:01.664041,29.229314067073904,56.749030384662156,21.767013564703625,66.37928546465523,19.93892992962111
2025-11-24 09:46:01.964041,29.441203534933827,57.17309708779395,21.987419527082313,66.64744241398662,19.914425164584177
2025-11-24 09:46:02.264041,29.645798165035746,57.48654009496302,22.241068884012748,66.63191563554949,20.018130519018566
2025-11-24 09:46:02.564041,29.866647758405435,57.56177350517438,22.394224012048213,66.65963175884224,19.83707661050277
2025-11-24 09:46:02.864041,30.21416645914364,57.67359711312368,22.62267352312116,66.6787531696778,20.08525771156119
2025-11-24 09:46:03.164041,30.248945684038897,57.82558011450836,22.945085750321468,66.80976441018099,20.19446281504783
2025-11-24 09:46:03.464041,30.342802762367434,58.07282653996143,23.24340489786195,66.84461752585148,20.22292298606617
2025-11-24 09:46:03.764041,30.261153589717672,58.05260778592337,23.288050477381567,66.98777494324705,20.303428152228772
2025-11-24 09:46:04.064041,30.478220531344196,57.966791645284175,23.48206330322345,67.30101197118161,20.2773718897096
2025-11-24 09:46:04.364041,30.504718455024737,57.81693072756276,23.46261908193627,66.9611666251731,20.506357151086895
2025-11-24 09:46:04.664041,30.627156653947797,57.84258080607759,23.384947009106018,67.17371152664641,20.626120651973835
2025-11-24 09:46:04.964041,30.87397574912145,57.671259765527715,23.44364076929098,66.9511861306206,20.587003542844098
2025-11-24 09:46:05.264041,30.852151645591917,57.842973914175275,23.46165058326482,66.89151299484894,20.665708161428952
2025-11-24 09:46:05.564041,30.97726707764754,57.75361926405925,23.711190877337867,66.90449998572349,20.610736381953068
2025-11-24 09:46:05.864041,31.331475903801927,57.99819458159611,23.870990958921617,66.76023235704848,20.65619214406575
2025-11-24 09:46:06.164041,31.614105930690428,57.91432199590062,23.664461557897553,66.50470882851012,20.812423342475288
2025-11-24 09:46:06.464041,31.98660862594353,57.76720940311503,23.769083316739984,66.63031908258293,20.76028488059958
2025-11-24 09:46:06.764041,31.95557805997141,57.930913077324746,23.268931748670255,66.46780832214306,20.87643177010347
2025-11-24 09:46:07.064041,31.85444779093828,57.85400581799386,23.10887629965333,66.44082554226935,20.750485197053504
2025-11-24 09:46:07.364041,31.80813379501125,58.00661762811106,23.064864477614158,66.54847484134208,20.69190220897157
2025-11-24 09:46:07.664041,32.0490048508676,57.97260673539564,22.912822396606952,66.49089013170435,20.479224728151138
2025-11-24 09:46:07.964041,32.11742730224954,57.90118574652371,23.091568535705782,66.3645740712501,20.38935978476556
2025-11-24 09:46:08.264041,32.11378596037857,58.01787014016869,23.305505093696432,66.29606064841491,20.6411726202185
2025-11-24 09:46:08.564041,32.18614159109949,58.02939298829552,23.487791433390232,66.274440027645,20.738734955518098
2025-11-24 09:46:08.864041,32.33787878592061,57.99397499256625,23.80869296483054,66.35828254785244,20.86277704647462
2025-11-24 09:46:09.164041,32.29266613907132,58.23060506713192,24.173670855801483,66.28508658226353,20.9761029284819
2025-11-24 09:46:09.464041,32.111951367201364,58.337760375553536,24.399151905294566,66.17864170659801,20.891709717536504
2025-11-24 09:46:09.764041,32.07473199644729,58.34614874938115,24.44949157061621,66.58381610175073,20.811545849840904
2025-11-24 09:46:10.064041,32.01178600022435,58.58719261635724,24.539346063717726,66.64388358522149,21.065083810455054
2025-11-24 09:46:10.364041,32.19807417501047,58.81859515086502,24.537504959987245,67.06275033865704,21.107604405153207
2025-11-24 09:46:10.664041,32.266687737658586,58.955495548611495,24.13639250874612,67.10075163587585,21.042050037254086
2025-11-24 09:46:10.964041,32.35977567587745,58.770483794657274,23.641939587493873,67.31936597626186,21.09723473493544
2025-11-24 09:46:11.264041,32.19805656602963,58.740500651692614,23.560887865609608,66.99806444247456,21.043665846082202
2025-11-24 09:46:11.564041,32.09100636444571,58.72962043884153,23.347476455648657,67.1617296014844,20.985878335213837
2025-11-24 09:46:11.864041,32.231606498621446,58.87028605731934,23.211271014813956,67.27586772787241,21.12159903311991
2025-11-24 09:46:12.164041,32.376152967702204,59.01734549966212,23.546115638081623,67.29632868957276,21.2781548774359
2025-11-24 09:46:12.464041,32.48711223949787,59.174870527624904,23.412665785722957,67.40426387216375,21.226997098975286
2025-11-24 09:46:12.764041,32.799350784147215,59.497312335938474,23.341877415311235,67.41999797203778,21.084353404288542
2025-11-24 09:46:13.064041,32.98650024228073,59.568684508596945,23.217772538191213,67.16927942827307,20.977657546286842
2025-11-24 09:46:13.364041,33.19497833375784,59.43064102011828,23.380168368303284,67.14663359394491,21.09194233337214
2025-11-24 09:46:13.664041,33.07300283215638,59.37213817076606,23.16176269452708,67.12461849863695,21.189829392978254
2025-11-24 09:46:13.964041,33.32739544937146,59.571024020483044,23.018087921166423,67.18951681399092,21.08552164675343
2025-11-24 09:46:14.264041,33.56545239092131,59.44755541174599,22.939897221276194,67.21369936925117,21.255601638807004
2025-11-24 09:46:14.564041,33.54573256988705,59.550832019063485,22.704428504314887,67.06365569277615,21.392485664909138
2025-11-24 09:46:14.864041,33.48066422151504,59.60114495605279,22.39752076776787,66.90732486596717,21.511524030967514
2025-11-24 09:46:15.164041,33.58470342637351,59.72440333285754,22.466222189759456,66.76973128128925,21.34267129601541
2025-11-24 09:46:15.464041,33.563493467174844,59.59025615967944,22.45384800231752,66.70977242821886,21.101110190235385
2025-11-24 09:46:15.764041,33.511803377802856,59.47975857506981,22.08090452081037,66.76522173013335,21.107436026208173
2025-11-24 09:46:16.064041,33.40964216015533,59.43549112162877,21.779130606198063,66.94443447253327,20.98528025766774
2025-11-24 09:46:16.364041,33.36708542275874,59.1889346693693,21.44191804570219,67.0245638385321,21.00486809033951
2025-11-24 09:46:16.664041,33.19332717575519,59.007007979514626,21.572269677773892,67.07471454195893,21.13309908384868
2025-11-24 09:46:16.964041,33.11953849786215,59.16498865747914,21.406119399544135,67.05511524645762,21.181669089389356
2025-11-24 09:46:17.264041,33.225446541194316,59.08949199119379,21.155406482157588,67.33375683506924,20.986538550367815
2025-11-24 09:46:17.564041,33.353638772262265,59.266421254301065,21.22515417362901,67.48170237573984,20.97266301614753
2025-11-24 09:46:17.864041,33.404789073896204,59.25062462512788,20.908674493367258,67.5945275761936,21.15277664834325
2025-11-24 09:46:18.164041,33.4982083409404,59.118862219036835,20.783119559818218,67.47121377789729,21.02314815135028
2025-11-24 09:46:18.464041,33.41558531923011,59.368134703240756,20.572727129807777,67.6581761077029,21.00691494001914
2025-11-24 09:46:18.764041,33.43304403232106,59.08259541516694,20.54555043118607,67.56900226483873,20.553009395868127
2025-11-24 09:46:19.064041,33.452553523151614,58.871960957024584,20.75728621256945,67.50898133295817,20.263108633296977
2025-11-24 09:46:19.364041,33.57414786650155,58.70845812204053,20.795682686781742,67.16144318309445,20.39423675321487
2025-11-24 09:46:19.664041,33.68954336123388,58.548407337433275,20.647775485085386,67.23974283701986,20.289563935263676
2025-11-24 09:46:19.964041,33.74855737746372,58.339039582198524,20.37123533142724,67.21995521817023,20.735889209118863
2025-11-24 09:46:20.264041,33.883816276425925,58.37882993905434,19.951835799619232,67.52281972064152,20.98437873981642
2025-11-24 09:46:20.564041,33.8565504696887,58.35648688076524,19.84369606656019,67.66638947361506,21.231115530157293
2025-11-24 09:46:20.864041,33.90569136730056,58.5771646136228,19.752658307649195,67.74319951950855,21.523064992528596
2025-11-24 09:46:21.164041,33.84066224253629,58.73713894634298,19.852826477612844,67.89614830994766,21.512048526266963
2025-11-24 09:46:21.464041,33.72429367195095,58.84385969459732,20.020441484531208,68.11943299054523,21.32365868594004
2025-11-24 09:46:21.764041,33.673272071735596,59.029314041191455,20.146248971918215,67.8283676934165,21.123507343859487
2025-11-24 09:46:22.064041,33.6783004366899,59.06586166269381,20.003697734792482,67.79851961419834,21.009444492119492
2025-11-24 09:46:22.364041,33.78331466359016,59.03048013851256,19.918236115035153,67.69411783613879,21.258674472577948
2025-11-24 09:46:22.664041,33.72846318362961,58.9286150584044,19.818582409324655,67.64998330123693,21.325823529702735
2025-11-24 09:46:22.964041,33.80381080420379,58.812933653740934,19.840371687026085,67.6109813338504,21.055354566765768
2025-11-24 09:46:23.264041,33.81902320247864,58.63676796882705,19.470061503628816,67.75261809595656,21.00685296298459
2025-11-24 09:46:23.564041,33.806855651882856,58.68901323574943,19.327694062171574,67.74684263698677,20.90445892032939
2025-11-24 09:46:23.864041,33.791287802798266,58.68356388183982,19.360626492080726,67.99971298348426,20.6488812594329
2025-11-24 09:46:24.164041,33.59422729944416,58.901605445046656,18.842935107161363,68.15822263372195,20.52877918573182
2025-11-24 09:46:24.464041,33.149420977733556,58.89999013249448,18.84547089149325,68.36173592236564,20.74048341897903
2025-11-24 09:46:24.764041,32.91474151392322,58.861942948296004,18.73464539485304,68.37720933524953,21.017822548907663
2025-11-24 09:46:25.064041,32.481420036649666,59.18261306977774,18.680203210265592,68.35943801633437,21.148332550551903
2025-11-24 09:46:25.364041,32.35059978790809,59.29760957907739,18.570506461144596,68.22322164655395,21.227927860560985
2025-11-24 09:46:25.664041,32.20144724721597,59.54384471529514,18.852122449657532,68.38344188647805,21.110805601962426
2025-11-24 09:46:25.964041,32.062832272387915,59.485053942125866,18.911995368877257,68.49658881319245,21.188580279173948
2025-11-24 09:46:26.264041,31.829967982782158,59.274832271370585,18.78590328241519,68.20499587154445,21.188350277077873
2025-11-24 09:46:26.564041,31.732303654816825,59.049851871093026,18.84885201035213,68.08395968089548,21.36095755642477
2025-11-24 09:46:26.864041,31.722864082928545,58.870242506314014,18.667981056162237,68.1998148797786,21.207813580931745
2025-11-24 09:46:27.164041,31.604202590329283,58.36985015214101,18.443920436010842,68.31352895000872,21.07317453587786
2025-11-24 09:46:27.464041,31.454372024520094,58.194086496878676,18.261600831030318,68.34625957814919,21.1084736593361
2025-11-24 09:46:27.764041,31.481550978487302,58.433481667591685,17.96558238107245,68.0328007796368,20.99306078268466
2025-11-24 09:46:28.064041,31.57001696494959,58.37566249410466,17.5983751646113,68.0382125443277,21.147886734996003
2025-11-24 09:46:28.364041,31.575225546679295,58.66393090004872,17.858466600713705,67.7946574240934,21.289056953016754
2025-11-24 09:46:28.664041,31.65138947457467,58.760644096387736,17.842545461769376,67.35705205947174,21.140031565815452
2025-11-24 09:46:28.964041,31.667836303182575,59.15449463922898,18.134061632571125,67.06873723261832,21.038807056333834
2025-11-24 09:46:29.264041,31.69413783044464,59.00606363697582,18.16787029424567,66.79784128227588,20.764290568558433
2025-11-24 09:46:29.564041,31.691454115056626,59.21105756623887,17.741987621534562,66.75378959013977,20.4980774932184
2025-11-24 09:46:29.864041,31.471695146425805,59.28275697626328,17.33805068488649,66.92434947145468,20.550981131902564
2025-11-24 09:46:30.164041,31.23933185971353,59.61225884950666,16.93970922053656,67.2286459696596,20.62642671431783
2025-11-24 09:46:30.464041,30.627681379540967,59.76699886067967,16.777936949984333,67.3916753516412,20.62135745352484
2025-11-24 09:46:30.764041,30.375769576868013,59.80850656984042,16.63969488627144,67.41654028414617,20.68985935310538
2025-11-24 09:46:31.064041,30.119376568318522,59.5898578923923,16.462744978150916,67.45075349557801,20.90908886752398
2025-11-24 09:46:31.364041,30.110895236278207,59.713449393734116,16.56706202542795,67.03213905282732,20.795997291236326
2025-11-24 09:46:31.664041,30.3199214442624,59.61396581396493,16.613447808631832,66.74579882137357,20.90174459994265
2025-11-24 09:46:31.964041,30.266861330139644,59.60498646165543,16.616384065453495,66.53545166654655,20.852646764159473
2025-11-24 09:46:32.264041,30.21988093546141,59.435169524446465,16.389423718109942,66.49046482528385,21.00724780064855
2025-11-24 09:46:32.564041,30.047613025255732,59.24589562416732,15.99896042560521,66.44745356174431,20.996561637127083
2025-11-24 09:46:32.864041,29.710393951332037,59.193141218011256,15.589612277066351,66.65684991678769,20.940011909213453
2025-11-24 09:46:33.164041,29.724319895946447,58.85240056030292,15.217623779240048,67.15184284986489,20.89152540784923
2025-11-24 09:46:33.464041,29.844135759916956,58.7331880147247,14.944369531347188,66.91965366098316,20.96611293262032
2025-11-24 09:46:33.764041,29.759123570739924,58.793139377055155,14.931266705025706,67.03563919372174,20.88456747046948
2025-11-24 09:46:34.064041,29.415940302463042,58.93111625461879,14.74103321216745,66.89406700562282,20.85264050438982
2025-11-24 09:46:34.364041,29.171010507783958,58.99653740112412,14.30906937640661,66.86077208494447,20.94085117555362
2025-11-24 09:46:34.664041,28.816098644083386,59.41157073150341,13.744258123025068,66.56814595585762,20.952764570702428
2025-11-24 09:46:34.964041,28.650613014472505,59.52642205901925,13.431361330181797,66.48286290375755,20.771152455931436
2025-11-24 09:46:35.264041,28.595038201474914,59.63617821640063,13.113991473446736,66.49790226280746,20.548710624440563
2025-11-24 09:46:35.564041,28.59511986404386,59.854236140173825,12.946780315358467,66.60935094037337,20.084389860593383
2025-11-24 09:46:35.864041,28.593199884028635,59.66041779673075,12.811145632020917,66.56520401101793,19.964217392344462
2025-11-24 09:46:36.164041,28.479882874923486,59.62302648140549,12.780988251697933,66.50852737656476,19.829948066186088
2025-11-24 09:46:36.464041,28.39183273056962,59.570269759517934,13.015495920111816,66.53393068846282,19.918855709306847
2025-11-24 09:46:36.764041,28.426981238032756,59.64047586834613,12.906891403743652,66.54362189626906,19.663053452814314
2025-11-24 09:46:37.064041,28.79830111290801,60.004088667348036,12.901977994869966,66.30840042341345,19.54401980780556
2025-11-24 09:46:37.364041,28.952134436542785,60.07569952066104,12.80554637488703,66.38484302054933,19.821305347668233
2025-11-24 09:46:37.664041,29.116638128364045,60.210255519198256,12.581006971209685,66.40739111559344,20.216542870633397
2025-11-24 09:46:37.964041,29.270994179876865,60.01152803799819,12.20932684713712,66.53585690613816,20.320609672576794
2025-11-24 09:46:38.264041,29.40225310887909,60.0390194575358,11.955168630537658,66.75518254877063,20.158183269803676
2025-11-24 09:46:38.564041,29.31317803308911,60.38367183654499,11.76318629092024,66.69636827856726,19.904242554535777
2025-11-24 09:46:38.864041,29.12993077348695,60.074334283292046,11.426801723085946,66.6134217322012,19.93815503587324
2025-11-24 09:46:39.164041,28.88615993337716,60.08266096627634,11.355753806940927,66.4158143292128,20.083553044004333
2025-11-24 09:46:39.464041,29.009289676638648,60.22614851435447,11.56684592577036,66.32336697975549,19.854815515853552
2025-11-24 09:46:39.764041,28.8673317935036,60.094133462863745,11.621345659001417,66.48265967060583,19.84315913114045
2025-11-24 09:46:40.064041,28.776987094982612,60.10598368050214,11.559934971537752,66.6025716360344,19.795835181249245
2025-11-24 09:46:40.364041,28.64753069474449,60.07467633601681,11.432959498915938,66.83783079988167,19.63587712962958
2025-11-24 09:46:40.664041,28.329432589272745,59.85972083817399,11.127701226523238,67.01356488484377,19.34564415380228
2025-11-24 09:46:40.964041,27.981784192522177,60.031921496192226,10.583942506967023,66.88459377945568,19.501937527769027
2025-11-24 09:46:41.264041,28.023027080308335,60.039809407525404,10.100684014394234,66.89367386139553,19.43103224235578
2025-11-24 09:46:41.564041,27.98880445781765,59.76367949907565,9.855496193338382,67.12384019581148,19.45193928232171
2025-11-24 09:46:41.864041,27.988033718940414,59.47792266210396,9.44101313008497,67.16183796367456,19.496828813630316
2025-11-24 09:46:42.164041,28.05570559177079,59.444762586029306,9.464556536359265,67.0821451911429,19.56554586846975
2025-11-24 09:46:42.464041,28.26203281105761,59.29429183831268,9.239837557774706,66.88448282242301,19.871460191728968
2025-11-24 09:46:42.764041,28.246988794157954,59.12891010093558,9.240994808332678,67.26924703056764,20.388905397006152
2025-11-24 09:46:43.064041,28.112594883871544,59.14437798590823,9.058207482233538,67.01760766542012,20.554421212126048
2025-11-24 09:46:43.364041,28.281925412165304,59.36030352715488,9.030975975332092,66.93470115087858,20.460941445827963
2025-11-24 09:46:43.664041,28.15991360653249,59.819950643395785,8.82389123660799,67.26815105995722,20.442985500851336
2025-11-24 09:46:43.964041,28.382849470589598,59.69919580005312,8.53449334890378,67.3643571283955,20.19519730428524
2025-11-24 09:46:44.264041,28.178728141638324,59.87387563030557,8.194904331241554,67.46984148134257,20.263715395042905
2025-11-24 09:46:44.564041,28.092131995687616,59.94950437011593,7.802943147487366,67.5585942353093,20.11878886598889
2025-11-24 09:46:44.864041,28.067640066964323,59.82166679621493,7.722315331216049,67.39829414220429,20.288745651726956
2025-11-24 09:46:45.164041,28.033702474228036,59.94476541812923,7.624207617912573,67.15080242949556,20.288583140223185
2025-11-24 09:46:45.464041,28.21160414481551,59.68996222479989,7.556029801533331,66.92282637589781,20.342294953808043
2025-11-24 09:46:45.764041,28.082786833912248,59.83607119325221,7.471593654425935,66.97892479716593,20.219499188009927
2025-11-24 09:46:46.064041,28.08959411404641,59.912736777790435,7.671516927711624,67.13834139959788,20.25624440190509
2025-11-24 09:46:46.364041,27.76392735283429,59.95105180699059,7.724490046772665,67.21285333528452,20.383779754544708
2025-11-24 09:46:46.664041,27.31131637738025,59.68869302530858,7.67989708993308,67.22021391301733,20.48091429415218
2025-11-24 09:46:46.964041,27.414786779912244,59.32234914585442,7.656474374330558,67.3850607046533,20.357625466117526
2025-11-24 09:46:47.264041,27.49341165757682,59.004596868856225,7.420316743308374,67.41637073706329,20.376184311689315
2025-11-24 09:46:47.564041,27.790859237710443,58.842601975066245,7.460158874336146,67.23148626382009,20.220541732627538
2025-11-24 09:46:47.864041,28.111679710501644,58.6012626748045,7.5807454330421615,67.32713237776093,20.039766720048256
2025-11-24 09:46:48.164041,28.10328769799543,58.124977719747186,7.587746574947417,67.56771711762102,20.07058826770733
2025-11-24 09:46:48.464041,28.009270575254966,58.001134848814466,7.267256033554152,67.76025602628816,20.022562461131404
2025-11-24 09:46:48.764041,27.774614488369675,57.87184750507693,7.164452179660877,67.75618327682541,19.967299297543647
2025-11-24 09:46:49.064041,27.586764593212184,58.10050131013089,7.10146139666332,67.7163644927133,19.99442168979556
2025-11-24 09:46:49.364041,27.545978855617534,58.10667107079496,7.024848665179272,67.58402345003809,20.0509118235951
2025-11-24 09:46:49.664041,27.590164849553418,58.18918217858111,7.034983905289267,67.73598003699422,20.00400755945254
2025-11-24 09:46:49.964041,27.67172922010563,58.05728087415585,6.74757356857055,67.57991689991911,20.049662135370493
2025-11-24 09:46:50.264041,27.81898795601492,57.95527278494811,6.6323226324770275,67.46449868275458,20.038148229491654
2025-11-24 09:46:50.564041,27.87334215417557,57.9375114958834,6.527662935982169,67.31114802168885,19.962319051235685
2025-11-24 09:46:50.864041,27.881749600769854,58.08298931969405,6.155473631917198,67.17848428236718,20.103441545365545
2025-11-24 09:46:51.164041,27.759755705142656,58.2964368821146,5.97649971893907,67.0927010130436,20.1200769828811
2025-11-24 09:46:51.464041,27.740332524321722,58.39586597315735,5.845254772796511,67.15764672618096,19.957859244993667
2025-11-24 09:46:51.764041,27.69846551155126,58.627687146140985,5.9110926273863535,67.05066880937011,19.921322716719757
2025-11-24 09:46:52.064041,27.5970427965728,58.51528422143996,5.860332259901362,67.16306970354906,19.845174001764157
2025-11-24 09:46:52.364041,27.67227174721851,58.36656748710398,5.84082085745999,67.26106978741569,19.879842742687913
2025-11-24 09:46:52.664041,27.620435941391197,58.30193205129697,5.748505356180167,67.18042309797958,19.934081004294814
2025-11-24 09:46:52.964041,27.55678444850576,58.352762450892044,5.818634648541391,67.15050413677265,19.904257299757184
2025-11-24 09:46:53.264041,27.5701560165092,58.3306502227513,5.849731415844825,67.32288034149079,19.91507013215688
2025-11-24 09:46:53.564041,27.65761328218141,58.06571890266148,5.927537288880243,67.31931987873989,20.038116566964625
2025-11-24 09:46:53.864041,27.55625402142,57.91622986606993,6.12806273219732,67.31696622278409,20.09612160171148
2025-11-24 09:46:54.164041,27.24891920371121,57.69942219684408,6.175849420725851,67.09756123394133,20.37181584989377
2025-11-24 09:46:54.464041,27.188281067652056,57.72559851320629,6.593603305967137,66.99916394614615,20.399428260486363
2025-11-24 09:46:54.764041,27.234561832442022,57.645756851050734,6.848424655989873,66.93054388765597,20.493583191702992
2025-11-24 09:46:55.064041,27.204350203531916,57.62311872759161,7.070753615752022,66.8872738571401,20.539649250676288
2025-11-24 09:46:55.364041,27.15827938661214,58.000251464608205,6.948236600746841,66.89681603574077,20.207768153078458
2025-11-24 09:46:55.664041,27.196929211515773,58.08243392516873,6.88857447024958,66.92513391378017,20.12131952189047
2025-11-24 09:46:55.964041,27.32138426377434,58.35276975391641,6.933226927315705,66.97486709313719,20.309879444174744
2025-11-24 09:46:56.264041,27.49145136370598,58.64016957822739,6.6842129316634935,67.16720236438508,20.331300865838777
2025-11-24 09:46:56.564041,27.461099828700018,58.699344355483554,6.798532582484772,67.24587032655205,20.152798247777916
2025-11-24 09:46:56.864041,27.381018018116958,58.67415552467594,6.973921964635522,67.12840306136701,20.34293449635177
2025-11-24 09:46:57.164041,27.41553741852986,58.579074251475724,6.94492106546352,66.76999595711422,20.233694816445936
2025-11-24 09:46:57.464041,27.411435049775427,58.347805332526264,7.348381493572852,66.40999368066922,20.241924470320093
2025-11-24 09:46:57.764041,27.358576423057652,58.361269495046365,7.514916376349394,66.28757433608621,20.29277257053645
2025-11-24 09:46:58.064041,27.163144301323477,58.445754731653174,7.714727279690394,65.90643649460763,20.18130894632839
2025-11-24 09:46:58.364041,27.215601949393957,58.54619927251772,7.519872121061046,65.74578248802567,20.264765406032318
2025-11-24 09:46:58.664041,27.180354466381647,58.61186713014651,7.724117326837213,65.63183885472418,20.56893001299398
2025-11-24 09:46:58.964041,27.040977990367832,58.66564274629187,7.787972164302635,65.76187283067817,20.862255716084793
2025-11-24 09:46:59.264041,27.036264881390462,58.654972949992434,7.813089451734295,65.56862016236026,21.1391824670964
2025-11-24 09:46:59.564041,27.065817637709625,58.49942674524559,8.191036218069268,65.46394729521863,21.073003369505294
2025-11-24 09:46:59.864041,26.742890007375976,58.497852357990716,8.794713824868653,65.57374673584539,21.000033269394443
2025-11-24 09:47:00.164041,26.532715503291687,58.48582961992859,9.46998446928812,65.68952661916249,20.75769715742143
2025-11-24 09:47:00.464041,26.26408569561325,58.544673615432785,9.799639564669462,65.76880302343967,20.71839134950922
2025-11-24 09:47:00.764041,26.168831919840454,58.634648153034135,9.94375502032647,65.92218959955407,20.89166620004346
2025-11-24 09:47:01.064041,26.332724433102555,58.4991311635462,10.108691765246295,65.71597438623188,21.085114150685317
2025-11-24 09:47:01.364041,26.710677175507673,58.28910084628506,10.272540507375357,65.4745015644773,21.11844130931229
2025-11-24 09:47:01.664041,26.948682258137463,58.58561740324219,10.369748532310174,65.32002580329817,21.256842050795818
2025-11-24 09:47:01.964041,27.07271443416566,58.38334260143699,10.688325690788174,65.05537176695243,21.395697603343066
2025-11-24 09:47:02.264041,27.22699065788616,58.61067628292432,11.00602025170826,65.19959668309463,21.63724623037126
2025-11-24 09:47:02.564041,27.257872066302497,58.75996263378906,10.997984833338794,65.368950984535,21.739183871496955
2025-11-24 09:47:02.864041,27.279209084963963,58.53510942789506,11.29074419652186,65.49424234667558,21.520283970029958
2025-11-24 09:47:03.164041,27.13158554577897,58.49774245520752,11.497180040650237,65.76450949297258,21.676940654750823
2025-11-24 09:47:03.464041,27.042143632222285,58.13258983138274,11.764506490492309,65.60646119723033,21.503708445767092
2025-11-24 09:47:03.764041,27.16110488860932,57.904344274955896,11.881221458621283,65.67053425285108,21.14250036071118
2025-11-24 09:47:04.064041,27.05548237261037,57.695702344428994,12.184133270011882,65.48964794895622,21.053165456036865
2025-11-24 09:47:04.364041,27.179797526375175,57.71701986144419,12.373944358964629,65.50774359885868,20.94538396891353
2025-11-24 09:47:04.664041,27.13020613809696,57.41131595047929,12.37094141300777,65.62949477163039,20.8917669566968
2025-11-24 09:47:04.964041,27.255239302950706,57.39368305497156,12.304212049700437,65.74139935464108,20.944971801240506
2025-11-24 09:47:05.264041,27.29213645676657,57.21623448920746,12.514618715876473,65.43418251447743,20.849497829167134
2025-11-24 09:47:05.564041,27.247988537648336,57.35385446982903,12.95703232548204,65.19820158393503,21.044842840854663
2025-11-24 09:47:05.864041,26.863338470557927,57.328344232494395,13.296238395875552,65.39227950780227,20.965505749442414
2025-11-24 09:47:06.164041,26.505039099585012,57.2233610929102,13.840978584929166,65.28659683285845,21.012076673202333
2025-11-24 09:47:06.464041,26.337405024899287,57.260843004971505,14.306744584399825,65.21498875950844,21.0622315043191
2025-11-24 09:47:06.764041,26.14787702247458,57.14908214471454,14.511263260613465,65.00193218182898,21.2272345742058
2025-11-24 09:47:07.064041,26.228590463129127,56.867328820452556,14.56638001346305,64.6739574614514,21.02247925488215
2025-11-24 09:47:07.364041,26.506368541945587,56.755481897967265,14.606574556623794,64.44020009498448,21.003542205793053
2025-11-24 09:47:07.664041,26.439357487857784,56.843983142337116,14.862554770736915,64.23474193319826,20.869849183462872
2025-11-24 09:47:07.964041,26.41403027656816,57.02728795931812,15.083863080479553,64.32812631957191,20.6078513976527
2025-11-24 09:47:08.264041,26.43090214876747,57.13657260253561,15.384693367701969,64.45113695460186,20.747407927214713
2025-11-24 09:47:08.564041,26.276165200216777,57.020316380033236,15.425959757766126,64.57221472590888,20.674462627371792
2025-11-24 09:47:08.864041,26.036100264890596,57.0506568053999,15.46208930876456,64.73969435400436,20.782966334148075
2025-11-24 09:47:09.164041,25.60748951622087,57.28481112111497,15.5400846548803,64.79408032486509,20.730812019253523
2025-11-24 09:47:09.464041,25.38515059292114,57.340806621089996,15.750078017083213,65.12061742475483,20.727164702526323
2025-11-24 09:47:09.764041,25.373171479902915,57.149752365908896,15.714511319055793,65.0658380683379,20.49470937851834
2025-11-24 09:47:10.064041,25.52822676805298,57.367251003463636,16.0838761248498,64.97196100151625,20.367533656941355
2025-11-24 09:47:10.364041,25.98268940697248,57.3404759627977,16.44761448997791,64.71023408614722,19.889673853559366
2025-11-24 09:47:10.664041,26.32687818586607,57.14617717322039,16.542868935987297,64.48962908720833,19.778991964548737
2025-11-24 09:47:10.964041,26.187110878580047,57.245998829119834,16.873605007802862,64.18149862605478,19.81395707763231
2025-11-24 09:47:11.264041,26.131047077066224,56.94954200740056,17.02979255233741,63.77238801961654,19.9820815175794
2025-11-24 09:47:11.564041,25.906276563472225,56.88250930565715,17.089705275722864,63.46392230125989,20.184057701299814
2025-11-24 09:47:11.864041,25.78969013773944,56.85348932520019,17.346686491267523,63.62426105605891,20.24614479035509
2025-11-24 09:47:12.164041,25.575165719306664,57.06039092279115,17.195640851474547,63.73269902529537,20.16750229791597
2025-11-24 09:47:12.464041,25.404416948746398,56.98436761365015,17.293052032705564,63.88969013044294,19.980810370914078
2025-11-24 09:47:12.764041,25.398195820871145,56.941371716027696,17.287066244178124,64.21911395537484,19.961298614739853
2025-11-24 09:47:13.064041,25.28991951675247,56.80802631303956,17.60584461588526,64.17623964905694,19.848062774664808
2025-11-24 09:47:13.364041,25.34733971646271,56.667649158508596,18.323550181773452,64.20375315517758,20.07673555989983
2025-11-24 09:47:13.664041,25.11157932927744,56.65404871456621,18.738734061583088,63.857168881597495,20.316585152530322
2025-11-24 09:47:13.964041,25.051775104573093,56.38732592569587,18.70708076304462,63.799206991134554,20.487561453202815
2025-11-24 09:47:14.264041,25.11934536025905,56.26595964018832,18.66915610401179,63.60067180548485,20.45574213034581
2025-11-24 09:47:14.564041,25.160959521200393,56.20094515846892,18.39141023401078,63.758543133261234,20.554015383616758
2025-11-24 09:47:14.864041,25.55207353711148,56.15951673419258,18.142278562961287,63.95778132875275,20.450167703448155
2025-11-24 09:47:15.164041,25.798302650184375,56.21091965516547,17.69847660179561,63.990089585461114,20.170642502520586
2025-11-24 09:47:15.464041,25.86438476063751,56.1028501615851,17.530875367980393,64.00892507846667,20.101107230679382
2025-11-24 09:47:15.764041,25.849457388060703,55.94872570739696,17.57013122777735,64.06301933392429,20.329032694280553
2025-11-24 09:47:16.064041,25.691089954500875,55.83633201977634,17.885707642631214,64.16309767885699,20.365203707634112
2025-11-24 09:47:16.364041,25.449560114548753,55.807459594853356,18.00007189124718,63.95417440796993,20.356315965112387
2025-11-24 09:47:16.664041,25.454275913972122,56.10190516610073,17.968535172285264,63.81950584837795,20.18432581791665
2025-11-24 09:47:16.964041,25.545064098268533,56.10518927868906,17.981769346259792,63.51579317416389,20.245906691141222
2025-11-24 09:47:17.264041,25.66720803503261,56.15075160483324,17.693439235995914,63.75332445761182,19.94065801122686
2025-11-24 09:47:17.564041,25.788080681484978,56.13819616675137,17.560965704900887,63.64078160323098,19.921067640826784
2025-11-24 09:47:17.864041,25.678096362670487,56.05188074611133,17.387136802322825,63.49539226361986,19.978400559030376
2025-11-24 09:47:18.164041,25.59494171212744,55.73216356518796,17.33421080441243,63.640735287577854,19.824536452141643
2025-11-24 09:47:18.464041,25.455306110520922,55.3931692406306,16.90909078851499,63.570323660056005,19.792904861538304
2025-11-24 09:47:18.764041,25.346133702206544,55.085887867582684,16.83609324350314,63.630899648411,19.64264688713407
2025-11-24 09:47:19.064041,25.03200332076187,54.76350981487167,16.56262258361382,63.61492416808596,19.71371339018231
2025-11-24 09:47:19.364041,25.15591385817879,54.619015094101485,16.41132152801994,64.01951473271293,19.70880614565685
2025-11-24 09:47:19.664041,25.203177351513343,54.558081909830186,16.352645231107203,64.05517552684682,19.947631115928267
2025-11-24 09:47:19.964041,25.35728816451468,54.54001201244863,16.307323546115896,63.93920102097028,19.941721582993978
2025-11-24 09:47:20.264041,25.35919467710877,54.56810158914559,16.37654417181827,63.86095356333867,19.87625509971412
2025-11-24 09:47:20.564041,25.631288762241642,54.87027382644744,16.197496723216,63.906156545368695,19.765064270191065
2025-11-24 09:47:20.864041,25.619738255459165,54.82585641454608,16.00184160804843,63.94652796078616,19.522715516497147
2025-11-24 09:47:21.164041,25.526022683925653,54.97009215524707,16.197962231727946,63.9244730298672,19.289324108288486
2025-11-24 09:47:21.464041,25.502247539772302,54.66556024223361,15.941524718182773,63.8717318487893,19.126763634371066
2025-11-24 09:47:21.764041,25.38331352668458,54.76155609206958,15.924895365202913,64.08753516364517,18.981928912382877
2025-11-24 09:47:22.064041,25.18615836239812,54.686181711511416,15.836940477186948,64.36693188372561,19.12507267348991
2025-11-24 09:47:22.364041,25.16513917038715,54.42051852508312,15.656550790364992,64.1369265645318,19.286713512319153
2025-11-24 09:47:22.664041,25.032153729439578,54.389776338287405,15.499273402798694,64.23044717432855,19.341332056238297
2025-11-24 09:47:22.964041,25.025455491556126,54.4482228412417,15.541476253396668,64.3243120325604,19.378273552890175
2025-11-24 09:47:23.264041,24.843241403364985,54.59138977173272,15.319246704026497,64.31243073636611,19.330475984426
2025-11-24 09:47:23.564041,24.77250620294515,54.708960194996116,15.17833457887696,64.19760194422274,19.18060659327593
2025-11-24 09:47:23.864041,24.816299126330804,54.805645678615626,14.886189448279131,64.4864237398847,19.0084759000683
2025-11-24 09:47:24.164041,24.697108913651004,54.82840381338011,14.673051219800273,64.6829690304417,18.675768949758112
2025-11-24 09:47:24.464041,24.612153904703682,54.68620358301714,14.463091665747521,64.89334603961797,18.827657581288964
2025-11-24 09:47:24.764041,24.4718577424276,54.88100585324231,14.342592535542884,64.97611867531538,18.765067499334762
2025-11-24 09:47:25.064041,24.57440437423576,55.34814132644263,14.333378459040773,65.01541144196355,18.861591583175972
2025-11-24 09:47:25.364041,24.583961191759826,55.339129377196805,14.247427135161164,65.2921943910853,19.07156414824994
2025-11-24 09:47:25.664041,24.501281904654217,55.56451776851807,14.114559290498084,65.2719643220371,19.09113157892264
2025-11-24 09:47:25.964041,24.422052018771215,55.30487821789164,14.141178923003999,65.10103355105205,19.01614208144479
2025-11-24 09:47:26.264041,24.332918903783778,55.26659313962403,14.012326924025253,64.97764317508467,18.96336330276424
2025-11-24 09:47:26.564041,24.245813053813144,54.937853948396494,13.956103255397167,65.10924616105605,18.866747982786315
2025-11-24 09:47:26.864041,24.021670100998023,54.88029784138019,14.047330307726261,64.90006755069693,18.82230615003464
2025-11-24 09:47:27.164041,23.821018868717204,54.7598806706673,14.148077945355457,64.79486626162121,18.965691860634752
2025-11-24 09:47:27.464041,23.81852074887964,55.0240345935435,13.9731225670115,64.85310162018808,18.974158246863613
2025-11-24 09:47:27.764041,23.624152481476152,54.79192797920169,13.754360049417695,64.690360819672,18.817993648221254
2025-11-24 09:47:28.064041,23.54459940561746,54.98507504383957,13.807662771843429,64.6104579972201,18.633827985923936
2025-11-24 09:47:28.364041,23.802561071942495,55.12923082203872,13.762386307507553,64.37272031646924,18.765828773329083
2025-11-24 09:47:28.664041,23.99614760608621,55.04959289359817,13.685609051987694,64.29422321769002,18.918514507697477
2025-11-24 09:47:28.964041,24.182142597568,55.05589094880452,13.584292156132626,64.35000699835884,18.898553732150717
2025-11-24 09:47:29.264041,24.179572723238508,54.81130675733859,13.501074978517845,64.52301174364064,19.117960940942805
2025-11-24 09:47:29.564041,24.144564645968877,54.59491203658927,13.228242210766956,64.63094252536722,19.29064674625064
2025-11-24 09:47:29.864041,24.079334335046372,54.62627039368657,12.98945519028303,64.55038512547735,19.24070336790875
2025-11-24 09:47:30.164041,24.163033818058842,54.78342319889046,12.805179913196378,64.49482510526899,18.978806327087167
2025-11-24 09:47:30.464041,24.494837234289545,55.00489639879758,12.889271102482587,64.46644799469986,18.94681701672611
2025-11-24 09:47:30.764041,24.61400612829695,54.96079579432716,13.192907698363564,64.47258524589098,18.99700265854725
2025-11-24 09:47:31.064041,24.732611902701777,55.10631495794637,13.147932119128992,64.5890943973479,18.968147353237363
2025-11-24 09:47:31.364041,24.64526287541374,55.24668220704124,13.283897321902586,64.63332749321955,19.019854731164518
2025-11-24 09:47:31.664041,24.883972365687487,55.1231726877387,13.18506601771907,64.81124968098013,19.10017620279449
2025-11-24 09:47:31.964041,24.60776170413991,54.97067380500669,12.899802447451245,64.85754849784507,18.75282474713892
2025-11-24 09:47:32.264041,24.566655827975353,54.59140229793633,12.634962431920394,65.18714608606696,18.866794434362934
2025-11-24 09:47:32.564041,24.701535434487287,54.52271385792242,12.56580314464968,65.06371530308104,18.80911598927641
2025-11-24 09:47:32.864041,24.81577323505762,54.530077386620626,12.182767423082797,65.03390073289061,18.9219956058912
2025-11-24 09:47:33.164041,24.70718109043163,54.45626630589692,12.015758123886302,65.005789546558,18.838328263048474
2025-11-24 09:47:33.464041,24.598040586795662,54.683787639045676,12.126144002814915,65.09135693225385,18.913335307706415
2025-11-24 09:47:33.764041,24.572516722323066,54.81151507209581,12.076527729950557,64.92034822025799,19.117271241208226
2025-11-24 09:47:34.064041,24.426874667620236,54.829115363091546,12.091425268285114,64.68662548234832,19.438416172229115
2025-11-24 09:47:34.364041,24.276882505502005,54.8142474768542,12.286526709909054,64.93800151064286,19.797209833163187
2025-11-24 09:47:34.664041,24.220121639213993,54.946665026749685,12.360077317078026,64.66095573803588,19.841684100143933
2025-11-24 09:47:34.964041,24.1523716260362,54.95032953911416,12.059055452712501,64.70327712088178,19.91119421957781
2025-11-24 09:47:35.264041,24.038730191504957,55.087165908755715,11.678496077190461,64.66116117418935,20.081402857110998
2025-11-24 09:47:35.564041,23.948875176901474,55.126451636632844,11.4992261477404,64.71094012694526,19.97528821135276
2025-11-24 09:47:35.864041,23.620438937538115,55.13522012765224,11.388526345085864,64.94676759165026,20.025189502629985
2025-11-24 09:47:36.164041,23.4287277730575,55.21912937196121,11.420544237243124,65.03637891646109,20.028316030787046
2025-11-24 09:47:36.464041,23.25357870340776,55.37590019974389,11.479392218814432,65.04027391140013,19.942742562343007
2025-11-24 09:47:36.764041,23.00835186023464,55.52835616850101,11.548399929307271,65.2802224015907,19.886190298729634
2025-11-24 09:47:37.064041,22.966961222128468,55.618287572127535,11.412196372058068,65.38191721008393,19.75958570487568
2025-11-24 09:47:37.364041,22.911873818606328,55.595547234161266,11.21262152525799,65.49373012581066,19.79674656945948
2025-11-24 09:47:37.664041,22.88761998152786,55.606735154325676,11.154380809047485,65.39234624290685,19.563244917510644
2025-11-24 09:47:37.964041,22.772410673516905,55.23821293823855,11.018461966928914,65.13953085934038,19.660374202129972
2025-11-24 09:47:38.264041,22.636311445602637,54.692573777031356,11.110617780593868,64.91716881226297,19.53215905052845
2025-11-24 09:47:38.564041,22.776067818062337,54.6272169671858,10.892827555472808,64.81504458734459,19.251386770454577
2025-11-24 09:47:38.864041,22.473409294111754,54.624857539440065,10.965327801325001,64.68492992240263,19.29405282022695
2025-11-24 09:47:39.164041,22.532563257649468,55.057930978783524,10.919308270836327,64.60944339469332,19.45049850571881
2025-11-24 09:47:39.464041,22.739044125143103,55.2092441671594,10.775599968170638,64.66042369472129,19.566053211839208
2025-11-24 09:47:39.764041,22.87240592728393,55.68734483447633,10.81198668555402,64.59732292346872,19.7796223075939
2025-11-24 09:47:40.064041,23.11798101030228,55.95552478454865,10.592756822531666,64.53329568618805,19.73818635826935
2025-11-24 09:47:40.364041,23.07714339940598,56.048869408772376,10.591573507121305,64.28356148080714,19.97104011106943
2025-11-24 09:47:40.664041,22.736315485321555,55.77365553479166,10.670435684739882,64.21512694741845,20.08931627717038
2025-11-24 09:47:40.964041,22.481844159407302,56.025384857647694,10.615873076843277,64.12767641042028,20.1349999658033
2025-11-24 09:47:41.264041,22.144217195962767,55.981443733880965,10.696856161112702,64.23300074788908,20.166873048558756
2025-11-24 09:47:41.564041,22.078211817767272,55.89243202680164,10.501244326341425,64.09661526529796,20.152347048402987
2025-11-24 09:47:41.864041,21.837979878470218,56.0475641416476,10.19160642478681,64.17205318050372,19.943328880988965
2025-11-24 09:47:42.164041,21.658014154348578,55.74651214752294,10.141614950279479,64.35004123215656,19.99544177584377
2025-11-24 09:47:42.464041,21.58991694835112,55.79113774066614,9.905759402895878,64.68830951692036,20.048571419389727
2025-11-24 09:47:42.764041,21.665825799112795,55.74053769450348,9.669668945462167,65.03572506506089,20.076490161665493
2025-11-24 09:47:43.064041,21.786110053966787,55.55600831383878,9.371518934800527,65.48312316695824,20.037728102336455
2025-11-24 09:47:43.364041,21.77476188117412,55.32178718067514,9.241481193406877,65.66446902495473,20.12834318457055
2025-11-24 09:47:43.664041,21.699101134517278,55.02148403673762,9.054537913993087,65.92177428248759,20.02848050959009
2025-11-24 09:47:43.964041,21.894832815205376,54.72478563641698,8.90959047867279,66.11084675590794,20.042145856782113
2025-11-24 09:47:44.264041,21.837591046663437,54.70595619097252,8.84646731072252,65.764024091134,20.127379907446223
2025-11-24 09:47:44.564041,21.865133316243153,54.88460181274125,8.825817133064895,65.72062645976828,19.880658921714428
2025-11-24 09:47:44.864041,21.660585720643983,54.99398921346591,8.75435579927675,65.51470758849875,19.798774272672507
2025-11-24 09:47:45.164041,21.30314030276484,54.923109507790194,8.602046599736004,65.75652204167902,19.652451012486445
2025-11-24 09:47:45.464041,20.81270143841659,54.70317345004779,8.55578913221476,65.7374718593743,19.80991643708555
2025-11-24 09:47:45.764041,20.633220707136918,54.62085211377603,8.535717206770148,65.58278719336964,19.786610815136953
2025-11-24 09:47:46.064041,20.464111078014792,54.620498711226,8.537045708718253,65.75804699237214,19.562394243890463
2025-11-24 09:47:46.364041,20.603611128747552,54.49880835279146,8.706431606462303,65.4639410094732,19.599893025176236
2025-11-24 09:47:46.664041,20.876070441869143,54.22972806054553,8.5840946122806,65.24207066247472,19.60271976006201
2025-11-24 09:47:46.964041,20.978857122290574,54.303972873752635,8.65406403933124,65.19262704714305,19.67970996912747
2025-11-24 09:47:47.264041,21.11642939631987,54.329979801028976,8.862664927306884,64.98596718977903,19.8323808192449
2025-11-24 09:47:47.564041,20.78437073980688,54.507407992859875,8.884063965188277,64.99017207827303,19.654543153526756
2025-11-24 09:47:47.864041,20.64949872207819,54.33735859216393,8.637749649797616,64.77924235080165,19.240547271666312
2025-11-24 09:47:48.164041,20.723169351708428,54.28862193460011,8.580002542317361,64.81135478453841,19.039511631178147
2025-11-24 09:47:48.464041,20.60618273995007,54.27129797157874,8.396961546354456,65.0774012410683,18.799847448277934
2025-11-24 09:47:48.764041,20.29164837199962,53.969913546659356,8.22560798266142,65.08646212743604,18.954699349464544
2025-11-24 09:47:49.064041,19.94811870530346,54.129395365115286,8.180268876526853,65.00018118024654,18.655845859810743
2025-11-24 09:47:49.364041,19.803091734298178,54.25670045975946,8.191167338957788,64.70464331550198,18.806363579076475
2025-11-24 09:47:49.664041,19.78728452037961,54.40549634711543,7.992615551989413,64.68655725232118,18.868155352015
2025-11-24 09:47:49.964041,19.821391033815317,54.10804585024402,7.551599917396504,64.49062548432474,18.907222774657043
2025-11-24 09:47:50.264041,19.882191524488547,53.93497917161292,7.21492999579104,64.2996327067382,19.156209687010115
2025-11-24 09:47:50.564041,19.582541835862635,54.0235615489476,6.972998329816261,64.22644192807795,19.059323932866043
2025-11-24 09:47:50.864041,19.30875292394401,53.96526484361744,6.770057752813671,64.07052878433575,19.234685192369973
2025-11-24 09:47:51.164041,19.293531436359334,53.99281629204644,6.570810607993518,64.11177916763825,19.117111152781508
2025-11-24 09:47:51.464041,19.11425168510766,54.15403796023887,6.611902763023793,64.19952184786109,18.995853382202004
2025-11-24 09:47:51.764041,19.184400661675088,54.082202944519814,6.578911845176614,64.12994869305497,18.897250381209393
2025-11-24 09:47:52.064041,19.11115810312149,54.29658540758244,6.675211676556351,63.97351107852684,18.99717879839316
2025-11-24 09:47:52.364041,18.847858444419845,54.471923247415404,6.646914815253293,63.97310063827545,18.678942962182223
2025-11-24 09:47:52.664041,18.724363571298227,54.47476400297585,6.431317617432733,63.534090389344485,18.491754980646828
2025-11-24 09:47:52.964041,18.5774190007038,54.565220260645404,5.890034464776153,63.41749742234938,18.02443269077944
2025-11-24 09:47:53.264041,18.441616219319737,54.4696944252092,5.621180758491069,62.97713792765958,18.063433712253445
2025-11-24 09:47:53.564041,18.345880379660272,54.58990771482169,5.389156732171269,62.83448770134811,18.003843882301496
2025-11-24 09:47:53.864041,18.362408698686213,54.562084194731796,5.162661372493217,62.82311352704686,18.347355727564846
2025-11-24 09:47:54.164041,17.95075685115768,54.495351244496455,5.013055213635481,62.924109296298454,18.243381928919945
2025-11-24 09:47:54.464041,17.498351317741744,54.440328299661815,4.781019039568368,62.86468772011703,18.457978052407313
2025-11-24 09:47:54.764041,17.2728856395586,54.28897005833537,4.759142418336749,63.074540380275245,18.577231118354728
2025-11-24 09:47:55.064041,16.931345391293114,54.17843292663762,4.475838947584706,63.11513501347472,18.711358975904254
2025-11-24 09:47:55.364041,16.48273336540793,54.2054031900407,4.183326078218204,63.1079600666595,18.677685024618675
2025-11-24 09:47:55.664041,16.49404173888561,54.23580927501524,3.760805292016886,63.165180703606104,18.171108906205184
2025-11-24 09:47:55.964041,16.44336129148132,54.43392214256786,3.84717654615193,63.455243025276964,17.905755961790646
2025-11-24 09:47:56.264041,16.517578795335588,54.263870851210584,3.6543786888984098,63.64723487966182,17.77418261295208
2025-11-24 09:47:56.564041,16.42199590757002,54.07629039983301,3.7315635145210564,63.67390659961736,17.64214553568819
2025-11-24 09:47:56.864041,16.53374554268684,54.053912272379925,4.053291103712412,63.63342058103916,17.96159394512179
2025-11-24 09:47:57.164041,16.587144905993902,54.071209266803514,4.094523042568776,63.58354907419711,18.051787146342278
2025-11-24 09:47:57.464041,16.393864846519463,54.24704568134123,3.9322940182351838,63.470927708790306,17.94767647020063
2025-11-24 09:47:57.764041,16.40634659123183,54.52835322176929,3.8879901530052092,63.321011861433654,17.656838904399457
2025-11-24 09:47:58.064041,16.1781476716522,54.451186658059946,3.7585133988183403,63.18975236258694,17.371762366668573
2025-11-24 09:47:58.364041,16.122330958528806,54.44643937013214,3.343785445532183,63.266521878195014,17.278506839305727
2025-11-24 09:47:58.664041,16.058528251341055,54.432671425941514,3.0888774297367694,63.289450948432645,17.370054397805397
2025-11-24 09:47:58.964041,15.975099916983394,54.57983801937068,2.942834313291962,63.38479195603028,17.293049572998644
2025-11-24 09:47:59.264041,15.479257924985859,54.48343019657568,3.0263139903469582,63.50992260184202,17.4739005910205
2025-11-24 09:47:59.564041,15.117843682257314,54.521758485490125,2.839424292418461,63.61954131557672,17.557527727835744
2025-11-24 09:47:59.864041,15.309518101079368,54.84123424608481,3.049097170045644,63.72198372253185,17.615666609144732
2025-11-24 09:48:00.164041,15.161941173065104,54.64655509229482,3.0921272123407917,63.6411705170563,17.545230760342022
2025-11-24 09:48:00.464041,14.950738814414386,54.51943459498788,3.299325299297081,63.581170644334236,17.609683067605214
2025-11-24 09:48:00.764041,15.069095120097874,54.68695711057168,3.5158476819143596,63.598687084911624,17.5975339160052
2025-11-24 09:48:01.064041,14.905941737244719,54.79231781022086,3.5323755245956923,63.43568930153214,17.41049569014627
2025-11-24 09:48:01.364041,15.064179799959168,54.54889044690794,3.4275949918431095,63.18590441280808,17.377854791205483
2025-11-24 09:48:01.664041,15.197532351746263,54.30065217068202,3.4091834273663464,63.171953698696356,17.496110320500087
2025-11-24 09:48:01.964041,15.232693469210883,54.00202380325678,3.2693714604832707,62.8424097829643,17.524815910284705
2025-11-24 09:48:02.264041,15.146224874271299,53.889102738412205,3.3640528788453996,62.67223033480743,17.430317153762935
2025-11-24 09:48:02.564041,15.08956979420461,53.92558816218006,3.4158560573084618,62.586163101167394,17.08587640672484
2025-11-24 09:48:02.864041,15.118282079734923,53.948321319259485,3.4034275219427697,62.50810733891005,17.250285738189056
2025-11-24 09:48:03.164041,15.013815652051559,54.01712531764189,3.5523284076673516,62.52902689082879,17.25707182491889
2025-11-24 09:48:03.464041,14.976937264687681,53.921480747702894,3.7700748852142354,62.7042976621454,17.254621995954658
2025-11-24 09:48:03.764041,14.752477085180503,54.044503750078235,4.188748720575851,63.012720085459186,17.278932393646805
2025-11-24 09:48:04.064041,14.53472709287289,54.17434251110603,4.289817404171442,62.82002208766384,17.475097913139155
2025-11-24 09:48:04.364041,14.235113319638232,54.11078910290342,4.417178563234625,62.76286697449429,17.577319343919182
2025-11-24 09:48:04.664041,13.927451715179574,53.88794352924818,4.282075349848882,62.74450898339512,17.548367099417646
2025-11-24 09:48:04.964041,13.922518765083298,53.769250895779045,4.267508820998493,62.689133993218086,17.48276971608674
2025-11-24 09:48:05.264041,13.741210780490801,53.7648935625994,4.378061671518857,62.60262191889709,17.327327259668177
2025-11-24 09:48:05.564041,13.688346844275072,53.605315913132216,4.53790532392505,62.389967392523936,17.088215268208486
2025-11-24 09:48:05.864041,13.72194823555804,53.81634315065853,4.776137488981853,62.14219961726798,16.70228498038869
2025-11-24 09:48:06.164041,13.572666754108665,53.68586370680365,4.723072853576856,62.03255359296472,16.875761640372236
2025-11-24 09:48:06.464041,13.432759841555871,53.765802803405734,4.978109702456475,61.94161298741556,16.89913513481541
2025-11-24 09:48:06.764041,13.405577935917131,53.72819912329302,5.320495890089325,62.09613101582912,16.75297779585993
2025-11-24 09:48:07.064041,13.297719414252128,53.90455643365395,5.532980266791915,61.98517271537789,17.01773382409408
2025-11-24 09:48:07.364041,13.065294541188283,53.7146342081065,5.889297675671328,62.235668408677206,17.00391724260154
2025-11-24 09:48:07.664041,13.085848498490952,53.44644645844704,6.294811080225804,62.22718171207915,17.11436153926824
2025-11-24 09:48:07.964041,13.088131407122457,53.332092760943965,6.600618594893048,62.36251619121503,16.965285677088932
2025-11-24 09:48:08.264041,13.275645193532746,53.262877219106606,6.817757821214347,62.083896588010454,17.019798708513715
2025-11-24 09:48:08.564041,13.41987038970685,53.090256354507105,7.04927631888459,62.24553033530943,16.914658056126257
2025-11-24 09:48:08.864041,13.404653287443304,52.9413458193182,7.409482421463564,62.260730983355,16.849749044293922
2025-11-24 09:48:09.164041,13.411738684606012,52.863507788679684,8.00591769195758,62.156298686361026,16.75765483066522
2025-11-24 09:48:09.464041,13.402571066722427,52.97852738870793,8.338385220641335,62.15130983200141,16.40678715825227
2025-11-24 09:48:09.764041,13.634044190642177,52.88487342781993,8.79803034284356,62.52097721816089,16.512632527200516
2025-11-24 09:48:10.064041,13.958344875110498,52.58868266942657,9.05913477669181,62.738297919982365,16.563637476994906
2025-11-24 09:48:10.364041,14.169357468646472,52.68014807879531,9.10017307768875,62.69405898756279,16.8520287667312
2025-11-24 09:48:10.664041,14.037939757540052,52.75828458658253,9.250812574375356,62.66297816618897,16.797441140800668
2025-11-24 09:48:10.964041,14.082468469692964,53.028261327685634,9.249241472686538,62.6726397708122,17.071565555433033
2025-11-24 09:48:11.264041,14.07001145552528,53.248541491671624,9.493499637766973,62.56455028028857,16.682999640500846
2025-11-24 09:48:11.564041,13.916166087303939,53.08413036888033,9.471373877918484,62.23412481606921,16.874087169558543
2025-11-24 09:48:11.864041,14.177907030581324,53.02256854253787,9.854675035838996,62.07003116806999,16.60330205810845
2025-11-24 09:48:12.164041,14.144782330004912,52.92536579846688,10.229513388944252,62.11356680154576,16.553871944073848
2025-11-24 09:48:12.464041,13.940208508637111,52.61864425014453,10.634940770596502,61.7698841085435,16.205906544696134
2025-11-24 09:48:12.764041,14.109280924196327,52.52967093382811,11.222629495724902,61.673236325691505,15.982911447436877
2025-11-24 09:48:13.064041,14.06428431821049,52.375413325008616,11.808686883332243,61.776235457660576,15.729560750193595
2025-11-24 09:48:13.364041,14.16711056718613,52.32196899689179,12.343517861287294,61.95357511683862,15.622607062867756
2025-11-24 09:48:13.664041,14.344570634441753,52.33603489733412,12.399605041223342,62.153388695717545,15.44354684811924
2025-11-24 09:48:13.964041,14.454014859390778,52.892838831931364,12.501151668938602,62.00301036754261,15.591076682415514
2025-11-24 09:48:14.264041,14.725442144106106,52.98177668040477,12.909017280574028,62.00607282875035,15.747657900906946
2025-11-24 09:48:14.564041,14.809834593965467,53.04528205902916,12.929768691376642,61.719775525859845,15.825803336952394
2025-11-24 09:48:14.864041,14.785177425929406,53.15886220264155,13.356476089088964,61.52323168458194,15.798286778698845
2025-11-24 09:48:15.164041,14.740922658120079,53.34171060792914,13.597023803821594,61.185848180726836,15.730544374136386
2025-11-24 09:48:15.464041,14.659047968532482,53.30971589333808,14.069929560859874,61.178018432864405,15.449966246529714
2025-11-24 09:48:15.764041,14.69385881854476,53.203507331711926,14.433803050711836,61.32242175562849,15.55389665862126
2025-11-24 09:48:16.064041,14.397950834092525,53.24554232593445,14.499587981742268,61.48233101576488,15.546877841948563
2025-11-24 09:48:16.364041,14.450987918803788,53.21318334170969,14.479218078102132,61.53901365165102,15.526063929002907
2025-11-24 09:48:16.664041,14.569394865267707,53.10525851576432,14.42076353600501,61.716295988596464,15.353057483224765
2025-11-24 09:48:16.964041,14.589273407346639,52.85220536804518,14.391776131883024,61.71672310613752,15.210083034986853
2025-11-24 09:48:17.264041,14.415205113091947,52.84103725268836,14.667561915771202,61.69654308945757,15.023408393067692
2025-11-24 09:48:17.564041,14.262402468670444,52.759334581443376,14.879973260146363,61.60250483297979,14.87723093029354
2025-11-24 09:48:17.864041,14.201003066867564,52.69526148630236,15.414174077073287,61.427556207174455,15.1128822629462
2025-11-24 09:48:18.164041,14.233507356181333,52.649784716996756,15.81364181442144,61.36892649982416,15.198438458709221
2025-11-24 09:48:18.464041,14.099693011398381,52.3835944948358,16.085793138087915,61.457455350979146,15.173073821905076
2025-11-24 09:48:18.764041,14.119045687853369,52.602832612833744,16.386576987476424,61.35311830038709,15.225151937251601
2025-11-24 09:48:19.064041,14.264598332609054,52.60392760702771,16.62393028240549,61.51215553032369,15.380913979714165
2025-11-24 09:48:19.364041,14.533243351345844,52.64579976405896,16.83746875485642,61.56067801398624,15.659020112374877
2025-11-24 09:48:19.664041,14.419723113641751,52.56357480584436,16.92046588814493,61.52477307092154,15.856654209824322
2025-11-24 09:48:19.964041,14.309075537303658,52.464637920239056,16.730671194382833,61.292671730802205,15.720864018389616
2025-11-24 09:48:20.264041,14.053434113992163,52.65349817832389,16.84732382526784,60.97675345868229,15.85586053209925
2025-11-24 09:48:20.564041,14.016826689328234,52.91501465601412,17.00322748658459,60.944579138026846,15.805180179098098
2025-11-24 09:48:20.864041,14.00013006445585,52.83674644957747,17.3162476027408,60.99443150078826,15.56038866077581
2025-11-24 09:48:21.164041,14.18107245105422,52.977062763855706,17.20791373569025,60.905800081946204,15.332644568100175
2025-11-24 09:48:21.464041,14.243379198328938,52.99726054032642,17.260376710267835,60.672488624513,15.038622789354976
2025-11-24 09:48:21.764041,14.179790783617296,52.98680311037726,17.343173274391095,60.35897951438091,14.882591703440896
2025-11-24 09:48:22.064041,14.019159149718561,52.879883668490464,17.523320729552953,60.22175652579775,14.670709632953063
2025-11-24 09:48:22.364041,13.914257649423009,52.86330667696711,17.779956357414605,60.3497060846501,14.848894527752073
2025-11-24 09:48:22.664041,13.908893628128526,52.86413622781484,17.958207589132698,60.374312070248195,14.72314385327932
2025-11-24 09:48:22.964041,13.864703560819425,52.72459247413802,17.93926767368711,60.28269099244832,14.49284326886643
2025-11-24 09:48:23.264041,13.774868966453086,52.44103865116968,18.006682391004478,60.206992979872425,14.483036794610731
2025-11-24 09:48:23.564041,13.638735087112398,52.23854796370193,17.990604953457233,60.22695143487175,14.250744746488786
2025-11-24 09:48:23.864041,14.000927108780502,52.25607728899603,17.87318825304208,60.40822939472778,14.751258891096441
2025-11-24 09:48:24.164041,13.915081265657204,52.40960565979379,17.691286517235365,60.33001548075016,14.816320263711306
2025-11-24 09:48:24.464041,13.787811793780524,52.56067676369132,17.661045633792067,60.32861589673064,15.011674676846336
2025-11-24 09:48:24.764041,13.75006223112896,52.53574400705467,17.550855353784545,60.06594725019699,14.820939299884074
2025-11-24 09:48:25.064041,13.426229534904811,52.4554158678724,17.24896785277385,59.710367336779576,14.486209576639817
2025-11-24 09:48:25.364041,13.144095511595378,52.45808320973043,16.947573387248305,59.70049406436394,14.309962328139838
2025-11-24 09:48:25.664041,12.980477128069932,52.298604344774816,16.828156734138727,59.76225455484033,14.315484845405123
2025-11-24 09:48:25.964041,12.922695919646724,52.3130368294099,16.740194896768315,59.88031436507102,14.48561006819817
2025-11-24 09:48:26.264041,12.690582921551718,52.25870177400286,16.540649091255485,60.09774537286457,14.527152055750134
2025-11-24 09:48:26.564041,12.606153494195992,52.52688730112956,16.799087897057333,60.051340262473325,14.59969903229678
2025-11-24 09:48:26.864041,12.36393977185852,52.73762998135712,16.938289322698317,60.06688428322258,14.821212935167937
2025-11-24 09:48:27.164041,12.275963991392036,52.65548910633554,17.145700388968848,60.046996116783,15.119132625033311
2025-11-24 09:48:27.464041,12.232742748778733,52.59242015501484,17.031191491622877,60.0724095537731,15.038699265462192
2025-11-24 09:48:27.764041,12.338744265759988,52.6684859194746,17.03427760716015,59.99043898416648,14.943375894686802
2025-11-24 09:48:28.064041,12.15538354969033,52.68615271656868,16.853283752485503,59.7201640214546,14.79954908942329
2025-11-24 09:48:28.364041,12.02232340467695,52.76334078398853,16.706265213218643,59.50199130244232,14.570550348991123
2025-11-24 09:48:28.664041,11.785217556775736,52.798580912678275,16.57508922696701,59.47114857165931,14.192755938722305
2025-11-24 09:48:28.964041,11.406712807750655,52.85941683013485,16.407190624906065,59.30193681232311,14.09617930695777
2025-11-24 09:48:29.264041,11.030914392793605,52.69258596226302,16.053424771898317,59.25397360413508,14.14691756158436
2025-11-24 09:48:29.564041,10.610685470684016,52.56429963926548,16.04768384018097,59.381438400253586,13.960740514442024
2025-11-24 09:48:29.864041,10.457992742196913,52.40992521130917,15.92362572999548,59.37088224302444,13.99768195710384
2025-11-24 09:48:30.164041,10.506183317877287,52.45894888986874,15.914616347103587,59.131332108564244,13.973455339095189
2025-11-24 09:48:30.464041,10.318229928074748,52.132702901532284,15.945479880706374,59.35076091001767,14.038059625492078
2025-11-24 09:48:30.764041,10.266046827682068,52.237966487918754,16.151622567504894,59.315538640304915,14.23695798659854
2025-11-24 09:48:31.064041,10.15311672063451,52.50669890125857,16.06305454336306,59.14726275010778,14.259660739335395
2025-11-24 09:48:31.364041,10.073960223589141,52.87523057889526,15.85158866317401,59.13472645246453,14.63461697304391
2025-11-24 09:48:31.664041,9.956507518533561,53.12522773654523,15.93810343346146,58.91207887606668,14.506282482823892
2025-11-24 09:48:31.964041,10.099483831938135,53.13252013860432,15.762179783663557,58.730110596418676,14.407171304397243
2025-11-24 09:48:32.264041,9.989632314330278,53.006287907407994,15.74407712475055,58.75636500435875,14.22752470929021
2025-11-24 09:48:32.564041,10.023888608973028,52.89697540302204,15.748962621385074,58.82170320520343,14.350046212267824
2025-11-24 09:48:32.864041,9.920287262794488,53.02430867615434,15.663402859471256,59.1310444098055,14.114001989213888
2025-11-24 09:48:33.164041,9.897860048142135,53.29498678989714,15.409380689969147,59.12388325278214,13.866095838053383
2025-11-24 09:48:33.464041,9.649822365150454,53.038407306245475,15.040077154257284,59.0469734900036,13.86373032301361
2025-11-24 09:48:33.764041,9.602513478437832,53.04729331527332,14.884118739731147,58.97086424687484,13.960218680593183
2025-11-24 09:48:34.064041,9.300082396062024,52.84784549756648,14.894915052669958,59.093134168969236,14.01395388557834
2025-11-24 09:48:34.364041,9.302792962057893,52.87504336642655,15.090029945637479,59.19507347612502,14.404366091226239
2025-11-24 09:48:34.664041,8.947623446583062,52.73641654552011,15.004940727300392,59.249938390076885,14.607011762282937
2025-11-24 09:48:34.964041,8.964790492635396,52.3376220584982,14.96879864094612,59.12018265640182,14.935324302434214
2025-11-24 09:48:35.264041,8.940882263901925,51.965186050359236,14.825936497730806,59.26882918492424,14.920238348741355
2025-11-24 09:48:35.564041,8.646861088088132,51.60525961366879,14.689571734651235,59.41789769528703,14.760338617576345
2025-11-24 09:48:35.864041,8.52307079026523,51.71355388510374,14.60361160926474,59.33355067918181,14.537229090521807
2025-11-24 09:48:36.164041,8.197736883882285,51.7858348224292,14.677855071438959,59.28163525136674,14.271959033092953
2025-11-24 09:48:36.464041,8.102297469286077,52.02171780019704,14.690886500984861,59.168225024949145,13.762185976927613
2025-11-24 09:48:36.764041,8.014281687702873,51.93494640411993,14.688326568880244,58.919321112637164,13.533051021870685
2025-11-24 09:48:37.064041,7.88071045560817,51.93001412025533,14.547072792635266,58.752524689449274,13.48188341948706
2025-11-24 09:48:37.364041,7.965957042338655,52.06589420915273,14.300828931593971,58.56737642373867,13.369584777353644
2025-11-24 09:48:37.664041,7.938220409082886,52.1750327046584,14.01592692423519,58.22093947213879,13.388108517400251
2025-11-24 09:48:37.964041,7.695371125892941,52.55976800886737,13.685107934440305,58.24706299685139,13.472343094417452
2025-11-24 09:48:38.264041,7.7294254906481195,52.70194227367804,13.350342784855382,58.546816010449575,13.419784932143648
2025-11-24 09:48:38.564041,7.6707320845728315,53.135485726554045,13.073150117727932,58.48509338675199,13.59956692039447
2025-11-24 09:48:38.864041,7.496220875354076,53.16459847635364,12.844158995815336,58.588929608288524,13.57866520208344
2025-11-24 09:48:39.164041,7.347519133251355,53.397317618634005,12.654647796748895,58.494608389879964,13.515674344790112
2025-11-24 09:48:39.464041,7.047315974461442,53.27583409773224,12.705904395898132,58.43778252129906,13.772660890515635
2025-11-24 09:48:39.764041,6.840689357455954,53.20607607138088,12.815168629117428,58.39049953195693,13.416963373400325
2025-11-24 09:48:40.064041,6.627744816472342,53.21997186322723,12.72986769084109,58.38080560903871,13.22822763988296
2025-11-24 09:48:40.364041,6.6004817215799445,53.18849350316548,12.554232158494411,58.181606547490524,12.98682181521881
2025-11-24 09:48:40.664041,6.287778805102077,52.99618838922635,12.12288240800478,58.352483102027925,12.860774530152213
2025-11-24 09:48:40.964041,6.168054975693441,53.06032322237187,11.792326266131434,58.59026903212882,12.749220224227352
2025-11-24 09:48:41.264041,6.100449282835612,53.06241208393577,11.495537093758108,58.88592303027902,12.699709451782944
2025-11-24 09:48:41.564041,6.264413985308375,52.946877990996484,11.563496902454686,58.80355506157943,12.84473988866656
2025-11-24 09:48:41.864041,6.089863264185873,52.892243442749574,11.718390480727061,58.80334177702428,13.234111468130184
2025-11-24 09:48:42.164041,5.985080486582491,52.78415666700502,11.877283002850842,58.55237669409889,13.35807136885716
2025-11-24 09:48:42.464041,6.024828584341499,52.68837096989345,11.82510392381883,58.31964764484427,13.854426682959627
2025-11-24 09:48:42.764041,5.928259037608032,53.03771566442642,12.110525977112978,58.22768757977627,14.115582839905134
2025-11-24 09:48:43.064041,5.385293532931387,52.87040360756564,12.239717247730203,58.0866910430127,13.832584030229484
2025-11-24 09:48:43.364041,5.276889742375721,52.973437606464266,12.163824758766214,58.426865278667975,13.831683493162034
2025-11-24 09:48:43.664041,5.264902426548224,52.82417858402132,11.924367193065502,58.50660088598878,13.595036853663961
2025-11-24 09:48:43.964041,5.290686960528592,52.71050272652831,11.391137472659183,58.634512484218824,13.727969273873393
2025-11-24 09:48:44.264041,5.369712799416053,52.44105611772798,11.13782037869071,58.347404532038475,13.87879931920915
2025-11-24 09:48:44.564041,5.436063749115936,52.57108132990999,11.040904323010219,58.357793280265774,14.01381202285088
2025-11-24 09:48:44.864041,5.382441003493181,52.530472453319085,11.153857827311693,58.18512513352196,14.371258358687543
2025-11-24 09:48:45.164041,5.281985692293725,52.47810838751022,11.358688350047437,58.30208892999332,14.194267626149266
2025-11-24 09:48:45.464041,5.2187946126761675,52.31703892243563,11.594968057142111,58.36220238115044,14.361287697247262
2025-11-24 09:48:45.764041,4.83556695146686,52.22670382971158,11.409865097936635,58.465586740806664,14.4888977998176
2025-11-24 09:48:46.064041,4.702096849699701,52.37680877419131,11.376455336522504,58.73507343560833,14.51583067342111
2025-11-24 09:48:46.364041,4.621055919411338,52.06720273371846,11.139045738818174,58.680482832850494,14.494679985113864
2025-11-24 09:48:46.664041,4.640119482646826,51.936673700822695,10.999099637031957,58.70179228569382,14.559526128520751
2025-11-24 09:48:46.964041,4.564254660599454,52.032437607741876,11.16799610553107,58.60375728712024,14.663491584227124
2025-11-24 09:48:47.264041,4.421548732604164,52.02856944819807,11.04475082192168,58.20668942249313,14.394504744256542
2025-11-24 09:48:47.564041,4.356383430214338,52.04482561771879,10.892082678562154,58.0791217288359,14.20743999556533
2025-11-24 09:48:47.864041,3.899179691247455,52.44000455355761,10.63005147537317,57.750436717791,14.035421544732678
2025-11-24 09:48:48.164041,3.6409699546589893,52.69544876395526,10.234737383111453,57.578088045429304,13.846520093590506
2025-11-24 09:48:48.464041,3.4930860602460836,52.807369087095346,9.780106798014817,58.03501551503007,13.709405619515037
2025-11-24 09:48:48.764041,3.351784440866209,52.913157475889655,9.23664165844773,58.26515572407408,13.322952877230337
2025-11-24 09:48:49.064041,3.425488576697704,53.06691304211953,8.661788110506189,58.4101678304736,13.49913164125234
2025-11-24 09:48:49.364041,3.460630706376372,53.0183566901639,8.412841158406838,58.27009615614677,13.60056405143574
2025-11-24 09:48:49.664041,3.682366870751264,52.863318403084136,8.508281365551882,58.33596749111683,13.501471778309842
2025-11-24 09:48:49.964041,3.617675412435172,52.67269565513129,8.506422445839,58.19454824549493,13.541425197076638
2025-11-24 09:48:50.264041,3.5777021780316174,52.456830819159656,8.282868091904755,58.307234303537086,13.634058174754111
2025-11-24 09:48:50.564041,3.5995757076356334,52.467128956552465,8.201330933957832,58.34730387432766,13.60765007139571
2025-11-24 09:48:50.864041,3.6505127515415134,52.59116877875386,8.08928545513392,58.40741621240615,13.955429858361398
2025-11-24 09:48:51.164041,3.546903818917067,52.72299692244057,8.244923675380262,58.44556874170834,13.764414578485413
2025-11-24 09:48:51.464041,3.4943625934406364,52.66674631824198,8.106075083635734,58.65071196742063,13.478953725024665
2025-11-24 09:48:51.764041,3.5426679487518564,52.52347737886836,8.178336106351384,58.7609586571411,13.360428144319744
2025-11-24 09:48:52.064041,3.2552437800014684,52.694423515909705,8.23943492165227,58.75566574461279,13.465124146429204
2025-11-24 09:48:52.364041,3.0236794810514644,52.81580559519185,8.025298876403385,58.732579719703246,13.691141840169202
2025-11-24 09:48:52.664041,2.7774556103743344,52.820515487929875,7.870478297476032,58.62472132730972,13.968868315517698
2025-11-24 09:48:52.964041,2.6013866285359355,52.94571716234757,7.558782322456744,58.4051852057358,14.195622825110174
2025-11-24 09:48:53.264041,2.441752013840425,52.96045126729057,7.12635701846658,57.93324896108893,14.310996940772485
2025-11-24 09:48:53.564041,2.3288858195069477,53.19196427479377,6.816587466386938,58.00954533611296,14.214448199167759
2025-11-24 09:48:53.864041,2.3968666118839015,53.116414209386015,6.602861304064162,57.80580630820974,14.256296394712866
2025-11-24 09:48:54.164041,2.258332027181482,53.36494345965804,6.523340289589756,57.712245047101405,13.943621645091623
2025-11-24 09:48:54.464041,2.1731390416755225,53.29345569283581,6.635612625326676,57.859068991886865,14.074669015673859
2025-11-24 09:48:54.764041,2.263129745263715,53.05168726948449,6.5974827129358005,57.99770108178094,14.264991102604267
2025-11-24 09:48:55.064041,2.4412905746497944,52.99675846159869,6.434854238405517,58.01350408903441,14.341220530623223
2025-11-24 09:48:55.364041,2.3720469465050495,52.787892594423475,6.2640448078324695,57.967345898164744,14.0616970796676
2025-11-24 09:48:55.664041,2.3606021767493264,52.80830108477897,5.9989280031019145,57.666649911439215,14.104752573219075
2025-11-24 09:48:55.964041,2.31156595246307,52.77139888821617,5.913412639111412,58.09308352638001,14.023745435076084
2025-11-24 09:48:56.264041,2.1798057851405797,52.96234196405296,5.725007493896124,58.098039755762414,14.040465591218295
2025-11-24 09:48:56.564041,2.348766063012643,53.18160697800123,5.722404001132751,57.87214329500519,13.979339330723674
2025-11-24 09:48:56.864041,2.43261686531768,53.28581688892274,5.521226264390181,57.69756669803487,14.1042845397892
2025-11-24 09:48:57.164041,2.4616947622013114,53.33262683723828,5.328921261829451,57.72761705734107,14.007843339986273
2025-11-24 09:48:57.464041,2.393561039702212,53.22642043703546,5.184173029526988,57.64635921550766,13.987855835265995
2025-11-24 09:48:57.764041,2.3533758487660754,53.47014288190416,4.504884290766724,57.46549330321368,13.909315846861606
2025-11-24 09:48:58.064041,2.5279890238450626,53.43697397482227,4.353713364648531,57.641434313272455,14.193843428845973
2025-11-24 09:48:58.364041,2.4316164267198133,53.32983227780991,4.121202836240524,57.36546396833325,14.245124796219857
2025-11-24 09:48:58.664041,2.4418542078404246,53.43681031254375,3.9841714609849377,57.23870961131888,14.448503480121305
2025-11-24 09:48:58.964041,2.5334843216224963,53.17396433024497,3.726235228627918,57.318327428873,14.520001850754165
2025-11-24 09:48:59.264041,2.2930404893421414,53.1404012768781,3.535519280711192,57.474934818649466,14.825426003343118
2025-11-24 09:48:59.564041,2.132688819865176,52.973787245587026,3.3744845835225226,57.50134326670001,14.881707530431108
2025-11-24 09:48:59.864041,2.014394755154094,53.11519564494294,3.5195575280219993,57.429467937688074,14.97874467583864
2025-11-24 09:49:00.164041,1.6836440468898615,53.600577306939215,3.2207037871552604,57.26789097974127,15.198602738560089
2025-11-24 09:49:00.464041,1.6059056079726077,53.850822744858334,2.810335650152961,57.06727322565741,15.033179633153262
2025-11-24 09:49:00.764041,1.6459230528522502,53.951004485694654,2.369430475800395,56.78527739975047,14.927072986320086
2025-11-24 09:49:01.064041,1.716001959717422,54.01682408710163,1.8642668865907897,56.26623724799749,14.987590816478939
2025-11-24 09:49:01.364041,1.6105684153439939,53.9143523977183,1.8012840960947905,56.156325356428425,15.207100290708842
2025-11-24 09:49:01.664041,1.5562864832729675,54.06882015921794,1.6259445221297004,56.1573753107167,15.147656490930224
2025-11-24 09:49:01.964041,1.4595975317713483,54.43510387582481,1.5652120737702395,55.984076984194076,15.05811482470289
2025-11-24 09:49:02.264041,1.43683157580905,54.69625568554325,1.3584869486064035,56.014054956945984,14.890863881390352
2025-11-24 09:49:02.564041,1.539395616919018,55.04848158782153,1.182282933795738,56.162269818041985,14.953327031567673
2025-11-24 09:49:02.864041,1.562679406032548,54.84640875800657,0.8816254358066546,56.24885644806238,14.898679923973871
2025-11-24 09:49:03.164041,1.7018608825494554,54.77842298109609,0.7133663238453987,56.59967439315313,14.977341699881967
2025-11-24 09:49:03.464041,1.656441877815002,54.820989974213866,0.5984072474330305,56.62151092737547,15.226431873086064
2025-11-24 09:49:03.764041,1.7261243208496007,54.846868875785724,0.5679087162257167,56.54428401955443,15.301683467769928
2025-11-24 09:49:04.064041,1.5881019390857385,54.49007957639829,0.16274652820692942,56.465091962087534,15.569176750872941
2025-11-24 09:49:04.364041,1.6135463893196231,54.343059535449974,0.05483301497306574,56.38994062986267,15.542193873118306
2025-11-24 09:49:04.664041,1.3308432435635607,54.157821807846254,0.0,56.286692959770726,15.55827924367435
2025-11-24 09:49:04.964041,1.363153841821545,54.2560882207488,0.0,56.377461701412074,15.54519793682073
2025-11-24 09:49:05.264041,1.3206050821957578,53.970204432097134,0.0,56.358978206405766,15.404511278105762
2025-11-24 09:49:05.564041,1.306984299629034,54.15991213499176,0.0,56.30693928304586,15.16455493322876
2025-11-24 09:49:05.864041,1.0932253455752106,54.48520491218219,0.0,56.14190649377223,15.331349243876288
2025-11-24 09:49:06.164041,1.0757555477666876,54.59019526359473,0.0,56.1693786286522,15.118659611913897
2025-11-24 09:49:06.464041,1.0308288288443657,54.67400362318821,0.0,56.03425000723374,15.282303469900443
2025-11-24 09:49:06.764041,0.93455293672764,54.620671764262134,0.0,55.90123204825278,15.226319859133074
2025-11-24 09:49:07.064041,1.0898916611213816,54.494798894248,0.0,55.92630512287899,15.313690405001399
2025-11-24 09:49:07.364041,1.202279315465896,54.506831140537415,0.0,55.77091667359829,15.425042334393389
2025-11-24 09:49:07.664041,1.407997345131164,54.49955910208735,0.0,55.997456930198936,15.545435319088739
2025-11-24 09:49:07.964041,1.7974103224593134,54.62583535832756,0.0,56.088745127590855,15.57118871913766
2025-11-24 09:49:08.264041,1.847047722219904,54.361335381783256,0.0,56.181771519280844,15.792561916951964
2025-11-24 09:49:08.564041,1.884583894751458,54.78328274765837,0.0,56.27262681658522,15.651340104191402
2025-11-24 09:49:08.864041,1.8843207834432336,55.07053040345876,0.0,56.38092907204433,15.510899489947615
2025-11-24 09:49:09.164041,1.7002304804925592,55.3100372257784,0.0,56.336950751336836,15.40268656560895
2025-11-24 09:49:09.464041,1.4681054613648263,55.208808387718825,0.0,56.327547471238915,15.358771505603556
2025-11-24 09:49:09.764041,1.154216491850368,55.037724605737424,0.0,56.46736178184311,15.16233878132294
2025-11-24 09:49:10.064041,0.6688643402915523,55.100386897681645,0.0,56.52384759918631,15.147416215807288
2025-11-24 09:49:10.364041,0.42083291153014285,54.73440514780638,0.0,56.34791168185777,15.268652619118086
2025-11-24 09:49:10.664041,0.1709176143292519,54.61576613424949,0.0,56.196099585554165,15.215640404071241
2025-11-24 09:49:10.964041,0.1815237922433963,54.554848010454265,0.0,56.126733535266816,15.11437456840432
2025-11-24 09:49:11.264041,0.176340245301569,54.4489670258962,0.20948848722501784,55.90910757454936,15.127416062000854
2025-11-24 09:49:11.564041,0.3304077734959063,54.62682590646278,0.465415380149875,55.98385575703097,14.9714066314032
2025-11-24 09:49:11.864041,0.6888040471581149,54.69743062308515,0.7335190259099269,56.34010501268922,14.563209728671255
2025-11-24 09:49:12.164041,0.8257882335433104,54.595426319300664,0.9112194716075823,56.705175186799536,14.262365465984459
2025-11-24 09:49:12.464041,0.7862559670603892,54.30659496359166,1.2601466542644864,56.469080884063224,14.157856856560999
2025-11-24 09:49:12.764041,0.6384926211738859,54.22105183997394,1.4009286605493112,56.32847191695192,13.955928011226653
2025-11-24 09:49:13.064041,0.6981397290586817,54.2420698888049,1.4644137951843463,56.18836818002698,14.214907754534103
2025-11-24 09:49:13.364041,0.27817465904477073,53.95888056166346,1.5116460602214619,55.82727628290446,14.294732129307045
2025-11-24 09:49:13.664041,0.1802728760808116,54.07989743323413,1.610842740185565,55.94955042878252,14.258808592168615
2025-11-24 09:49:13.964041,0.0,54.379387497066254,1.6448491216056316,55.806430754907225,14.228529337983192
2025-11-24 09:49:14.264041,0.0,54.50354396455037,1.871857220855108,55.83898232354454,14.306787100612627
2025-11-24 09:49:14.564041,0.0,54.688647612273,2.0696501220771486,56.10571684196263,14.206214954576335
2025-11-24 09:49:14.864041,0.0,54.77440845882268,2.207673354332571,56.42104839441771,14.138325352442942
2025-11-24 09:49:15.164041,0.0,54.80982555688127,2.1949321714694556,56.27102682455756,14.130001234930704
2025-11-24 09:49:15.464041,0.0,54.59786762352172,2.424930504835399,56.46352478101797,14.130806024902716
2025-11-24 09:49:15.764041,0.0,54.5054379404719,2.3399857763308916,56.23372815411884,13.89300490787085
2025-11-24 09:49:16.064041,0.0,54.53088232350866,2.488600513010816,56.12895575869564,13.853153100369514
2025-11-24 09:49:16.364041,0.0,54.38548006704639,2.5910106475086856,55.86374282796289,13.747973447980787
2025-11-24 09:49:16.664041,0.05479511187162839,54.232887606520926,2.6077589976521125,55.758076105304234,13.62317438101658
2025-11-24 09:49:16.964041,0.0,54.1088541633878,2.7840472122230984,55.53024709352317,13.36559791598243
2025-11-24 09:49:17.264041,0.05975020040613713,54.04277538430263,2.9797530662648555,55.7150091914096,13.311727435204133
2025-11-24 09:49:17.564041,0.3040948242071466,53.60140951805048,3.278040563779994,55.84904636300143,13.508537990298544
2025-11-24 09:49:17.864041,0.27863628556693126,53.58152473102047,3.656738587644913,55.82671938741393,13.642814695671003
2025-11-24 09:49:18.164041,0.3529121350836071,53.564755083660344,4.179795863038012,55.77751165716707,13.861874308702438
2025-11-24 09:49:18.464041,0.2909103685495917,53.60051400289969,4.621621381443423,55.843630357033625,13.927046143686876
2025-11-24 09:49:18.764041,0.04946741876244909,53.76376595543127,4.957356914772885,55.713622963581365,13.93487884813936
2025-11-24 09:49:19.064041,0.0,53.98644107160451,5.36282940686666,55.87203856250564,13.870457766072983
2025-11-24 09:49:19.364041,0.0,54.182429952450946,5.727899221750043,55.897743823884745,14.059629270512463
2025-11-24 09:49:19.664041,0.030148479259631485,54.44834251116071,6.174781758887521,56.01697298024905,14.119997422534576
2025-11-24 09:49:19.964041,0.09686476104088762,54.3133097494567,6.744533195990517,56.147696931675114,14.4800951461703
2025-11-24 09:49:20.264041,0.1946286964015056,54.612282954032345,7.235614719879604,56.499630863836614,14.390705030533107
2025-11-24 09:49:20.564041,0.24066075812224938,54.673980503427174,7.330612981421591,56.38655440142373,14.449623530674232
2025-11-24 09:49:20.864041,0.39752296372926654,55.12548894709711,7.587399394940597,56.17105817167098,14.11884094109459
2025-11-24 09:49:21.164041,0.3293393248688748,55.126047621090265,7.81457105337219,56.23973573960469,13.799735014658825
2025-11-24 09:49:21.464041,0.20976646683893893,55.15006056225123,8.249638645402255,56.26477268806775,13.732069001810583
2025-11-24 09:49:21.764041,0.3408776412756671,55.09373169752332,8.607559776840066,56.218964591375844,13.692421968633601
2025-11-24 09:49:22.064041,0.27089214821597074,55.03267595709403,8.940689397366334,56.02864414905217,13.76790544247276
2025-11-24 09:49:22.364041,0.41079636546862613,54.98662290832504,9.500834318966318,56.2892233351372,14.051405272246669
2025-11-24 09:49:22.664041,0.3813512608085059,55.01648249514226,10.177756446970328,56.46120783671439,13.884964617208064
2025-11-24 09:49:22.964041,0.31522214799525716,54.8443240063771,10.90681676935441,56.34134345008584,13.81434429768905
2025-11-24 09:49:23.264041,0.28446821793748034,54.71896959068522,11.35268786629576,56.605058170592244,13.861031619722702
2025-11-24 09:49:23.564041,0.41808299460384585,55.1323694556353,11.656364198209333,56.55981207765554,13.834270354603468
2025-11-24 09:49:23.864041,0.6057872592860367,55.218510979216546,11.770309962256452,56.450787077607394,14.054825778209377
2025-11-24 09:49:24.164041,0.6924303560017424,55.46695315839937,11.823197184225327,56.43632031658925,14.179164896128006
2025-11-24 09:49:24.464041,0.8831496347973313,55.347099777823715,11.618751931747848,56.45062107214089,14.679249923899896
2025-11-24 09:49:24.764041,0.7921648719060026,55.19894389622888,11.765811058544694,56.48913650577647,15.05500937245749
2025-11-24 09:49:25.064041,1.1497762211453717,55.14094992454633,11.76079609956053,56.46005209262293,15.39085900446364
2025-11-24 09:49:25.364041,1.0821286100311915,55.22949837190602,11.766451654458956,56.355511264678995,15.51586525847515
2025-11-24 09:49:25.664041,0.9736017528552012,55.60380112814578,12.219499986822058,56.51019251682778,15.485040048885072
2025-11-24 09:49:25.964041,1.0296262819290185,55.4652042714997,12.534004119355908,56.527881931294,15.566999519137797
2025-11-24 09:49:26.264041,0.9453153955252702,55.503279715877625,12.745120591686106,56.6350681138145,15.435163256748766
2025-11-24 09:49:26.564041,0.8730966423553963,55.337780708442025,12.588555838525757,56.492074226734275,15.108999956553642
2025-11-24 09:49:26.864041,0.7427518383571421,55.70423118118803,12.42447355170949,56.33591398726927,15.090740435467113
2025-11-24 09:49:27.164041,0.5973712006945742,55.751782706836266,12.740876543150375,56.12469228580248,15.117820008388296
2025-11-24 09:49:27.464041,0.8398588826900987,55.86231468379998,12.846810237403627,55.947426102508224,15.022770193401724
2025-11-24 09:49:27.764041,1.2149461858965496,55.55047373133801,13.143171313722043,56.0583839323963,15.190677414533356
2025-11-24 09:49:28.064041,1.4752281033373396,55.45643479888666,13.43413951820559,55.846754407015936,15.389926343796697
2025-11-24 09:49:28.364041,1.2484091752439384,55.30223891859724,13.913947236745189,56.02067464209964,15.627565566093205
2025-11-24 09:49:28.664041,1.0825677184796607,55.04672037618566,14.232887750259296,56.09603380521373,15.68637281917297
2025-11-24 09:49:28.964041,1.1538110365288448,54.9197500467266,14.30887018434268,56.12574017109942,15.647366556713884
2025-11-24 09:49:29.264041,1.3100953068720138,54.88129271937537,14.589806308008358,56.20226217625919,15.723344085675018
2025-11-24 09:49:29.564041,1.2848477080248868,54.97952105496123,14.664530367191919,56.08689278768263,15.698859635057518
2025-11-24 09:49:29.864041,1.2981643337419828,55.206373160922254,14.742102606673525,56.05265209432152,15.30122617721839
2025-11-24 09:49:30.164041,1.1823439746211017,55.25477206258181,14.682468665456666,56.2557078427847,15.21511996404523
2025-11-24 09:49:30.464041,1.3187855989165036,55.39748674317398,14.650678900901184,56.36455512256783,15.205385237294077
2025-11-24 09:49:30.764041,1.4801949434132393,55.6126237811227,14.595474841549718,56.30221924234613,14.904518785683967
2025-11-24 09:49:31.064041,1.8489980728586934,55.58479292416223,14.267844109133165,56.634773051910436,15.119169674840371
2025-11-24 09:49:31.364041,2.093017970977098,55.59831760845793,14.052757427278623,56.79473181436471,15.223147392848093
2025-11-24 09:49:31.664041,2.4490894906953926,55.55990573349811,14.095183150204615,56.75324869136629,15.478897899393552
2025-11-24 09:49:31.964041,2.4761687668604107,55.483788641951016,14.25193307878927,56.849496466308736,15.718416549723694
2025-11-24 09:49:32.264041,2.383781282601018,55.22282586740752,14.235035891341274,56.838970028497776,15.97855732447925
2025-11-24 09:49:32.564041,2.3604006276008973,55.02986891800894,14.47508102673049,56.84998740501579,16.067737771759756
2025-11-24 09:49:32.864041,2.4420632326713405,55.02338424739506,14.66982497604488,56.33756756780621,15.9684501252357
2025-11-24 09:49:33.164041,2.5117825759539554,55.09288844828623,14.798199221881239,56.507390485462984,15.874987037272625
2025-11-24 09:49:33.464041,2.8064960182932257,54.92726495833108,14.704294240247547,56.25382182508572,15.817926839335714
2025-11-24 09:49:33.764041,3.0441044890346416,55.122059299647205,14.2020316702346,56.40935808414475,15.752549612643675
2025-11-24 09:49:34.064041,3.339894830874748,55.05885565950974,14.003119630931916,56.58474625712524,16.08716984059589
2025-11-24 09:49:34.364041,3.364363157519796,55.164923912222136,13.772746944707277,56.95094907410719,16.02888180371475
2025-11-24 09:49:34.664041,3.385723795850917,55.41822788539707,14.205874092906742,57.10966589949166,16.058717108300485
2025-11-24 09:49:34.964041,3.270465374427783,55.51810414433152,14.397480183060086,56.80804943450164,16.05430427287777
2025-11-24 09:49:35.264041,3.278774419796295,56.09088377093852,14.576282817851595,56.99601108686188,15.94886993769382
2025-11-24 09:49:35.564041,3.60746054543343,56.20874976906659,14.778020527904983,57.01205420039271,15.951011963839214
2025-11-24 09:49:35.864041,3.788351571500821,56.27677084552772,14.606738745401938,56.86500254955944,15.914298263888938
2025-11-24 09:49:36.164041,3.9530079331778656,56.1835560816798,14.679820314720159,56.88289114840983,15.693362436610037
2025-11-24 09:49:36.464041,4.067917545069523,56.31214498576009,14.710059125394253,56.71877826629149,15.69424271862065
2025-11-24 09:49:36.764041,4.495253721548218,56.61607109677366,14.572550511953871,56.572874786198135,15.850597049197606
2025-11-24 09:49:37.064041,4.436197629265035,56.660560959282705,14.13625523718212,56.44960994219498,15.988451504639158
2025-11-24 09:49:37.364041,4.501938998398252,56.53066123334108,13.937236600167001,56.59729147221703,16.187983784834113
2025-11-24 09:49:37.664041,4.535531666989056,56.41027886437043,13.626204642955969,56.60353643827615,16.2944301111812
2025-11-24 09:49:37.964041,4.595463194606359,56.35114730356717,13.51614099037865,56.65525374111747,16.237327168199524
2025-11-24 09:49:38.264041,4.773014849215176,56.21081334372659,13.35527033969977,56.807728961142516,16.32329655976092
2025-11-24 09:49:38.564041,4.928980385216171,56.54055689033413,13.02398935158666,57.0313616441644,16.469828512180378
2025-11-24 09:49:38.864041,4.967648815751721,56.51031032395454,12.74118844596601,57.189521133747995,16.553177670185946
2025-11-24 09:49:39.164041,4.902393680157125,56.62601788060018,12.912564567042205,57.26199543061967,16.546217493900336
2025-11-24 09:49:39.464041,4.783093472267974,56.95822889519791,12.893515155397381,57.296160269657825,16.514452396437715
2025-11-24 09:49:39.764041,4.745910735084006,57.00740994943136,12.604041339370589,57.50498740357244,16.282789774202698
2025-11-24 09:49:40.064041,4.564210583140046,57.09481853054176,12.62978023761749,57.37867665390466,16.1982294044219
2025-11-24 09:49:40.364041,4.702323456996969,57.09982589336434,12.777063985790882,57.35642616090706,16.18448534986745
2025-11-24 09:49:40.664041,4.711813460535227,56.97800164783096,12.812276059053781,57.19363820006436,16.054309738152295
2025-11-24 09:49:40.964041,4.652121357513901,56.907200722165534,12.604016884534342,57.31961666801782,15.923087916169909
2025-11-24 09:49:41.264041,4.690963759846895,57.12245403479745,12.606997871515624,57.63657616884189,16.027485456688026
2025-11-24 09:49:41.564041,4.760430683326972,56.99733717076776,12.41990576893315,57.566711117387904,16.2608053216047
2025-11-24 09:49:41.864041,4.634380301104491,56.76440674814098,12.395867000316361,57.43180434968194,16.460986424285334
2025-11-24 09:49:42.164041,4.383491196995746,56.74155361428208,12.409273007311372,57.655823707440305,16.496046568229545
2025-11-24 09:49:42.464041,4.539591253986739,56.598423841312986,12.587869551466097,57.718439416901134,16.535261352662
2025-11-24 09:49:42.764041,4.452042335141209,56.6897816538075,12.50942719405131,57.78771556021892,16.660284620679445
2025-11-24 09:49:43.064041,4.604304626379431,56.73557017301255,12.527128437035644,57.709752175878904,16.758575303643386
2025-11-24 09:49:43.364041,4.7368520915221595,57.07065892253542,12.457083500887151,57.931383030437345,16.625714506604155
2025-11-24 09:49:43.664041,4.914815315318677,57.3261965496063,12.318600486682902,58.08156820536333,16.328218919640435
2025-11-24 09:49:43.964041,5.287572323924335,57.79239610504348,12.249944832379697,58.36274617257796,16.2497228543267
2025-11-24 09:49:44.264041,5.485506860874903,58.122652084747955,12.007236983199181,58.41502465792467,16.207222836852385
2025-11-24 09:49:44.564041,5.786311265495427,58.101728503730726,11.976692462910748,58.28305342909371,16.31585805238587
2025-11-24 09:49:44.864041,5.821825289880085,58.191488363756115,11.476142961642578,58.23875198489828,16.33908070821269
2025-11-24 09:49:45.164041,6.045679008211743,57.93449382896817,11.092233575161549,58.014003445424315,16.33182719471079
2025-11-24 09:49:45.464041,6.109894418676914,57.9081832551585,10.879715909977062,57.9670983640312,16.481405638686592
2025-11-24 09:49:45.764041,6.061668272756672,58.06438812813209,10.874668451436161,57.89213914957323,16.49614342928497
2025-11-24 09:49:46.064041,6.209095287211703,58.15105178231563,10.988777544099463,57.93339540972005,16.662382101326912
2025-11-24 09:49:46.364041,6.469347810080979,58.3464668332055,10.690677914293467,58.27846835909622,16.80531205093888
2025-11-24 09:49:46.664041,6.8019063656331715,58.35739606312303,10.713270314883403,58.733076282458065,17.072282016823788
2025-11-24 09:49:46.964041,7.12851858186833,58.25501359061977,10.722079156325027,58.83921030481383,17.39338152865535
2025-11-24 09:49:47.264041,7.0231154759283,58.59217017978428,10.56766383265444,59.05419569062374,17.901236534951302
2025-11-24 09:49:47.564041,7.146263160497024,58.87138884826745,10.340468754306949,59.15362481204666,18.23988727863911
2025-11-24 09:49:47.864041,7.365274548919405,59.050674254257956,10.120581111717595,59.083015002714944,18.402075569082093
2025-11-24 09:49:48.164041,7.28295326925276,59.21692027566399,9.78516504577894,58.959566942015954,18.418353417424452
2025-11-24 09:49:48.464041,7.532584112547224,58.95677763141999,9.943413006129152,58.72651915639619,18.150346711740227
2025-11-24 09:49:48.764041,7.712020790902035,58.96741437987465,9.759825116137895,58.5616579896338,18.261673587515805
2025-11-24 09:49:49.064041,7.967653860960904,58.85263471892359,9.542888904335479,58.730320344278525,18.164431656438083
2025-11-24 09:49:49.364041,8.269378806575569,58.98868605562871,9.66919184735818,58.99518378384484,18.01463348324818
2025-11-24 09:49:49.664041,8.618620488833596,58.845002239314006,9.47675505001447,59.508804547987424,17.99657784140261
2025-11-24 09:49:49.964041,8.428971253633616,59.1564107899261,9.619714815380474,59.4355914013957,17.924970822406234
2025-11-24 09:49:50.264041,8.194715810973316,59.540008876681014,9.405899763675837,59.270923654910476,17.89546448843093
2025-11-24 09:49:50.564041,8.01424111607648,59.847246624184876,9.432549197661839,59.0988480999415,18.10111720109708
2025-11-24 09:49:50.864041,7.772755476316167,60.079543211820024,9.443048924015546,58.61751113665902,18.216831915991587
2025-11-24 09:49:51.164041,7.809833682997755,60.2880460775649,9.505759059330403,58.40402879950806,18.128475941127604
2025-11-24 09:49:51.464041,7.965378229032523,60.3243444492239,9.669810431113511,58.49993928862999,18.09410195062256
2025-11-24 09:49:51.764041,8.164839963025221,60.49582310860458,9.432509477506668,58.68935290436671,18.105158819601282
2025-11-24 09:49:52.064041,8.35201746840691,60.37014544418249,9.144477794472692,58.967459806675,18.292562953391847
2025-11-24 09:49:52.364041,8.660030700004093,60.040325398930015,9.219206651539421,59.28249022275196,18.138139397248068
2025-11-24 09:49:52.664041,8.911422824830849,59.78940529086719,9.344891999021844,59.40715742561792,18.144267308097593
2025-11-24 09:49:52.964041,9.055986395659428,59.53243381576878,9.189236281866952,59.571125655954134,18.221819016593734
2025-11-24 09:49:53.264041,9.4450593161125,59.46697553218868,9.332895124574225,59.642822335105976,18.181021630753044
2025-11-24 09:49:53.564041,9.450726048500778,59.729621121861115,9.746012926341262,59.77188884855187,18.013036528300216
2025-11-24 09:49:53.864041,9.51330684149251,59.93678110674494,9.629507416342312,59.796934384378275,18.013643228873917
2025-11-24 09:49:54.164041,9.496019520705193,60.310230222290016,9.729692555810836,59.67392988676604,18.04618947953845
2025-11-24 09:49:54.464041,9.594725539072485,60.382521310575285,9.598305699207728,59.46489168969793,18.100020643165152
2025-11-24 09:49:54.764041,9.715832890223101,60.43152406679947,9.719165035815028,59.60125856292765,18.47392901737656
2025-11-24 09:49:55.064041,9.970709236031361,60.58178853129198,9.772023872701014,59.3847112789624,18.439752391714833
2025-11-24 09:49:55.364041,10.16509192881752,60.499530498762006,9.666878075720327,59.44076785895068,18.55432308113928
2025-11-24 09:49:55.664041,10.608000783928919,60.3687354415943,9.669755657549954,59.52230807155156,18.464417480613573
2025-11-24 09:49:55.964041,10.71131970601967,60.367025886712675,9.610380328917307,59.31821759263534,18.274776344648185
2025-11-24 09:49:56.264041,10.79869200346195,60.19011151378812,9.647453463449512,59.2292275037556,18.099436118952127
2025-11-24 09:49:56.564041,10.572851642432434,59.950160176038096,9.194929252748691,59.220194483243674,18.15369043281686
2025-11-24 09:49:56.864041,10.629012537574654,59.87300154556976,9.091213419637866,59.18831935139206,18.019152351175116
2025-11-24 09:49:57.164041,10.485547783264584,60.11867226967386,9.148331874381082,59.16072467307766,17.6897316266077
2025-11-24 09:49:57.464041,10.04302950639737,60.037496264775136,9.060839119138405,58.87470121266932,17.603168915814823
2025-11-24 09:49:57.764041,9.87440388741432,60.18963328620944,8.870079622780604,59.067234342792666,17.726948287484767
2025-11-24 09:49:58.064041,10.053247928948277,60.52276492782374,8.717131242689083,59.44663248563327,17.46425367831117
2025-11-24 09:49:58.364041,10.119245465279725,60.65324332755979,8.555435680615652,59.84438450765676,17.60309816481294
2025-11-24 09:49:58.664041,10.436182366276933,60.5542592722663,8.267341908627733,60.37579891169411,17.714514718565066
2025-11-24 09:49:58.964041,10.608445879935937,60.588823553898536,8.143430086959224,60.70923349534068,18.034175467493284
2025-11-24 09:49:59.264041,11.038695948270394,60.4517850698525,8.050171910288379,60.88869887667428,18.28046587194104
2025-11-24 09:49:59.564041,11.285569254369278,60.53954568254202,8.091240643644799,60.99104227922497,18.550778997811825
2025-11-24 09:49:59.864041,11.61877195543069,60.690316138114845,8.243237145126098,60.753941680210815,18.744148553515238
2025-11-24 09:50:00.164041,11.491754399428656,60.83553500513422,8.51546541716045,60.63270950048086,18.847568212144502
2025-11-24 09:50:00.464041,11.411086422233472,60.55800490854545,8.57667026805193,60.53070920584657,18.870458741890754
2025-11-24 09:50:00.764041,11.407631972843989,60.54876680699359,8.559898315195717,60.5049663409312,18.613704776643175
2025-11-24 09:50:01.064041,11.324546340632669,60.46249654541718,8.31822406919538,60.350962045434976,18.665726699345765
2025-11-24 09:50:01.364041,11.406228443722886,60.53454737359585,8.383305067458224,60.37507914542031,18.777552054860827
2025-11-24 09:50:01.664041,11.566250358822067,60.70946171640517,7.933108703912727,60.548402982881946,18.709874108975686
2025-11-24 09:50:01.964041,11.951124716370604,60.68529845395512,7.7002091143636555,60.620185523348525,18.607996249648973
2025-11-24 09:50:02.264041,12.341627524035038,60.89352259269334,7.359444467859067,60.73824688053492,18.870463123599084
2025-11-24 09:50:02.564041,12.688752682081452,61.11864080875883,7.062266966140872,60.85139272026697,18.9344120800916
2025-11-24 09:50:02.864041,12.744901401919613,61.143969463061595,7.0297551037218575,61.271841437129645,18.99476056632144
2025-11-24 09:50:03.164041,12.86222745339558,60.992702745499855,6.844748040850966,61.41979586411098,18.846402991928095
2025-11-24 09:50:03.464041,12.76753197717322,61.039896090298974,6.7752793575539085,61.71562985214935,18.87908814821265
2025-11-24 09:50:03.764041,12.815294285099792,60.92708446832657,6.681782130869282,61.69768721638908,18.93722918256135
2025-11-24 09:50:04.064041,12.906085182731127,60.92092692272404,6.675124965144275,61.45982257072491,19.055176406685327
2025-11-24 09:50:04.364041,12.741595313126638,60.883555706012075,6.3670356972532645,61.665951440135466,19.274260762919052
2025-11-24 09:50:04.664041,12.926685837922804,60.60061044198967,6.284991469944069,61.78396787906047,19.484140095051643
2025-11-24 09:50:04.964041,13.35172993475326,60.334794614888295,6.006945597381711,62.27700270223832,19.424722705542926
2025-11-24 09:50:05.264041,13.365470954979546,60.48914113483085,5.9832835381611265,62.3429499127422,19.787284653329436
2025-11-24 09:50:05.564041,13.384896018934134,60.54515429001072,5.98405516866096,62.51606713949281,19.75313236025457
2025-11-24 09:50:05.864041,13.466507848302046,60.494638543165195,6.111519611869537,62.4593020662126,19.56282380680871
2025-11-24 09:50:06.164041,13.406980112494733,60.678281128714794,6.170258425268113,62.16348994774232,19.57575116993296
2025-11-24 09:50:06.464041,13.60427791198464,60.57860114684169,6.002981429559555,62.06653089921983,19.66228983542207
2025-11-24 09:50:06.764041,13.528351080841233,60.73297819452725,6.080051668431614,62.123088361832366,19.799602483662547
2025-11-24 09:50:07.064041,13.614650062820237,60.45781184342671,5.990650720123677,62.209873719188,19.800085464569847
2025-11-24 09:50:07.364041,13.595729287739307,60.27470902063955,5.616802327591021,62.187667964102495,19.6266771126463
2025-11-24 09:50:07.664041,13.553416716188112,60.309662785644406,5.1080939838325445,62.243839456697415,19.724661049629866
2025-11-24 09:50:07.964041,13.612361239820771,60.45066905099745,5.014905106129224,62.29925121840023,19.759004471481763
2025-11-24 09:50:08.264041,13.6544772941597,60.60058472509383,4.883562752998572,62.237919891175935,20.012007609210794
2025-11-24 09:50:08.564041,13.68722332475175,60.597188155195276,4.776764808221555,62.28636366358252,20.127892912965724
2025-11-24 09:50:08.864041,13.627713664571685,60.62662768822381,4.992689532515761,62.21706852657845,20.16178773911837
2025-11-24 09:50:09.164041,13.490554612733195,60.87015663045516,4.917417818743907,62.259008918545625,20.28165839385599
2025-11-24 09:50:09.464041,13.631269330404926,60.88300092662912,4.854215875204266,62.01597803100849,20.263866708001917
2025-11-24 09:50:09.764041,13.508329252585408,60.62779660169079,4.585791281310458,61.73132874508384,20.23301760793091
2025-11-24 09:50:10.064041,13.753765430203766,60.84637694366015,4.289167818267594,61.82598166868797,20.142078405309412
2025-11-24 09:50:10.364041,14.002722480581031,61.06879987751858,4.200346129725139,61.87001946718156,20.42110788767845
2025-11-24 09:50:10.664041,14.228799320441485,61.050708089170776,3.8719669890824315,62.07870692959649,20.60396071762786
2025-11-24 09:50:10.964041,14.442760136432206,61.06235564151719,3.4875915529268537,62.113866675383086,20.734454052485464
2025-11-24 09:50:11.264041,14.649839402986885,60.95599543629976,3.377304831670854,61.941910977678404,20.980096812360127
2025-11-24 09:50:11.564041,14.887098984221844,60.89155946866891,3.618180026212278,61.98633640827028,21.08388795718404
2025-11-24 09:50:11.864041,14.877631326211047,60.68689758478955,3.7224736050485734,62.06391927233213,21.287590701995402
2025-11-24 09:50:12.164041,14.848121344416231,60.966851537893554,3.4770725493555417,61.993043030208256,21.204060585685212
2025-11-24 09:50:12.464041,14.865681338208214,61.08092431084337,3.4934222077777495,62.00058461235828,21.33432639957045
2025-11-24 09:50:12.764041,15.01017259478864,61.26350176669611,3.3194439962135176,61.96949304234939,21.383229371613606
2025-11-24 09:50:13.064041,14.956264944048156,61.3906978190238,3.104692969834823,61.77664711333947,21.292806875666322
2025-11-24 09:50:13.364041,14.771192941927712,61.477558890596356,2.8445608022420994,61.79137103451198,21.33841221718781
2025-11-24 09:50:13.664041,14.904039680750257,61.67928089244833,2.758401187327054,61.5727303896951,21.273334977639102
2025-11-24 09:50:13.964041,15.140683657745921,61.55527132263507,2.8412635236361643,61.661767834460946,21.210504623426868
2025-11-24 09:50:14.264041,15.412034569550238,61.40884914996511,2.558745456958422,61.74360168643083,21.33435415719456
2025-11-24 09:50:14.564041,15.377680133791216,61.32158518562755,2.5124242196923334,61.801625170324485,21.596768098699304
2025-11-24 09:50:14.864041,15.325242099078578,61.630639015584215,2.4142012884320985,61.99952104290683,21.50989050347216
2025-11-24 09:50:15.164041,15.358765855203991,61.70333701218785,2.380201552732777,61.79367569360038,21.5106500228319
2025-11-24 09:50:15.464041,15.31533496115519,61.68717099895976,1.9730810630361157,61.55939767051637,21.675825694162754
2025-11-24 09:50:15.764041,15.4644467442511,61.725889924416315,1.7599049433851577,61.16656710863891,21.703479134776583
2025-11-24 09:50:16.064041,15.47794496587877,61.78142214121556,1.7639571754116892,60.91719195475182,21.50062462338984
2025-11-24 09:50:16.364041,15.781737453086839,61.738380316709936,1.8353616083633941,61.13657430428916,21.540893026247613
2025-11-24 09:50:16.664041,15.969989385587459,61.660748558777755,1.646580397417869,61.062675611200106,21.483468520529502
2025-11-24 09:50:16.964041,16.166009425187777,61.8530971196304,1.5629071699068973,61.09229205151554,21.51229785504296
2025-11-24 09:50:17.264041,16.321175326658526,61.710584124199436,1.7002075196931175,60.76652034565671,21.591190549513964
2025-11-24 09:50:17.564041,16.66418077905917,61.90864760915165,1.9230874488044918,60.79382112333083,21.90687572380063
2025-11-24 09:50:17.864041,16.8408077576806,62.05787399812235,2.0551584048640006,60.65676171176725,21.85837988686755
2025-11-24 09:50:18.164041,17.088915004533646,62.13451498921869,1.951891766984879,60.829513456639255,22.124384450788998
2025-11-24 09:50:18.464041,17.241477949593328,62.23897484228691,2.021083301790801,60.8921963142085,22.082438356113826
2025-11-24 09:50:18.764041,17.394666084221786,62.45803515671196,1.9816013742302243,60.947502525050936,22.330191335139347
2025-11-24 09:50:19.064041,17.512825752048037,62.491755151531216,2.1715172253664745,60.899280668923204,22.67945060422194
2025-11-24 09:50:19.364041,17.644146824565404,62.59464212526619,2.179814988896171,60.58419364785452,22.943103739587244
2025-11-24 09:50:19.664041,17.67242158030775,62.52993168917792,2.216114820215928,60.812237766988524,23.382764802552114
2025-11-24 09:50:19.964041,17.90609590327994,62.536116221015355,2.437894175883872,61.03398879785417,23.630113077435812
2025-11-24 09:50:20.264041,18.227198120225893,62.756991019262976,2.23359726658804,61.32764133421857,23.97605782326977
2025-11-24 09:50:20.564041,18.351053508467817,62.67708430562034,2.2240396715014823,61.57011216135134,23.83659274520671
2025-11-24 09:50:20.864041,18.722454208676293,62.906129655177836,2.0334469205635144,61.6356417520515,23.76790953117237
2025-11-24 09:50:21.164041,18.969769408033617,63.13947606487665,1.688801728678137,61.76980183204769,23.607026358453822
2025-11-24 09:50:21.464041,19.3752341517418,63.19617278750561,1.84403357976606,61.96705640980338,23.518786404305498
2025-11-24 09:50:21.764041,19.662537204633896,62.96400328108073,2.145488379907487,62.18636662433025,23.265308433536944
2025-11-24 09:50:22.064041,19.873345576566074,62.80221824823397,2.5949798807157816,62.25049024953266,23.48554123023207
2025-11-24 09:50:22.364041,20.181560826635206,62.64288382396843,2.9286694490519074,62.00279674995192,23.02888684640171
2025-11-24 09:50:22.664041,20.734960601929533,62.64731592463416,3.020688300445901,61.92482009774229,22.804567938887097
2025-11-24 09:50:22.964041,21.220738918541613,62.7424026557524,3.2213869477255,62.22051427891998,22.509305095533104
2025-11-24 09:50:23.264041,21.545501176305244,62.74589530655923,3.198157575447705,62.08870259427984,22.535250459249507
2025-11-24 09:50:23.564041,21.71552358422036,63.080539800115034,3.4029318917753004,61.88885303174192,22.310544419405577
2025-11-24 09:50:23.864041,21.696786741461377,63.17654885141876,3.274281953350932,61.882207068364046,22.399453223437924
2025-11-24 09:50:24.164041,21.57079833285978,63.27200549477873,3.54969485657016,61.90950657244976,22.555160279576356
2025-11-24 09:50:24.464041,21.68281308028147,63.015583306689436,3.732818309442598,62.05424435266823,22.505271733915475
2025-11-24 09:50:24.764041,21.645408454737126,63.110049770647855,4.207230662855673,62.15487652338634,22.183126088022075
2025-11-24 09:50:25.064041,21.61282388723713,63.06773937082518,4.387649286217808,62.50894411271996,22.066505455086624
2025-11-24 09:50:25.364041,22.045926084557127,63.01590586657642,4.405372243982777,62.79868218856919,22.02606604908277
2025-11-24 09:50:25.664041,22.48988127322722,63.124749569655776,4.698030826489373,63.08605354370804,21.71807563960396
2025-11-24 09:50:25.964041,22.887327954833317,63.29741142144065,5.191679644010468,63.4021388322875,21.70027576348622
2025-11-24 09:50:26.264041,23.311643373923747,63.13746636839278,5.434171913844039,63.41383996382135,21.631014558382287
2025-11-24 09:50:26.564041,23.34729018451153,62.93592190935715,5.705495875934741,63.513179807151914,21.86354053698268
2025-11-24 09:50:26.864041,23.38093198721129,62.89820273620602,5.9293115456012195,63.84937926671398,22.028663359148737
2025-11-24 09:50:27.164041,23.326614561327478,62.85751485989845,6.072651234258179,63.809261788491014,21.98168464680282
2025-11-24 09:50:27.464041,23.618425017852964,63.01183037657937,6.389798707458769,63.90331489148753,21.92489333228437
2025-11-24 09:50:27.764041,23.81070417164169,63.18041105072109,6.626865900740115,63.72957532351737,21.91197649785318
2025-11-24 09:50:28.064041,23.97205350311361,63.28433520685355,6.772888782568678,63.680886728246065,21.77628503134434
2025-11-24 09:50:28.364041,24.130476847908994,63.178810591412656,6.86260606814477,63.58437921265846,21.40052630517046
2025-11-24 09:50:28.664041,24.29307208123401,63.10759303576938,7.34406202194354,63.771324990428305,21.40041201961658
2025-11-24 09:50:28.964041,24.500334245417367,63.20644479629691,7.671957095059077,63.989118925878984,21.396643341237265
2025-11-24 09:50:29.264041,24.612886659452766,63.55459951634856,7.971312020849312,64.23459312313106,21.438769176050496
2025-11-24 09:50:29.564041,24.94412318156421,63.70007143675015,8.253959857635682,64.25887844333013,21.407153945639294
2025-11-24 09:50:29.864041,25.064639045159115,63.901601698840054,8.175430068714267,64.56072261604851,21.981263719656702
2025-11-24 09:50:30.164041,25.255505050370218,63.77719077337946,8.33898435503355,64.4002628981969,21.979073839843416
2025-11-24 09:50:30.464041,25.231403697628675,63.66986426786539,8.786989932494135,64.26000775811765,22.151915329484922
2025-11-24 09:50:30.764041,25.223759333617227,63.69200003946036,8.938561177387626,64.06590624116842,22.06180155646917
2025-11-24 09:50:31.064041,25.241432399878633,63.53822567968967,9.052268832079283,64.17765706771321,22.08339412630078
2025-11-24 09:50:31.364041,25.355757593399254,63.51590775239151,9.553680267951624,63.96450732857363,22.053794968779474
2025-11-24 09:50:31.664041,25.60442343213055,63.399968241556074,9.968588843513746,64.17718621439445,21.862535518091505
2025-11-24 09:50:31.964041,25.62031673746319,63.600820456577345,10.634032341111313,64.09716903806093,21.863710745004713
2025-11-24 09:50:32.264041,25.827740463144988,63.33263113771939,11.235488643344985,64.07527920546785,22.0363327436561
2025-11-24 09:50:32.564041,26.039431432302234,63.33400023541063,11.73216781742488,64.06870170626395,22.245381567640365
2025-11-24 09:50:32.864041,26.32267404343051,63.3207503300802,12.175280332332123,64.25434443902348,22.49597135464113
2025-11-24 09:50:33.164041,26.560614807312934,63.2145150226555,12.219957681692842,64.06608449800228,22.561591009003656
2025-11-24 09:50:33.464041,26.949264313182315,63.350884883444685,12.317774849690384,64.28441198914493,22.66469913519795
2025-11-24 09:50:33.764041,27.223064067125332,63.44995942967388,12.581014186339635,64.37524004566775,22.636027309404067
2025-11-24 09:50:34.064041,26.977380545380125,63.41792383210142,12.784081345800514,64.7708806243008,22.587227295053186
2025-11-24 09:50:34.364041,26.814602246273743,63.43612988294315,12.927105324174445,64.98003639551105,22.743754965131924
2025-11-24 09:50:34.664041,26.541582447935397,63.452059742587956,13.113314169965005,64.95298043866885,22.793551619509067
2025-11-24 09:50:34.964041,26.5082984090241,63.530390693268465,13.347890768380518,64.90152512437639,22.840116285181384
2025-11-24 09:50:35.264041,26.621868240800545,63.66314396045739,13.742688770289996,64.94053549269755,23.083252390627067
2025-11-24 09:50:35.564041,26.90046554398612,63.915887027357435,13.652789345369644,65.03010915533416,23.031521031086562
2025-11-24 09:50:35.864041,26.873655237226494,63.95729980438026,13.743883691316055,64.98350936813623,23.040520104223145
2025-11-24 09:50:36.164041,27.144314726330123,64.02169878824381,13.748859799371727,65.11406621771155,22.920483304454063
2025-11-24 09:50:36.464041,27.344746811411866,64.18140539016285,13.77995960487698,64.71488374136833,22.83749393610161
2025-11-24 09:50:36.764041,27.596129850538166,64.28847198996112,13.910600123407457,64.51298094874855,22.801652035562746
2025-11-24 09:50:37.064041,27.85838129128469,64.28168198723083,14.137258869991587,64.66672717920942,22.756527701918714
2025-11-24 09:50:37.364041,27.93940881394645,64.4495642219735,14.42835371366808,64.5560759909719,22.938559781078226
2025-11-24 09:50:37.664041,27.98796430852818,64.05338539874138,14.746968492992533,64.65296161352701,22.731173762545502
2025-11-24 09:50:37.964041,28.08641877648867,63.93398754855114,14.853893554979837,64.80730288002812,22.760404906251274
2025-11-24 09:50:38.264041,28.386884681048745,63.70290864090752,15.080661878614304,64.77944155431643,22.869261091650888
2025-11-24 09:50:38.564041,28.374857277773135,63.37637957591804,15.174343094634086,65.04947709212752,23.067992300266898
2025-11-24 09:50:38.864041,28.50828827227381,63.23574921553242,15.187878319797013,65.19776839178758,23.200925450727993
2025-11-24 09:50:39.164041,28.594432199173337,63.737355028925805,15.387283396510467,65.40167152108125,23.64278437417866
2025-11-24 09:50:39.464041,28.537999094392365,63.91067722754219,15.550672740850446,65.58322146205721,23.985144058168334
2025-11-24 09:50:39.764041,28.57794110347769,64.30127480973015,15.606897887551636,65.7702089429456,24.126096162278067
2025-11-24 09:50:40.064041,28.586563820946417,64.28713286930679,15.477219741236384,65.80282566477374,24.077341704309674
2025-11-24 09:50:40.364041,28.843080113335876,64.1730908943393,15.227665339115777,66.02661147401862,23.998242796731457
2025-11-24 09:50:40.664041,29.072346247855315,64.27496582329827,15.188301467301212,65.9913158584114,23.915029427647106
2025-11-24 09:50:40.964041,29.437495468786697,64.59839464291069,15.15426440623121,65.83521317230756,23.69442850041945
2025-11-24 09:50:41.264041,29.90913546610652,64.86008150643879,15.507891273335765,65.49711556441517,23.29449549024242
2025-11-24 09:50:41.564041,30.304259460913418,64.56346817693655,15.378150421053354,65.27378274375033,23.33498641895994
2025-11-24 09:50:41.864041,30.492972432968646,64.12374478906064,15.459694476448533,65.1826873858423,23.446232657085194
2025-11-24 09:50:42.164041,30.58248127241807,64.1387397604739,15.273913124683615,64.99181700892883,23.514700976236945
2025-11-24 09:50:42.464041,30.549290871178016,64.06342957468063,15.322335731623431,64.85628207468116,23.853364426512254
2025-11-24 09:50:42.764041,30.41645143490784,64.01105580263905,15.321840015941813,64.90114429599028,23.913908016354178
2025-11-24 09:50:43.064041,30.06712156083105,64.29555119592472,15.073236837955925,64.94579583503972,24.15559707808078
2025-11-24 09:50:43.364041,29.8591276550477,64.40409003822721,15.144088590305095,65.25633053213932,24.185433699053398
2025-11-24 09:50:43.664041,29.678005033062014,64.69332776227104,15.515187840291878,65.41910323539778,24.094990392111654
2025-11-24 09:50:43.964041,29.78456017903526,65.05030439286178,15.679865211522229,65.35566408777137,23.949559209669165
2025-11-24 09:50:44.264041,29.84897665544904,65.10605996201839,15.965578337873774,65.1181386240749,23.84930415592208
2025-11-24 09:50:44.564041,29.86935114705455,65.206092952431,16.330645282971012,65.3017730326266,23.805351026626738
2025-11-24 09:50:44.864041,29.849857936159353,65.10486809940579,16.176470279132054,65.46042133770949,23.63996591157309
2025-11-24 09:50:45.164041,30.02977127902267,65.00273454659667,15.992253349381171,65.44653446481288,23.69547537307933
2025-11-24 09:50:45.464041,30.19445304502215,65.09798218500043,15.611214476285898,65.46220185888278,23.798870649494745
2025-11-24 09:50:45.764041,30.066498375614835,65.30627200289882,15.351327439340347,65.37772251536543,23.716412125717085
2025-11-24 09:50:46.064041,30.050591996687007,65.18650123747602,15.0205944331745,65.27523261814848,23.813318569558746
2025-11-24 09:50:46.364041,30.20650993153338,65.10553314868986,14.624808924285343,65.10439766791932,23.72965447880149
2025-11-24 09:50:46.664041,30.164691988507673,65.0989356323964,14.535570475093815,65.35677161251928,23.697048498500166
2025-11-24 09:50:46.964041,29.992598695429397,65.09230151685621,14.687266003770542,65.60556491841942,23.620382703260738
2025-11-24 09:50:47.264041,30.024207262156352,64.92097319827108,14.80709882853949,65.51815762614928,23.36370107183645
2025-11-24 09:50:47.564041,29.900920566804295,64.94916246373664,14.713184834776916,65.14742948766943,23.130433589838862
2025-11-24 09:50:47.864041,29.97268800924302,65.2009113939747,14.934929396756182,65.04619574507086,23.30082167296977
2025-11-24 09:50:48.164041,30.37875450668599,65.22869428467027,14.892467478911312,64.91840656934413,23.509906559049718
2025-11-24 09:50:48.464041,30.680280831102515,64.88565329919585,14.766669458587659,64.95377648018166,23.863320788912535
2025-11-24 09:50:48.764041,30.69093051762705,64.96340140924896,14.677590493318142,65.12174614487105,24.302389299295033
2025-11-24 09:50:49.064041,30.772585644827878,64.72302106273403,14.411210432717498,65.38829169478664,24.362529246685284
2025-11-24 09:50:49.364041,30.579560029433665,64.60841717454528,14.308298888929802,65.59436957746239,24.28039831406408
2025-11-24 09:50:49.664041,30.03142318411385,64.62003837678056,14.12901274066091,65.8453101384545,24.349810983229144
2025-11-24 09:50:49.964041,29.747381304198388,64.79179543636636,14.10351662835171,65.68573929371772,24.049363378722642
2025-11-24 09:50:50.264041,29.649617063425737,65.11467944053493,14.000897337495164,65.42494703391141,23.816647984541234
2025-11-24 09:50:50.564041,29.509578103045772,65.08648345252514,13.628079397384719,65.2710951723658,23.763319973932518
2025-11-24 09:50:50.864041,29.811008018236954,64.74539045335175,13.415118326836119,65.18585486491669,23.763238293461313
2025-11-24 09:50:51.164041,29.84123266995713,64.43341217163656,13.453569417927099,65.13685773316828,23.49337099281971
2025-11-24 09:50:51.464041,30.185736549402232,64.47283172693363,13.623293035271423,65.06161020695116,23.58299292380968
2025-11-24 09:50:51.764041,30.342028219567275,64.23613767388873,13.68811956088025,65.44581905211885,23.77611896631771
2025-11-24 09:50:52.064041,30.410087934580577,64.33247133297043,13.57759918859175,65.47555907821474,23.827328385001227
2025-11-24 09:50:52.364041,30.262694254537493,64.39137991606904,13.43595300547063,65.46137784563264,23.727195218934835
2025-11-24 09:50:52.664041,30.2543399578124,64.50876405408533,13.094616146782961,65.62654956018868,23.615459023958287
2025-11-24 09:50:52.964041,30.150850496349214,64.72267183814861,13.062335018902557,65.59533223723753,23.54224798486639
2025-11-24 09:50:53.264041,29.90008841859364,64.55034791625341,12.892654312958651,65.61035933197707,23.528451212096996
2025-11-24 09:50:53.564041,29.82822010991936,64.64241311712603,12.685885489828008,65.56730425039854,23.52062306229164
2025-11-24 09:50:53.864041,29.761893417300627,64.36265270282846,12.804526737763354,65.73316735465674,23.58251423789288
2025-11-24 09:50:54.164041,29.78122528664574,64.29351075617855,12.823708565813712,65.97911653538006,23.49600383820598
2025-11-24 09:50:54.464041,29.962554771127458,64.4470792776657,12.801362904695942,65.97695490085658,23.552837626136437
2025-11-24 09:50:54.764041,30.285153971029995,64.71464882024834,12.798749125297554,66.06798285602545,23.59002510925502
2025-11-24 09:50:55.064041,30.434108695845264,64.92492735473247,12.788329867240867,66.4612411330845,23.58171366576693
2025-11-24 09:50:55.364041,30.30215732593681,64.9790492261009,12.67574764476888,66.53589063557996,23.588268209456842
2025-11-24 09:50:55.664041,30.143032841846537,65.04975666516219,12.45229581819567,66.51960016589798,23.62916523388386
2025-11-24 09:50:55.964041,30.109786114403008,65.12730948571183,12.245925801102342,66.53790630289139,23.723102849120778
2025-11-24 09:50:56.264041,30.158676610162356,64.95830516838136,11.786321216039129,66.54343316299116,23.732303082548942
2025-11-24 09:50:56.564041,29.995270169944863,64.81508411154938,11.534046131171477,66.42670458316846,23.687870096743094
2025-11-24 09:50:56.864041,29.691425354013685,64.46599681215717,11.653794632654575,66.24082692615531,23.983522136519145
2025-11-24 09:50:57.164041,29.756531581746486,64.48189817796494,11.9619644892447,66.09478746781184,23.842113357762134
2025-11-24 09:50:57.464041,29.7687946994733,64.24202722073953,12.226501182857644,65.88082903314499,23.69127998356513
2025-11-24 09:50:57.764041,29.79057690809479,64.17908305561016,12.144494807001083,65.79819982023332,23.33856922333389
2025-11-24 09:50:58.064041,29.712252267210996,63.82940117653216,11.872231115716982,65.70384678950663,22.969006096131995
2025-11-24 09:50:58.364041,29.72071119937972,63.699282372309504,11.490438267035575,65.6313483477568,22.968829963722197
2025-11-24 09:50:58.664041,29.730618770312443,63.80990540348565,11.276410562484887,65.75558754931951,23.11621805900433
2025-11-24 09:50:58.964041,29.69838156170742,63.503679469064494,11.287885764470309,66.07282831186002,23.248816310107483
2025-11-24 09:50:59.264041,29.561244259795753,63.42550165363546,11.110533986034039,66.1199962249142,23.598282228699635
2025-11-24 09:50:59.564041,29.397472340377593,63.46021113222868,11.12548885944781,66.11346874693464,23.47715166442101
2025-11-24 09:50:59.864041,29.55005642272368,63.47932702186632,11.238809713752206,66.01881794547238,23.14136393314596
2025-11-24 09:51:00.164041,29.377174372926266,63.52678799928161,11.3214384746493,65.76282043190574,22.963279571062802
2025-11-24 09:51:00.464041,29.370567745896963,63.57984255414762,11.297713706448524,65.99312246265644,22.983573523705793
2025-11-24 09:51:00.764041,29.509047089248767,63.54321790178074,10.99397109821067,66.17405851762851,22.888232102835488
2025-11-24 09:51:01.064041,29.29601935162922,63.695066318220405,10.711959947492288,66.23484107144043,23.036361717203803
2025-11-24 09:51:01.364041,29.37636174675684,63.72741372504174,10.260599193837296,66.04421870232704,23.161083372597126
2025-11-24 09:51:01.664041,29.266622012348865,63.587243088738255,10.172933471669651,66.17569307476316,23.20725612907416
2025-11-24 09:51:01.964041,29.043835206720516,63.36169491875367,10.192838935572883,65.94457176828317,23.341914329041373
2025-11-24 09:51:02.264041,29.034671293812142,63.1949621905399,9.97989286963877,65.69756888762106,23.381280293604433
2025-11-24 09:51:02.564041,28.861014022458463,63.03412265103898,9.88834305151833,65.53403886718759,23.493676962364763
2025-11-24 09:51:02.864041,28.746314496736446,63.037556812528216,10.002898588537258,65.75269621720824,23.52360932434802
2025-11-24 09:51:03.164041,28.56050861202912,62.99929696070671,10.02042797495565,65.84254596269486,23.462138299050505
2025-11-24 09:51:03.464041,28.32234953056966,63.11567744601657,10.169652450830048,65.61375965667706,23.473658441640953
2025-11-24 09:51:03.764041,28.27687150465966,63.1798751381854,10.269745601368717,65.56175468577761,23.18531060397866
2025-11-24 09:51:04.064041,28.270858529768432,62.938036565113585,10.310047295897949,65.3630707242934,23.300609825701923
2025-11-24 09:51:04.364041,28.10702323539818,62.924965722642504,10.323684527368977,65.1986261743948,23.623490681795538
2025-11-24 09:51:04.664041,28.50894044515889,63.23586207871076,10.249194714775184,65.2126915524754,23.915517144207683
2025-11-24 09:51:04.964041,28.715079607033093,63.456472265779375,9.933585798452237,64.98877490794652,23.847195487029694
2025-11-24 09:51:05.264041,29.046912648840095,63.195482693497894,10.281167588681766,65.03040237937445,23.6883534368719
2025-11-24 09:51:05.564041,28.953369177188346,63.238467264636945,10.344812183653463,65.43529527470722,23.407383068756122
2025-11-24 09:51:05.864041,28.987724650215842,63.0761499281858,10.298865931660812,65.56211252804744,22.942818787111374
2025-11-24 09:51:06.164041,28.687501024235637,63.10563203893516,10.22322182289248,65.7778837096923,22.712001798506282
2025-11-24 09:51:06.464041,28.490459035225076,63.05618298324532,10.264766355517263,65.79547918177875,22.537204474385586
2025-11-24 09:51:06.764041,28.222677906955848,63.14588005571927,10.378145758572806,65.69129420349117,22.427473983847936
2025-11-24 09:51:07.064041,28.002465882915097,62.76580384547927,10.399545987569384,65.94459340240499,22.74211439745188
2025-11-24 09:51:07.364041,27.965665305401725,62.522859582407044,10.260048174981929,65.84638985287715,23.202094412340347
2025-11-24 09:51:07.664041,27.809714495246638,62.44380105269895,10.378417980823286,65.89000367078404,23.70186477428997
2025-11-24 09:51:07.964041,27.98308058296895,62.342596724207006,10.132607579692198,66.08343060375725,23.72825840158243
2025-11-24 09:51:08.264041,27.871505025001138,62.163546940425405,9.665314733382036,66.39736608585001,23.75305225885938
2025-11-24 09:51:08.564041,27.764345487895127,62.07566640067392,9.200082476040253,66.62585050037897,23.64522616134437
2025-11-24 09:51:08.864041,27.58435035568802,62.24866220605121,8.998916781890303,66.78113374191254,23.370622555770918
2025-11-24 09:51:09.164041,27.376966912217636,62.435082034823324,8.532962610156206,66.75003383097452,23.27660324424112
2025-11-24 09:51:09.464041,27.273061347025603,62.53347100941312,8.375646496728637,66.68305662144098,23.127136404907773
2025-11-24 09:51:09.764041,27.20238803123359,62.69535112151333,8.342977552200765,66.27299225938364,22.933962781156847
2025-11-24 09:51:10.064041,27.257487327155278,62.722233706739175,8.231233721396196,65.86889735356911,22.89743024119141
2025-11-24 09:51:10.364041,27.41494087537731,62.79754554024669,8.166947982268962,65.78713622117485,22.66348068928732
2025-11-24 09:51:10.664041,27.479981099396593,62.95820599297786,7.899571469757601,65.97319771373517,22.779624253505624
2025-11-24 09:51:10.964041,27.27549229757558,62.90978797174277,7.997143666297515,66.12390686834875,22.777696039508005
2025-11-24 09:51:11.264041,27.215171408045766,62.938289037759866,7.844918217468757,66.46033606095075,22.768226500126186
2025-11-24 09:51:11.564041,27.120940322280077,63.019953809358896,7.895459980793055,66.82361724587503,22.656798131730632
2025-11-24 09:51:11.864041,27.082883652288984,63.09729218719912,7.65015550939833,66.84623897141354,22.47177636907637
2025-11-24 09:51:12.164041,26.817038951320647,62.821467411143544,7.133918450381718,66.50360832847016,22.45246725385236
2025-11-24 09:51:12.464041,27.01127395503867,62.55814414314621,7.102605685099535,66.37682976652765,22.37999068181599
2025-11-24 09:51:12.764041,27.21726188865819,62.69208910853921,6.873714089865159,66.16445871226009,22.698789495284764
2025-11-24 09:51:13.064041,27.140923896029687,62.69138054790146,6.808861966531329,66.1061745671068,22.72208571637665
2025-11-24 09:51:13.364041,26.991098887547707,62.84110642925079,6.838652661687879,66.1248632932307,22.879123320436307
2025-11-24 09:51:13.664041,26.892856052536374,62.75053004651162,6.619557596440775,66.17911591250996,22.7636096188496
2025-11-24 09:51:13.964041,26.61914584883622,62.40436156588746,6.376491119428882,66.16333486759626,22.826137962811494
2025-11-24 09:51:14.264041,26.46193976716079,62.510694214700685,6.065805710480229,65.97838963590483,22.663340755825363
2025-11-24 09:51:14.564041,26.231844796125365,62.47226967527634,5.915400589599944,65.82845270750457,22.51220401413305
2025-11-24 09:51:14.864041,26.023547553193506,62.48821399875437,5.276712293475254,65.5673996278108,22.36638189288678
2025-11-24 09:51:15.164041,25.99538313378839,62.355510393733944,5.07360773613206,65.39165644983827,22.255101518116227
2025-11-24 09:51:15.464041,26.171020008574498,62.418969302904955,4.9271612131635045,65.35590420852252,22.399563466127905
2025-11-24 09:51:15.764041,25.92190368457427,62.12815067821616,4.506449703261207,65.24140675963619,22.271914479947792
2025-11-24 09:51:16.064041,25.88678791598386,62.19524153477683,4.3949347929388,65.03677084003172,22.597757974825104
2025-11-24 09:51:16.364041,25.754502627478182,61.962463197523185,4.17797755984278,64.79272394249718,23.027500861009905
2025-11-24 09:51:16.664041,25.515950067813733,61.91920148211264,4.388833848426856,64.50821449304024,23.25619726930677
2025-11-24 09:51:16.964041,25.46027847558504,62.049513074378865,4.683171186238633,64.15779422450778,23.37465868526357
2025-11-24 09:51:17.264041,25.395702174223185,62.30742267037903,4.7452070642384925,64.24791288483699,23.186466603464172
2025-11-24 09:51:17.564041,25.28485817331601,62.21248797747847,4.772937369406542,64.08766094489461,23.234583444915287
2025-11-24 09:51:17.864041,25.55571088733526,62.12639830760157,4.6585028100023225,64.13087271847428,22.825000679270328
2025-11-24 09:51:18.164041,25.761423833803796,61.866434087436964,4.8025465625657935,64.2438550777549,22.69159998315656
2025-11-24 09:51:18.464041,25.824289171157655,61.64395255424895,4.604827511135087,64.30344118332964,22.237202429950045
2025-11-24 09:51:18.764041,25.60636793181972,61.33463028782853,4.294766198453749,64.25623768995237,22.12682345243015
2025-11-24 09:51:19.064041,25.728360096883854,61.20035283547508,3.6743209011940854,64.0339086676581,22.20556183939546
2025-11-24 09:51:19.364041,25.56618325094265,61.05885038594251,3.2774365042569666,63.89081064801255,22.37742458548752
2025-11-24 09:51:19.664041,25.194880159964903,61.13973717384358,2.6621340246590504,63.867521981848654,22.268372047411834
2025-11-24 09:51:19.964041,25.144752149690333,61.21696358746415,2.419082403245538,63.74631528579776,22.300625569845405
2025-11-24 09:51:20.264041,25.194959980206868,61.470907442294596,2.383491725310302,63.937599778131855,22.34468658883319
2025-11-24 09:51:20.564041,25.281782590360617,61.445864108488294,2.4923744953922693,64.3414551725214,22.182175338919613
2025-11-24 09:51:20.864041,25.391092042494915,61.36785209683767,2.8759424657355863,64.35536520101648,21.969884741438825
2025-11-24 09:51:21.164041,25.25739853076761,61.14637874880274,2.958597527672414,64.21710297341988,21.85212610262649
2025-11-24 09:51:21.464041,25.234597043584113,60.91628777417345,3.1316483016934704,63.95318237825968,21.974656361522598
2025-11-24 09:51:21.764041,25.046176346771574,60.88820878131721,3.011637716568142,63.64889138154887,22.037211686279168
2025-11-24 09:51:22.064041,25.04252801442402,61.17990118306147,2.8476027658139067,63.467185624114364,22.10969649229185
2025-11-24 09:51:22.364041,25.006805998845632,61.12064752642636,2.9037179172209235,63.41827845087122,22.271761547635894
2025-11-24 09:51:22.664041,24.924093698568868,61.06447371436435,2.618712108562097,63.518041814866564,22.326032624948777
2025-11-24 09:51:22.964041,24.859629071694844,61.070835262739216,2.211437556864117,63.40007142861408,22.34392566617196
2025-11-24 09:51:23.264041,24.914808311359646,61.212629963734344,2.115421489996589,63.774045244703906,22.475025723841803
2025-11-24 09:51:23.564041,24.916406804840495,61.110592467575124,1.9131647698892216,63.872372747314635,22.628886947077902
2025-11-24 09:51:23.864041,24.82770212872394,61.1292078775622,1.8525241348356587,64.12109550040671,22.713584936577394
2025-11-24 09:51:24.164041,24.69060021385659,60.95358809946407,1.6842910000570301,64.31621099923727,22.646198914990645
2025-11-24 09:51:24.464041,24.57899138409184,61.10231037503616,1.548833761455146,64.28785724045359,22.776154872030666
2025-11-24 09:51:24.764041,24.686951798987323,61.17231917020199,1.4730972262512962,64.49912187070225,22.512974998111307
2025-11-24 09:51:25.064041,24.720266773474787,60.984044552003155,1.5555135639786277,64.28710455302928,22.390325289717833
2025-11-24 09:51:25.364041,24.5645992429805,60.82803327086284,1.565752645467981,64.15847916928965,22.282423265322446
2025-11-24 09:51:25.664041,24.276154807800935,60.53581252199842,1.5967322121524794,64.08025965447004,22.370843207537973
2025-11-24 09:51:25.964041,24.147493823629603,59.90736660973437,1.9027763926789314,63.914725582066026,22.290482155526977
2025-11-24 09:51:26.264041,24.1375508825338,60.019433257065884,1.7421465175448665,63.789778981958996,22.235816497587578
2025-11-24 09:51:26.564041,24.010826140271245,59.83752264414855,1.6949228747760907,63.86851274404706,21.913967849572835
2025-11-24 09:51:26.864041,24.024326483875004,59.731057879092006,1.6740315723967087,63.899854735608166,21.74624473253108
2025-11-24 09:51:27.164041,24.1491207199402,59.713793395525805,1.5364694807065167,63.764607358085854,21.722875692237157
2025-11-24 09:51:27.464041,23.88720714078318,59.831908350622456,1.5753380894986262,63.74511179773097,21.622413309256057
2025-11-24 09:51:27.764041,23.79900204441559,59.847000090162844,1.7403630461634503,63.74458187695026,21.528207380143964
2025-11-24 09:51:28.064041,23.969603787559127,60.04014493375207,1.7791588890141812,63.70380748553897,21.5693461900475
2025-11-24 09:51:28.364041,23.93679807245632,60.10215326949933,1.7189459539887164,63.76936426025491,21.17119884959694
2025-11-24 09:51:28.664041,23.956324948957757,60.3043701210514,1.696071457895346,64.01415339608239,21.458913705503733
2025-11-24 09:51:28.964041,23.98743399260957,60.65677534262452,1.7681780491266639,63.830857416135515,21.529986351360293
2025-11-24 09:51:29.264041,23.89446195875418,60.69951910787983,1.6149790633034349,63.876536574250395,21.498950318492597
2025-11-24 09:51:29.564041,23.906576443418565,60.72626666863482,1.7970084878595234,63.580738498132305,21.350411190135592
2025-11-24 09:51:29.864041,23.870946467101852,60.61252165340965,1.7479719814992243,63.46443127401703,21.1955294936373
2025-11-24 09:51:30.164041,23.885712829588137,60.63710413669095,1.877308831693747,63.431837592291686,21.052371145113618
2025-11-24 09:51:30.464041,23.88126902568165,60.27117776612011,1.9387999034408074,63.504737636746896,21.051969425081353
2025-11-24 09:51:30.764041,23.9154329228118,60.0311216784764,2.099966767268496,63.68647127295474,21.074265440907237
2025-11-24 09:51:31.064041,23.81580480084948,59.78868754145716,2.0195305059945237,63.68722030411756,21.448598842300758
2025-11-24 09:51:31.364041,23.656157294414257,59.74676748073997,2.07484952102503,63.76315810370831,21.304740018632305
2025-11-24 09:51:31.664041,23.80063918182043,59.50635828123795,2.2239154106335803,63.75661349430281,21.47653640653373
2025-11-24 09:51:31.964041,24.00687423723228,59.572432586284,2.414077897600089,63.6267003565443,21.64340866855671
2025-11-24 09:51:32.264041,23.958424146860054,59.87600361595073,2.5616472445520273,63.2948772079896,21.888134408749778
2025-11-24 09:51:32.564041,23.665975439313176,59.81611854804679,3.2668408178345194,63.05412558917453,22.040577926151858
2025-11-24 09:51:32.864041,23.525389065352876,59.634023068274836,3.9485520602845208,62.88481225661658,22.147911187490156
2025-11-24 09:51:33.164041,23.40498323935186,59.485419509680014,4.292917779271456,62.687309735245535,21.906720293696832
2025-11-24 09:51:33.464041,23.501634622703058,59.30832683119885,4.365735302840495,62.70474755653605,21.76995081513469
2025-11-24 09:51:33.764041,23.56548858043998,59.38983340419636,4.661609849217465,63.12047597223869,21.772150364264043
2025-11-24 09:51:34.064041,23.303886540598427,59.63475816592498,4.736931598407645,63.603534186985755,21.45934468486629
2025-11-24 09:51:34.364041,23.0705447058735,59.55115235959277,4.915577724850854,63.75137687004822,21.499639393894807
2025-11-24 09:51:34.664041,22.832804258536413,59.51164568579355,5.334638318659372,63.84835598863754,21.441225571436743
2025-11-24 09:51:34.964041,22.53318075191506,59.71945904011999,5.615442353394342,63.69251523635539,21.356046633369928
2025-11-24 09:51:35.264041,22.402622946774297,59.7308716637543,5.960841055692968,63.45628979920508,21.02576799185757
2025-11-24 09:51:35.564041,22.382048453716454,59.846171201634895,6.25053134477195,63.030536940071826,21.05027430205342
2025-11-24 09:51:35.864041,22.2190534851184,59.60999433408605,6.321589863554818,62.78416520957298,20.998812663109266
2025-11-24 09:51:36.164041,22.491752600211363,59.53549781139132,6.180500157007809,62.916234591042105,21.101339993965848
2025-11-24 09:51:36.464041,22.528558841698253,59.14107309089438,6.388139209032839,63.17001032517825,21.017022114149043
2025-11-24 09:51:36.764041,22.266992105319513,58.85776947526014,6.569722443151318,63.29743248767126,20.914009951363994
2025-11-24 09:51:37.064041,22.225688908889506,58.41435711440604,6.751172715692283,63.57888173149946,21.195002055694037
2025-11-24 09:51:37.364041,21.782695289424606,58.45587877512013,7.257569064446544,63.616673067254936,21.35097480856539
2025-11-24 09:51:37.664041,21.571836115182617,58.41485654939172,7.804255687583675,63.657603293387986,21.665792231130954
2025-11-24 09:51:37.964041,21.66697196881009,58.56467439361923,8.297328730158833,63.71146531943098,21.73408564789439
2025-11-24 09:51:38.264041,21.772050175914416,58.909134535326466,8.69005855344016,63.38927880331756,21.8093438217326
2025-11-24 09:51:38.564041,21.635826095201594,59.08089226496746,8.692588506005844,63.117793688610405,21.574697931135876
2025-11-24 09:51:38.864041,21.57991665151889,59.40577412071533,8.685221070799527,62.8851043864699,21.596347912118258
2025-11-24 09:51:39.164041,21.557401101419153,59.48372346355474,8.634673030067553,63.00873211329207,21.51833953873738
2025-11-24 09:51:39.464041,21.57603109748547,59.3478650942017,8.677736188233496,63.13202034269584,21.42747318288123
2025-11-24 09:51:39.764041,21.54158730642399,59.23726822334264,8.94715295006943,63.01711245300218,21.379580620345113
2025-11-24 09:51:40.064041,21.53256708956485,59.25664501635005,9.50075884606608,62.96782507078999,21.359468212725346
2025-11-24 09:51:40.364041,21.449836058331236,59.28353838579608,9.702692116316973,62.990933363576225,21.29686658331416
2025-11-24 09:51:40.664041,21.269625265938906,59.21636825301802,9.837540843282827,62.96688399201065,21.339562858131988
2025-11-24 09:51:40.964041,21.033761541303747,58.98549135970897,10.15404725175024,63.033467686612866,21.371994031175063
2025-11-24 09:51:41.264041,20.734518635667115,58.895024228994345,10.656695192107685,63.08828694397747,21.29656953323542
2025-11-24 09:51:41.564041,20.70618577908468,58.95551816438536,10.778637000928333,63.10624923903631,21.2942309210542
2025-11-24 09:51:41.864041,20.712786101569968,58.741606085872135,10.956013800180834,63.093090850553736,21.268949252712265
2025-11-24 09:51:42.164041,20.542676691269346,58.78996482614079,11.272441498800386,62.9668024430873,20.823025663600866
2025-11-24 09:51:42.464041,20.33770725115846,58.91942205790155,11.533316193703605,62.75419925800479,20.51198832436534
2025-11-24 09:51:42.764041,20.274244411837213,58.83609146529523,11.781212973036524,62.79843646561252,20.53702405828781
2025-11-24 09:51:43.064041,20.406743868696825,59.003198215169704,12.041374396881102,62.889967640927146,20.642586778493126
2025-11-24 09:51:43.364041,20.60704290892175,58.898149381197875,12.190898621252291,62.59846337280991,20.731667851597543
2025-11-24 09:51:43.664041,20.69670234382784,59.07486328669684,12.502807859892028,62.547531425608156,20.682697687467133
2025-11-24 09:51:43.964041,20.805016434382033,59.06859060854037,12.584265295042245,62.642678031436404,20.641486689078302
2025-11-24 09:51:44.264041,20.742663016183396,59.00784548807348,12.939905727967965,62.69640516703711,20.964604385684453
2025-11-24 09:51:44.564041,20.759097914300956,59.01267678728821,13.374040587995315,62.67259740578372,21.074372944590095
2025-11-24 09:51:44.864041,20.560325497008364,58.65690951643123,13.808744284976218,62.38569442149968,21.088262957507464
2025-11-24 09:51:45.164041,20.22188242456274,58.58250934205101,14.153338941431855,62.387181633991624,20.871249817844053
2025-11-24 09:51:45.464041,20.06486810301145,58.430858993643604,14.04274817069942,62.195641367446555,20.805513805836686
2025-11-24 09:51:45.764041,20.016570003465215,58.19026238153705,14.256808174283643,62.33753798399447,20.739340621996973
2025-11-24 09:51:46.064041,19.901935123929974,58.374505314143086,14.239823808521955,62.806073111825036,20.533831071925743
2025-11-24 09:51:46.364041,19.69418511078203,58.41343185737813,14.152663293056793,62.86019809410107,20.710519812223147
2025-11-24 09:51:46.664041,19.691786871138518,58.22591014565347,13.937268775404153,62.94882635868962,20.411194272130206
2025-11-24 09:51:46.964041,19.55077401360948,58.210620520347916,13.741628200418436,63.01609748324216,20.256474413687904
2025-11-24 09:51:47.264041,19.529004413591785,58.07675808974379,13.86450936437946,62.85098424681012,20.254346114141477
2025-11-24 09:51:47.564041,19.500814706769706,58.2521913640606,14.16998172041097,62.8311604778958,20.377294796695175
2025-11-24 09:51:47.864041,19.400646195055952,58.2924308101567,14.659925861742686,63.00287114735241,20.644345110260264
2025-11-24 09:51:48.164041,19.12941841212145,58.33271655437825,14.642888504000007,63.00097573142075,20.690397196594436
2025-11-24 09:51:48.464041,18.801825647987904,58.556125981797656,14.870945714623009,62.74586492839508,20.978768575698354
2025-11-24 09:51:48.764041,18.785004482296607,58.79549669572141,14.897346124273431,62.52064076976901,21.17374035165087
2025-11-24 09:51:49.064041,18.852733079260272,58.7622965003594,14.906328240310314,62.52667725475375,20.953168286938386
2025-11-24 09:51:49.364041,18.658968629450424,58.68010895125172,14.833379582506968,62.455863550464876,20.964943344429397
2025-11-24 09:51:49.664041,18.493310898575444,58.50599472499364,14.936416423220791,62.26644976722886,20.91909952272921
2025-11-24 09:51:49.964041,18.197774619771813,58.43926040640811,14.769749924819772,62.0671355512074,20.773086993172146
2025-11-24 09:51:50.264041,18.110993112112588,58.35919619624299,14.725857641552738,62.15657500889676,20.777605852101093
2025-11-24 09:51:50.564041,18.268740504704265,58.09782574053071,14.92684953080523,61.89854135241566,20.628188068821288
2025-11-24 09:51:50.864041,18.34452822044946,57.89547803961556,15.236783562865021,61.850854039053715,20.71482004252023
2025-11-24 09:51:51.164041,18.522865810196116,57.865168168317105,15.283275500119741,61.69035242727746,20.54403929185626
2025-11-24 09:51:51.464041,18.363645680092947,57.99938160089328,15.180754628747794,61.83862285586451,20.483978594440124
2025-11-24 09:51:51.764041,18.292708194954248,58.00848486432555,15.063073706942163,61.75591204677355,20.459221582803103
2025-11-24 09:51:52.064041,18.237488917018002,58.02024431194239,14.876891994507933,62.1037056994626,20.40185138654267
2025-11-24 09:51:52.364041,18.340649296349188,58.25871712705375,14.890718902287517,62.139972839677256,20.602342657051143
2025-11-24 09:51:52.664041,18.562630570651518,58.3223837318081,14.930399432414301,62.20042203008343,20.706675684356153
2025-11-24 09:51:52.964041,18.491620304373775,58.38977566305046,14.65662849082707,61.9787153611368,20.879799707062077
2025-11-24 09:51:53.264041,18.78598930843621,58.06178251165124,14.421483148811845,61.59650700425339,20.941582215208246
2025-11-24 09:51:53.564041,18.910358083781233,57.52199972115965,14.587508560965613,61.38913743897647,20.903458446751916
2025-11-24 09:51:53.864041,18.983914646306907,57.65036543864226,14.878364271558137,61.16550637649053,20.84916107513524
2025-11-24 09:51:54.164041,19.02307102908668,57.37642053917584,15.032296301940047,61.28837297580836,20.536954206847987
2025-11-24 09:51:54.464041,18.814483027744714,57.37749179820541,15.277360892732915,61.415512369730166,20.050044361837344
2025-11-24 09:51:54.764041,18.637871323693428,57.40995216002631,15.410891317070492,61.62434371771791,20.00951218984182
2025-11-24 09:51:55.064041,18.445959735251357,57.17829496332464,15.172183163593639,61.83984244831861,19.578233666840813
2025-11-24 09:51:55.364041,18.20833266840901,57.2493912074784,15.156443879660847,62.092636881996526,19.487639587488992
2025-11-24 09:51:55.664041,17.99621347925888,57.34709553489703,15.32141871577452,62.095025381251496,19.506765412841887
2025-11-24 09:51:55.964041,18.0280003689471,57.39984970984315,15.182682347939197,61.816875625970894,19.809928472091585
2025-11-24 09:51:56.264041,18.0990663387868,57.67661612271854,15.13769240422367,61.54812333605786,19.898864429918515
2025-11-24 09:51:56.564041,18.354691850059886,57.74291996442713,14.773524195874096,61.22196242030738,20.20984404420473
2025-11-24 09:51:56.864041,18.56292577093858,57.69314794179771,14.319054918041257,61.22736201910787,20.564620421160615
2025-11-24 09:51:57.164041,18.775599039630677,57.51582989202052,14.026635755174897,61.162461009925096,20.549128232796576
2025-11-24 09:51:57.464041,18.887608601146944,57.39807371385695,13.771374723817937,61.293106832256875,20.49362677085833
2025-11-24 09:51:57.764041,19.058935038399753,57.24927596897248,13.793695097259311,61.39336080096933,20.389515914518118
2025-11-24 09:51:58.064041,19.11251962231482,57.121395239636264,13.727823760986446,61.49457108629116,20.35621131062469
2025-11-24 09:51:58.364041,19.096537851505047,57.04806976781014,13.641541028521827,61.386086793648715,20.638440494157756
2025-11-24 09:51:58.664041,19.04299663983691,57.146752557512954,13.530578320725214,61.33406095873775,20.480301596191683
2025-11-24 09:51:58.964041,19.067041043426507,56.98462170472622,13.415638388999259,61.41984920129904,20.623505451492182
2025-11-24 09:51:59.264041,18.80261770652584,57.04820572188581,13.121008912773117,61.224715263392724,20.386737724409873
2025-11-24 09:51:59.564041,18.818792387971765,56.99787273777049,13.180996525341019,61.20258194470199,20.342494210458028
2025-11-24 09:51:59.864041,18.817310281839468,56.932666189493986,13.247438798465408,61.16975812242162,20.50400633466229
2025-11-24 09:52:00.164041,18.580669163800213,56.766419230864315,13.10115144855454,60.99388223587669,20.40334543918226
2025-11-24 09:52:00.464041,18.430171534397154,56.699844332447405,12.86983459992613,60.903757009880096,20.515223092903625
2025-11-24 09:52:00.764041,18.437694781422856,56.462408121545245,12.93908310308615,60.886300097503,20.587420679772514
2025-11-24 09:52:01.064041,18.53934487254098,56.24389743949408,12.944078433162947,60.705474670083554,20.30510554399058
2025-11-24 09:52:01.364041,18.80841886069785,56.46137118432403,12.964480537770283,60.351123010238794,20.28902492614226
2025-11-24 09:52:01.664041,18.81539093876733,56.49718195946742,13.081409433263765,60.48804763508714,20.35225515431915
2025-11-24 09:52:01.964041,19.05729443937065,56.66933054229672,12.946904086171863,60.646625981748464,20.51478851279134
2025-11-24 09:52:02.264041,19.0732315768067,56.821407354148334,13.017540175831328,60.90681011863813,20.59748805672663
2025-11-24 09:52:02.564041,19.13752807072912,56.9959746350633,12.691094644963334,60.60498402898919,20.714823413762755
2025-11-24 09:52:02.864041,19.143735001446547,57.073106397592305,12.568979413748135,60.7212229701072,20.505643961253067
2025-11-24 09:52:03.164041,19.12548145477204,56.954206305799005,12.40575493844354,60.80552584953516,20.413959760567348
2025-11-24 09:52:03.464041,19.2339984734807,56.831393013965446,12.251884666495434,60.803383787018724,20.129768022331923
2025-11-24 09:52:03.764041,19.694987345500653,56.89533833871755,12.031807658274824,60.963956890109834,20.02321583673571
2025-11-24 09:52:04.064041,19.958892570450814,56.807348940012965,11.957022133793396,60.51710577285866,20.04627722231006
2025-11-24 09:52:04.364041,20.0558665122484,56.417623034444816,11.739258614170339,60.31627381341641,19.621532395405694
2025-11-24 09:52:04.664041,19.92256809288416,56.634962345091644,11.735718788503634,60.16073775303795,19.295877276457812
2025-11-24 09:52:04.964041,19.537882882649345,56.45987868027217,11.596736882190461,59.93517587199336,19.224914664722874
2025-11-24 09:52:05.264041,19.15043756594813,56.6282231660587,11.61651055821781,60.10448743467422,19.07982286242228
2025-11-24 09:52:05.564041,18.90378424422559,56.601201674596425,11.282878482277477,60.26794603037062,18.947187866447138
2025-11-24 09:52:05.864041,18.761853559846333,56.59837769596793,10.942941902438738,60.50791688417439,18.776038168132914
2025-11-24 09:52:06.164041,18.786566559209135,56.8300691437766,10.72263651475498,60.51214441354967,18.769488781386706
2025-11-24 09:52:06.464041,18.86202296015383,57.2060978313626,10.447552685312019,60.29385295606657,18.79952204131296
2025-11-24 09:52:06.764041,19.01667971299393,57.41824331063787,10.41256409290414,60.21978862655581,18.853975290290293
2025-11-24 09:52:07.064041,19.000332077426812,57.6765334945457,10.213392739875513,60.09283883978472,18.89765694123351
2025-11-24 09:52:07.364041,19.114489688403754,58.044223656847,10.200260992214979,60.02768799263466,18.687034279094313
2025-11-24 09:52:07.664041,19.093944787259232,57.88626024521489,10.160799388616846,60.2238653157694,18.5517249061731
2025-11-24 09:52:07.964041,19.231468011799013,57.72836591045108,10.00117041769974,60.33102117584803,18.379812345995166
2025-11-24 09:52:08.264041,19.123583018549446,57.45210497750664,9.996241952160089,60.30086024379115,18.471513135100057
2025-11-24 09:52:08.564041,19.290054181083118,57.06963705180622,9.789826428537953,60.196308571110976,18.69747861681916
2025-11-24 09:52:08.864041,19.258077150792804,57.18497284711494,9.678354191366106,60.37804226500489,18.780108950807254
2025-11-24 09:52:09.164041,19.424278738932504,57.18820098847415,9.693578270615085,60.29512888446969,18.878312743410007
2025-11-24 09:52:09.464041,19.678846580997412,57.0564777233554,10.097902665451478,60.15089863908643,18.999822005298252
2025-11-24 09:52:09.764041,19.80008064566792,56.99263093129778,10.581203422608748,60.33810146668539,19.133962427083073
2025-11-24 09:52:10.064041,19.965272630285142,57.02204557969677,10.262670255682927,60.29000474538546,19.177110671176944
2025-11-24 09:52:10.364041,20.079502949338117,57.05902333787215,10.283292145406207,60.50917001226305,19.309946843560706
2025-11-24 09:52:10.664041,20.099324241570883,56.8102646768554,10.174472895309728,60.74435892843922,19.388643122470526
2025-11-24 09:52:10.964041,19.976432235886907,56.95256028815185,10.00573517244936,60.489120735914355,19.653417112892786
2025-11-24 09:52:11.264041,19.650811102708417,57.022171901323226,9.937614195632197,60.73493703871493,19.908612485471586
2025-11-24 09:52:11.564041,19.41718714684501,57.34939559246882,10.046659889798404,60.52083542241895,19.97533305819397
2025-11-24 09:52:11.864041,19.261182754976417,57.34642615955014,10.25372364288477,60.43713618065443,20.041519191642774
2025-11-24 09:52:12.164041,19.01659868198898,57.427508419000155,10.605787897752805,60.393711807703205,20.19320168080844
2025-11-24 09:52:12.464041,18.69632799709321,57.404028614764215,10.669142877797753,59.92699275537999,20.28826133206725
2025-11-24 09:52:12.764041,18.50439921356047,57.4729472041733,10.785829261501934,59.555717273363356,20.021289291716382
2025-11-24 09:52:13.064041,18.473385342499032,57.4453709810175,10.78880990286542,59.46088137327035,20.040586788108694
2025-11-24 09:52:13.364041,18.54163149882409,57.482101882199615,10.519282823888126,59.36867118909457,20.110340359609243
2025-11-24 09:52:13.664041,18.602924429286034,57.24511952579519,10.28874571052515,59.572608954975564,20.343735035060387
2025-11-24 09:52:13.964041,18.670649818232487,57.27496049700444,10.300709492101351,59.977367277644255,20.24399959667434
2025-11-24 09:52:14.264041,18.575744881497872,57.089134328238096,10.073035168420514,60.27036507912255,20.285332534618366
2025-11-24 09:52:14.564041,18.487760713058087,56.80828560095696,9.966039765124526,60.60520707342368,20.303772374748522
2025-11-24 09:52:14.864041,18.362682718141308,56.717151167432164,9.638664535749392,60.845799844355724,20.127541289770807
2025-11-24 09:52:15.164041,18.15877052323436,56.50147154951807,10.090079857058303,60.87510841897246,19.839777733448877
2025-11-24 09:52:15.464041,18.015192803159103,56.58437632742938,10.326787803748926,60.66318706793251,19.274276630465433
2025-11-24 09:52:15.764041,18.047962709424873,56.33569920210411,10.434003921179192,60.913613863092216,18.921608919916874
2025-11-24 09:52:16.064041,17.97054420899207,56.437421360676524,10.473525460369373,60.935231530748844,18.9709950928758
2025-11-24 09:52:16.364041,17.844856391730666,56.65713200008764,10.6193365003638,61.204014667971194,18.85012890019023
2025-11-24 09:52:16.664041,17.91621602580135,57.09501887431823,10.610427553128266,61.393330863850565,18.954268202923753
2025-11-24 09:52:16.964041,18.003324046045265,57.22119253730596,10.853426359996773,61.39208363276847,19.08591798112253
2025-11-24 09:52:17.264041,18.00422807775968,57.494407789391616,10.88968883810808,61.58951631119382,19.12305548760114
2025-11-24 09:52:17.564041,18.03143220570982,57.8288416446196,10.860557301879892,61.54266660485744,19.262151240862238
2025-11-24 09:52:17.864041,18.01269425822937,57.95966043591086,10.940021956438528,61.40479915154466,19.162905303871444
2025-11-24 09:52:18.164041,17.992176159823007,57.86972483478462,10.854742869903804,61.33592666353628,19.314268143755257
2025-11-24 09:52:18.464041,17.88099968798598,57.514810922376206,10.410376493950146,61.29532703238002,19.38439913909496
2025-11-24 09:52:18.764041,17.72856070684912,57.45257166293905,10.27866408663995,61.28394093347739,19.159011473393555
2025-11-24 09:52:19.064041,17.74915053048118,56.95331323846874,9.954463838078995,61.052969201172054,19.16219500343455
2025-11-24 09:52:19.364041,17.899923933589314,56.877442842868575,9.838658680165386,60.68084851532151,18.977595970825476
2025-11-24 09:52:19.664041,17.79501075282465,56.814932790838725,9.581798589973127,60.570180495689826,19.068205664499118
2025-11-24 09:52:19.964041,17.785427232457046,56.8688086103143,9.66542521955421,60.37874903567063,19.017458337687543
2025-11-24 09:52:20.264041,17.569683402841434,56.7270178824753,9.786556080415007,60.60093839335242,18.87788075939057
2025-11-24 09:52:20.564041,17.162784758316906,56.72102774814445,9.860100436268752,60.46483077951303,19.082426615631963
2025-11-24 09:52:20.864041,17.122667998233446,56.375515590016235,9.700446451075736,60.33647148961708,18.812553324027874
2025-11-24 09:52:21.164041,16.8659611031208,56.109024185118905,9.706911501856561,60.23779999990993,18.951063931685585
2025-11-24 09:52:21.464041,16.468753524343363,56.16916658341823,9.79338600201988,60.18423663853842,18.869139874306562
2025-11-24 09:52:21.764041,16.397961083691357,55.76049077534866,9.545548449755886,60.29307487627919,18.615362112360465
2025-11-24 09:52:22.064041,16.155417158576675,55.57697923889382,9.479949361821909,60.62200051552944,18.584146475443603
2025-11-24 09:52:22.364041,16.20389638240101,55.408643304122975,9.205523092225585,60.90529687908681,18.615821810881947
2025-11-24 09:52:22.664041,16.278422648648576,55.51947431453768,9.189171486277655,61.16051109103697,18.763673859015853
2025-11-24 09:52:22.964041,16.142508789669836,55.380888560372775,9.308516963645587,61.13778428167564,18.572792310123777
2025-11-24 09:52:23.264041,16.11101901282968,55.180412453556364,9.059910339109317,60.66513785255414,18.56606291280621
2025-11-24 09:52:23.564041,16.328117999365794,55.641800913038644,8.581173435465422,60.33726831770317,18.48530253659071
2025-11-24 09:52:23.864041,16.591533238032337,55.655957431736695,8.246551251741288,59.98575009885711,18.63731137770884
2025-11-24 09:52:24.164041,16.60227443569812,55.50731187256489,8.198730043186877,59.84254719271614,19.019022351425473
2025-11-24 09:52:24.464041,16.821083602602137,55.51632456304262,8.159463125911675,59.691688777734136,19.04125663714347
2025-11-24 09:52:24.764041,16.739206676307045,55.47233490401095,7.969322675273444,59.88398556272399,19.019580506564644
2025-11-24 09:52:25.064041,16.523516062676592,55.111947458098754,7.943411653786235,59.943834509839235,19.314816878185205
2025-11-24 09:52:25.364041,16.23319657822254,55.03756478446061,7.754536539920931,60.11326815193321,19.25388885341771
2025-11-24 09:52:25.664041,16.03221317516333,55.36035126428005,7.807755427295516,60.11707881490738,19.05449261901619
2025-11-24 09:52:25.964041,15.672220897176615,55.61055788288432,7.653135142903238,59.97485208261238,18.742712370776896
2025-11-24 09:52:26.264041,15.733332635291807,55.678823031830206,7.695018079730436,59.913879417424226,18.669416580630052
2025-11-24 09:52:26.564041,15.7380269052307,55.548376111750294,7.426081949796756,59.684908265669925,18.355595449064474
2025-11-24 09:52:26.864041,15.682402169904933,55.4636569376375,7.062602907333252,59.51621392601841,18.526691672061293
2025-11-24 09:52:27.164041,15.61962751542562,55.14563464082194,6.675091789936554,59.51643985826462,18.807484144944564
2025-11-24 09:52:27.464041,15.662280702965933,55.38096695906819,6.120691788539228,59.646577240735866,18.776366616415665
2025-11-24 09:52:27.764041,15.64801930680665,55.4651487417776,5.672253221685325,59.61674816633727,18.589148019922625
2025-11-24 09:52:28.064041,15.520966806618317,55.322470248125406,5.507566774417073,59.70985003592099,18.5363687241055
2025-11-24 09:52:28.364041,15.494481246224147,55.17461824220923,5.581467321968487,59.54251909157516,18.580092992200804
2025-11-24 09:52:28.664041,15.064303672060008,55.222437831140255,5.716191625590957,59.175556686336876,18.484354884236
2025-11-24 09:52:28.964041,14.944250357529272,55.29462847579803,5.886451850083502,59.00520796854767,18.387697169442813
2025-11-24 09:52:29.264041,14.814984862869093,55.00380616935264,5.7187318601977335,59.07600529409315,18.51720674830856
2025-11-24 09:52:29.564041,14.712985862520592,54.95412254301642,5.963817249517091,58.98726533870387,18.59653320598462
2025-11-24 09:52:29.864041,14.624488971166851,55.0163438345561,5.9264555853418415,59.210966519491386,18.79883182826276
2025-11-24 09:52:30.164041,14.414066913967496,55.00356152282867,5.666283476448304,59.42840472582123,18.55431935745295
2025-11-24 09:52:30.464041,14.039964820492349,55.06313313376364,5.316079325573865,59.636845338688005,18.614436190589824
2025-11-24 09:52:30.764041,13.925005702720863,55.033231894236785,5.165320824930012,60.04674567415062,18.464120667742247
2025-11-24 09:52:31.064041,13.762625384439609,54.98059449475013,5.0467913777841815,60.05798363448668,18.428549740878744
2025-11-24 09:52:31.364041,13.554276342770516,55.030579640077086,5.143330794210774,59.98577262299182,18.76314756670849
2025-11-24 09:52:31.664041,13.49565554713978,55.23567036262296,5.167956000613525,59.71485885584658,18.855303815583248
2025-11-24 09:52:31.964041,13.43896725774871,55.295564688593814,5.225478013333024,59.400098509113114,18.649743236652025
2025-11-24 09:52:32.264041,13.29321904937286,55.468915523445865,5.173546143817415,59.552606312568564,18.69879326611525
2025-11-24 09:52:32.564041,12.804298182314133,55.51913880568445,4.96642022931087,59.709208960408695,18.909807707666513
2025-11-24 09:52:32.864041,12.33210044483999,55.46071026985428,4.799169368076725,59.70826204940825,19.013255176922463
2025-11-24 09:52:33.164041,12.122587891129202,55.54896655711935,4.4998094173966585,59.71514852481889,19.0589807894514
2025-11-24 09:52:33.464041,12.155285688660733,56.0876468799559,4.104824234595356,59.73733778535647,19.142813546703575
2025-11-24 09:52:33.764041,12.331331523031661,56.0849049654751,3.902619936815943,59.814730502619426,19.244957442049802
2025-11-24 09:52:34.064041,12.446253896969374,56.11741311764963,4.015803938735491,59.660575713290655,19.105843704452504
2025-11-24 09:52:34.364041,12.532475729135673,55.84804381072065,3.997875973149319,59.6081156700149,18.959660274566716
2025-11-24 09:52:34.664041,12.683838937286206,55.48235852151336,4.138160091282617,59.89332624306001,18.733858048393508
2025-11-24 09:52:34.964041,12.850871825404766,55.26884232700603,4.117974826112766,59.95287285281857,18.658011126202812
2025-11-24 09:52:35.264041,13.011003511719412,55.168575111308755,4.39570249023775,59.940908353020895,18.749985631447124
2025-11-24 09:52:35.564041,12.779090448361357,55.2542210593323,4.626821018274477,59.85008034996529,18.83275836502259
2025-11-24 09:52:35.864041,12.641401915534384,55.497622475322785,4.671394846581585,59.65546960055763,18.897241732894464
2025-11-24 09:52:36.164041,12.436366665776422,55.59991589763889,4.683352548862587,59.202478050815834,19.180155129290206
2025-11-24 09:52:36.464041,12.53271947867619,55.74363363517567,4.55838453111077,58.959591324481345,19.486560397016888
2025-11-24 09:52:36.764041,12.728318960815145,55.628580343268624,4.75019218535639,58.960224368450554,19.811219557324577
2025-11-24 09:52:37.064041,13.161259367434804,55.53185490989232,4.915019811924563,59.05087195168778,19.933053330027736
2025-11-24 09:52:37.364041,13.057472403660247,55.63355914614506,4.769506774677922,59.20713904131873,19.731987220204058
2025-11-24 09:52:37.664041,13.092465943959233,55.964980246360085,4.8682041901272814,59.210874652942714,19.771017078441282
2025-11-24 09:52:37.964041,12.833642487454135,56.14688936789217,5.253322307826788,59.57278023335668,19.370184749524164
2025-11-24 09:52:38.264041,12.809899084510974,56.07342867418642,5.279509027381513,59.35888485895754,19.40692697769116
2025-11-24 09:52:38.564041,12.677282828498194,55.770182797219846,5.3762335273204815,59.345392545069835,19.227239034502517
2025-11-24 09:52:38.864041,12.516397002118538,55.477131658724474,5.661686438040851,59.446927278693266,19.04740361500395
2025-11-24 09:52:39.164041,12.828582999581398,55.553241358016194,5.982368384843724,59.22679146357842,18.938696174676917
2025-11-24 09:52:39.464041,12.867543062647572,55.60643526578184,6.111878086826462,59.55502635128407,18.739343005990943
2025-11-24 09:52:39.764041,12.851063265634952,55.82206352430285,6.115367002793772,59.61126738065575,18.67602732514655
2025-11-24 09:52:40.064041,12.709069098588245,55.67100932909188,6.293508064329218,59.60334301472075,18.567146062193302
2025-11-24 09:52:40.364041,12.713920897180412,55.811780220680774,6.479450713624998,59.473784664224226,18.17921523355616
2025-11-24 09:52:40.664041,12.782194110297588,55.649435445288994,6.4995160605100395,59.31140006061294,18.384282129908673
2025-11-24 09:52:40.964041,12.703008884797493,55.3474802876846,6.706075860724935,59.27383733715129,18.620629848674653
2025-11-24 09:52:41.264041,12.944569639144564,54.94701020981119,6.786570722116132,59.5018740625622,19.072116885251184
2025-11-24 09:52:41.564041,12.97873125317808,54.794164089136494,6.913974561578415,59.56529204033309,19.11045482783329
2025-11-24 09:52:41.864041,13.131182650220362,54.592545102304484,7.119332297655285,59.83958684488626,19.313241104632382
2025-11-24 09:52:42.164041,13.158006623475242,54.56493020973323,7.109193826515905,59.8969554004899,19.364392786301234
2025-11-24 09:52:42.464041,13.414521903189108,54.588028269339574,7.415025330680875,59.655995554582915,19.38137910735409
2025-11-24 09:52:42.764041,13.623594390660932,54.77912004562689,7.798988927248589,59.22883837101236,19.70962945783166
2025-11-24 09:52:43.064041,13.666431167120413,55.190425547121166,8.528841431921725,59.32146505650537,19.415294470721417
2025-11-24 09:52:43.364041,13.818342214936528,55.50640516734955,8.941435202314663,59.50492011109597,19.497285996574412
2025-11-24 09:52:43.664041,13.838805208314824,55.96590040757839,9.496263325889679,59.734796269320846,19.457393524913773
2025-11-24 09:52:43.964041,13.74088123265896,56.056747010116865,9.884662205666219,59.7363809142281,19.125540533603886
2025-11-24 09:52:44.264041,13.733686962324711,56.238694054755065,10.474132560123602,59.70902696940476,18.9306755836976
2025-11-24 09:52:44.564041,13.84984707577573,56.1492939500745,10.876480531998006,59.80902255714955,18.881894541907577
2025-11-24 09:52:44.864041,13.503962647128802,56.03315892836353,11.293692472847823,59.646723231019614,18.71758684755386
2025-11-24 09:52:45.164041,13.363848191192588,55.8223214793498,11.185793439727899,59.64438138817894,18.82164671981495
2025-11-24 09:52:45.464041,13.170557310794868,55.73652756710802,11.219589767655691,59.54051681962247,19.105547115535817
2025-11-24 09:52:45.764041,13.049615860752809,55.5622957462041,11.245306842729061,59.55292928534714,19.029627449053024
2025-11-24 09:52:46.064041,13.380401457928874,55.50183923677826,11.520505831598772,59.7847352129028,19.112362820376603
2025-11-24 09:52:46.364041,13.79393365231502,55.573856947049414,11.754495516620795,59.695967675065,19.205373657068257
2025-11-24 09:52:46.664041,13.958079800621375,55.22703287514015,11.693259966540506,59.88701422005211,18.950378943170016
2025-11-24 09:52:46.964041,13.912580534400714,55.33582320759984,11.918145057081112,60.18333351318136,18.91725434356135
2025-11-24 09:52:47.264041,13.961108675351143,55.17528934126593,12.403144195489432,60.3436166432857,18.96852414419253
2025-11-24 09:52:47.564041,13.941735672788155,55.26568775922356,12.663750001961303,60.58825980197608,19.074014246123493
2025-11-24 09:52:47.864041,13.731285983224698,55.45659301389796,12.978847332142907,60.958882767003374,18.755696225547144
2025-11-24 09:52:48.164041,13.72191333290302,55.73156009273713,13.563508262228035,60.804918856202534,18.529972248489262
2025-11-24 09:52:48.464041,13.981401826986051,55.486559981395615,13.898922077139861,60.8305930415234,18.26113258912223
2025-11-24 09:52:48.764041,14.146748254128,55.344668748605606,14.461824688420238,60.68974009661168,18.149785349228512
2025-11-24 09:52:49.064041,14.162023200909882,54.987737151962904,14.59071419490848,60.798376257748124,17.935356304119694
2025-11-24 09:52:49.364041,14.352871754216306,54.648253433045014,14.776594882958248,60.68948216139492,17.627701930530073
2025-11-24 09:52:49.664041,14.41825562693068,54.64741870029879,14.847397462251584,60.67492408017146,17.398263493072474
2025-11-24 09:52:49.964041,14.226174853539838,54.70718491781728,15.526768088094949,60.61116636765147,17.589048790520916
2025-11-24 09:52:50.264041,14.097307231101917,55.10656533985495,15.929477990752854,60.626662930710395,17.836072677319816
2025-11-24 09:52:50.564041,14.13430694153311,55.17756870439351,16.46813172387101,60.51807064987568,18.2289241341196
2025-11-24 09:52:50.864041,14.412466922799275,55.411803138370196,16.75634818676046,60.44115394326891,18.43779948184693
2025-11-24 09:52:51.164041,14.312218464702744,55.59267170235555,16.816977446916958,60.516302156497765,18.246080054548983
2025-11-24 09:52:51.464041,14.255345884443864,55.742116121446514,16.95468949687904,60.41912620746408,18.332678873571414
2025-11-24 09:52:51.764041,14.207670711000494,55.70894361864839,17.07342996824642,60.43251950629856,18.33306747127432
2025-11-24 09:52:52.064041,13.891901372202337,55.60999121480263,16.986223560104722,60.514237799110234,18.030450722061563
2025-11-24 09:52:52.364041,13.759807909722317,55.57447571365359,17.238315248069156,60.63889646071924,18.286651712809228
2025-11-24 09:52:52.664041,13.792506189431801,55.8101905481347,17.196720819496473,60.33257744020868,18.514769296236185
2025-11-24 09:52:52.964041,13.670708839387554,55.8898563677398,17.127273617960146,60.30331988619975,18.549117576779707
2025-11-24 09:52:53.264041,13.562019413960698,55.81338080504453,17.225872246214887,60.453823301587335,18.56629717396929
2025-11-24 09:52:53.564041,13.57471515119769,55.93275593405532,17.260863793615815,60.38021168635413,18.677272534829118
2025-11-24 09:52:53.864041,13.329382467254637,55.857935987183154,17.37953615341316,60.28870227524348,18.60276181752099
2025-11-24 09:52:54.164041,13.403568930393407,55.89986177600113,17.751183255765774,60.28264840722693,18.676139747027616
2025-11-24 09:52:54.464041,13.498383315030873,55.779207784238494,18.110876820497086,59.927517921187324,18.51254966086192
2025-11-24 09:52:54.764041,13.71136864855954,55.62022512922222,18.6795332280934,60.01330759221549,18.255081440264796
2025-11-24 09:52:55.064041,14.127378501676494,55.64793104846912,19.22559688388829,60.00827116856846,17.96340025058071
2025-11-24 09:52:55.364041,14.281755905867957,55.5589288783085,19.59578522386397,59.72844223354563,18.118889138230756
2025-11-24 09:52:55.664041,14.57698651468408,55.215849735106595,19.734317683746948,59.64660331119879,18.130444961649747
2025-11-24 09:52:55.964041,14.557887949307023,55.2452140748317,19.71248857899607,59.522670258065254,17.85158126930464
2025-11-24 09:52:56.264041,14.423286814981644,55.384488912078446,19.558099507974465,59.47023142409782,17.886019663770707
2025-11-24 09:52:56.564041,14.316239456421144,55.31531300848897,19.90045560944628,59.40194990325498,17.741913460705973
2025-11-24 09:52:56.864041,14.073815923546867,55.31231780468757,19.864647865046386,59.61416773732597,17.90630829858812
2025-11-24 09:52:57.164041,13.873492041027248,55.03784977162162,19.75601854648555,59.6757919077221,18.119326508448932
2025-11-24 09:52:57.464041,13.62080521195565,54.910352259834845,19.289912566494916,59.547200193186484,18.199642759656694
2025-11-24 09:52:57.764041,13.887224091213845,54.89699946939676,19.29884249048987,59.76053128678745,18.237004479700076
2025-11-24 09:52:58.064041,13.65724334261315,54.65159420218909,19.623498602312488,59.82967225404252,18.25899036137704
2025-11-24 09:52:58.364041,13.540052256122506,54.61774565791215,19.722439988446094,59.84589591592347,18.12557068587249
2025-11-24 09:52:58.664041,13.378505247027231,54.715545864620594,19.71126987275387,59.929223887841715,18.246796680625497
2025-11-24 09:52:58.964041,13.199490626213024,54.847248150892355,19.805267164127155,60.07820919274999,18.234808783835977
2025-11-24 09:52:59.264041,13.18772035142425,54.87168434134526,19.944947404026546,60.150443555550524,18.232009004847807
2025-11-24 09:52:59.564041,13.269621213400184,55.078066066991425,19.82249485296541,60.18291693101737,18.130857519365204
2025-11-24 09:52:59.864041,13.360852884061554,55.161788994911,19.74671483655783,59.99568802112905,17.821146820449023
2025-11-24 09:53:00.164041,13.407228760158706,55.00875777774588,19.866975568694237,59.92038026891211,17.62905672387337
2025-11-24 09:53:00.464041,13.201887319343246,54.860026845440984,20.16662280490653,60.010076206965806,17.47012528953599
2025-11-24 09:53:00.764041,13.039196520902305,54.77151591002461,20.571247656154352,60.05813353032183,17.494663071193532
2025-11-24 09:53:01.064041,12.904057958406838,54.91277643326331,20.80784606681672,60.04640650083704,17.43380395587922
2025-11-24 09:53:01.364041,12.774951923500295,54.721370847863724,20.695232825877998,60.11829362166973,17.65077336358915
2025-11-24 09:53:01.664041,12.534187938811971,54.687134032858225,20.83358101648699,59.97025811761726,17.748358652158142
2025-11-24 09:53:01.964041,12.662540886391294,54.594194690293065,20.76373797647254,59.88895605881876,17.977270827884745
2025-11-24 09:53:02.264041,12.71968160507911,54.52379292935966,20.63891630872804,59.87388165800715,18.120145489289705
2025-11-24 09:53:02.564041,12.683278257587917,54.44837320024561,20.721539110430957,59.8517852459407,18.06862171643823
2025-11-24 09:53:02.864041,12.491573740840876,54.33359108611261,20.68409737988467,59.87223008180312,17.978349963172672
2025-11-24 09:53:03.164041,12.421814501952435,54.35243751920716,20.599682181098085,60.026785227958435,17.690471175122358
2025-11-24 09:53:03.464041,11.949140260741334,54.31880328664423,20.38724029931145,60.1712063555945,17.5813829453342
2025-11-24 09:53:03.764041,11.665215047345834,54.076156195976885,20.06118095832957,60.12295657472656,17.489904519198767
2025-11-24 09:53:04.064041,11.494298413747337,53.72094677303172,19.779522716809566,60.16814027596738,17.508953919622112
2025-11-24 09:53:04.364041,11.16262774834622,53.73169103205076,19.626333766177943,60.201869019318174,17.274607833078623
2025-11-24 09:53:04.664041,11.069987853520283,53.70355948788403,19.76440222726036,60.138445777997,17.13161749699329
2025-11-24 09:53:04.964041,11.139780123426188,53.55178932495627,19.942568629386155,60.228452983448285,17.10963636334241
2025-11-24 09:53:05.264041,10.995583917758118,53.493879797532614,20.069500403702722,60.53399370624863,17.28809967859565
2025-11-24 09:53:05.564041,11.144965862588464,53.41827940743695,20.118698518492007,60.573224819760384,17.518947390559266
2025-11-24 09:53:05.864041,11.151091057363342,53.582262283793185,20.232483150945615,60.87358394068791,17.717551526555425
2025-11-24 09:53:06.164041,11.302427130466393,53.594586544158965,20.459332342163915,60.798871752853266,17.778281845551703
2025-11-24 09:53:06.464041,11.399672532557798,53.69523790648492,20.416261288191542,60.67435633581268,17.691865033226694
2025-11-24 09:53:06.764041,11.37039212499548,53.589493731087614,20.434945703949904,60.70538790876306,17.73861104661686
2025-11-24 09:53:07.064041,11.347201001200554,53.5993029596911,20.23653377808972,60.77682179154434,17.632272305198633
2025-11-24 09:53:07.364041,11.335814921704047,53.665050603822976,20.150623332635462,60.65072695067611,17.5522333773245
2025-11-24 09:53:07.664041,11.007953356427745,53.801350777508496,19.91559941571171,60.780008019105296,17.509030950896424
2025-11-24 09:53:07.964041,10.664844450452131,53.816339370299744,19.900296754557957,60.57317303611739,17.487648601134705
2025-11-24 09:53:08.264041,10.510944212556101,53.678305243905186,20.037833164132785,60.571619968896755,17.524189171115875
2025-11-24 09:53:08.564041,10.111111976280853,53.83979728005093,19.96251969312491,60.27538661122948,17.44446264345223
2025-11-24 09:53:08.864041,9.980748189859652,53.75193576030296,19.53890648252447,60.01018097552276,17.43090347252198
2025-11-24 09:53:09.164041,9.715067645190162,53.76241371656131,19.403411890329412,60.19075327575401,17.545329389078574
2025-11-24 09:53:09.464041,9.655278532125694,53.621439127810184,19.44716239792201,60.13736478194022,17.571049944147525
2025-11-24 09:53:09.764041,9.633646300245893,53.49148023415032,19.380811426133246,60.089525511035895,17.6096097520765
2025-11-24 09:53:10.064041,9.699959345307827,53.22021852607909,19.225388883719095,60.31767298141612,17.496459477541656
2025-11-24 09:53:10.364041,9.517711801258669,53.118861756465556,19.217462123785964,60.5055116971662,17.445202286013576
2025-11-24 09:53:10.664041,9.503475059698893,52.92856557871387,19.248122841033943,60.68077874224346,17.295476730659185
2025-11-24 09:53:10.964041,9.32728873096372,52.89232465922118,19.167026773760764,60.495203158216945,17.226434540523336
2025-11-24 09:53:11.264041,9.203191562630423,52.97567226567788,18.910299949636414,60.60551072378386,17.26200332011903
2025-11-24 09:53:11.564041,8.930484585941345,52.76687090473893,18.8906696781527,60.662470415976216,17.17269339046549
2025-11-24 09:53:11.864041,8.640123429166495,52.622521187123006,19.125268069273513,60.7329885167776,16.896600303413564
2025-11-24 09:53:12.164041,8.641438676725045,52.55848774905207,19.00554959189533,60.44766228514405,16.57240881019388
2025-11-24 09:53:12.464041,8.797717528181298,52.586325396869164,18.882726109582464,60.22355886819987,16.30043191638266
2025-11-24 09:53:12.764041,8.839703927046973,52.629608195743344,18.96265639258602,60.24726950868891,16.187187639125042
2025-11-24 09:53:13.064041,8.76157580910632,52.61844105031917,18.794930970309792,59.93796229501225,16.062079654950736
2025-11-24 09:53:13.364041,8.826261643607745,52.88541264696595,18.587587148538883,60.00256164216489,16.07139313350948
2025-11-24 09:53:13.664041,8.636850049076255,52.80661533695127,18.551926255695427,60.10387627343228,15.910842291304117
2025-11-24 09:53:13.964041,8.525973619971912,52.83835524081514,18.049482004612138,60.32848917046153,16.003861316422014
2025-11-24 09:53:14.264041,8.42619146147768,53.03830801852423,18.009349772306674,60.09783577416666,16.110547862979573
2025-11-24 09:53:14.564041,8.542470597145327,52.95239074497752,18.032060117875353,59.61244946288554,16.215280117347078
2025-11-24 09:53:14.864041,8.694406515879011,52.85732661787995,18.02508010738222,59.541475569761616,16.322383510087104
2025-11-24 09:53:15.164041,8.620611234996531,52.49339207808327,17.96145942256382,59.447552009959026,16.154685576208422
2025-11-24 09:53:15.464041,8.4914478596879,52.31608717039905,17.834845635739153,59.362578760525444,16.04384324903943
2025-11-24 09:53:15.764041,8.509032613079519,52.524116489740564,17.838111051912776,59.40267148201698,16.283966874492663
2025-11-24 09:53:16.064041,8.491765200814315,52.75974364146127,17.705597798796017,59.3974000464764,16.155837525089094
2025-11-24 09:53:16.364041,8.496987034184066,52.57916549223315,17.45756744231676,59.379345863902955,16.03847112744197
2025-11-24 09:53:16.664041,8.527490178709234,52.59345533819393,17.372916911744984,59.56414274399774,16.035745653128668
2025-11-24 09:53:16.964041,8.360395622974082,52.85903769890023,17.21962834521045,59.42578349522156,15.904528487054266
2025-11-24 09:53:17.264041,8.06583179216261,53.154567891958564,17.069721907239085,59.32649928946597,15.799384285216643
2025-11-24 09:53:17.564041,7.723517150407545,53.12343392350751,17.03803598949249,59.10001300100718,15.742868192479282
2025-11-24 09:53:17.864041,7.652066272543217,53.09455197586326,17.09999164176656,59.176085750066385,15.577168801804671
2025-11-24 09:53:18.164041,7.324665088164488,53.0278156405834,17.250549501637508,59.30273961164001,15.58235100487672
2025-11-24 09:53:18.464041,6.954074418517444,52.94896052628672,17.32941960179081,59.38009464420708,15.416135633043169
2025-11-24 09:53:18.764041,6.810319022726184,52.68238944928961,17.35266583395026,59.228080182234834,15.39874729747118
2025-11-24 09:53:19.064041,6.665452816371366,52.61314057509173,17.20776913981105,59.01907680296142,15.458702424656128
2025-11-24 09:53:19.364041,6.69584288103366,52.545272740548334,17.00414940866413,59.043312259052044,15.601426066183894
2025-11-24 09:53:19.664041,6.620963108846121,52.35122125472332,16.88626674968979,58.984392010464816,15.88526309188703
2025-11-24 09:53:19.964041,6.6691011716460675,52.44450045235495,16.757315182719996,59.21091336180469,15.910912421826126
2025-11-24 09:53:20.264041,6.536531293890023,52.60096889997854,16.76041624790912,59.156856720650346,15.983958753613202
2025-11-24 09:53:20.564041,6.301409332905892,52.51046001226502,16.537679566920268,59.098018135941345,16.045728952676722
2025-11-24 09:53:20.864041,5.975235260369907,52.35515809596218,16.738431153510074,58.82272018340065,16.004955664493632
2025-11-24 09:53:21.164041,5.73154700388545,52.35146119662044,16.774874893677453,58.826561424219335,15.993868368913672
2025-11-24 09:53:21.464041,5.433634023776345,52.04646034661324,16.898837019640027,58.79993699922095,15.990141484499368
2025-11-24 09:53:21.764041,5.328664267505268,52.292790372780935,16.771236979913663,58.630280207727814,15.607922309959145
2025-11-24 09:53:22.064041,5.311200618974124,52.11511888927543,16.529402440671674,58.19555719897395,15.552025225317312
2025-11-24 09:53:22.364041,5.4632974891229065,52.3461584767427,16.257914004305988,58.137153098027774,15.6995755294276
2025-11-24 09:53:22.664041,5.571649199951402,52.49469065637725,16.099592304226547,57.917477017478184,16.014964062832693
2025-11-24 09:53:22.964041,5.80902737738481,52.71322755898095,16.049201438496652,57.679475549443005,16.10891327316635
2025-11-24 09:53:23.264041,5.914156624418074,52.94036180980454,15.874850548810016,57.572172539136346,16.014455429074374
2025-11-24 09:53:23.564041,5.908280494150867,52.95941260927171,16.040032941046796,57.329371801207195,15.971670734708516
2025-11-24 09:53:23.864041,6.207143495966374,53.07969072034762,15.692269958480127,57.447766900782824,15.702431600476373
2025-11-24 09:53:24.164041,6.053070061771183,53.0205959283822,15.548908372683258,57.79621221350575,15.469139913266286
2025-11-24 09:53:24.464041,5.838999094586983,53.27703690286355,15.389433866425122,57.89971662336438,15.313374106968626
2025-11-24 09:53:24.764041,5.496652782622158,53.295435804978716,15.094747455147003,57.779897081216006,15.372596414827932
2025-11-24 09:53:25.064041,5.152915540044084,53.23278754673811,14.815805201961382,57.45537245372471,15.147669586747107
2025-11-24 09:53:25.364041,4.803830868436515,53.03178824310203,14.88957207753866,56.9789802397877,15.120410441036896
2025-11-24 09:53:25.664041,4.582384486962388,52.99976269900614,14.96966350166378,56.44548547217746,15.051218439217676
2025-11-24 09:53:25.964041,4.357979801173982,53.01546210039753,14.915510044161765,56.4510245251495,14.847528590707277
2025-11-24 09:53:26.264041,4.339430493707365,53.052650522384354,14.841045086695999,56.75285932434961,14.619552898698958
2025-11-24 09:53:26.564041,4.113286525760101,53.00130369854437,14.82336313895889,57.00672756940104,14.47865187869532
2025-11-24 09:53:26.864041,3.9115496317957286,52.5792692786296,14.651706957768884,57.296653563879545,14.632138395646509
2025-11-24 09:53:27.164041,3.991774226278878,52.46956989616047,14.61119937763927,57.4130729278513,14.5520096605797
2025-11-24 09:53:27.464041,3.9697456004954876,52.21228131907601,14.444832596024032,57.1896216052094,14.787267306858597
2025-11-24 09:53:27.764041,4.035926569399,52.0613220234337,14.300579565147258,57.09922032879901,14.907641021301632
2025-11-24 09:53:28.064041,3.876445102392593,52.20237611213649,13.952117981159464,56.74570079006233,14.616414517162548
2025-11-24 09:53:28.364041,3.6407308569620818,52.151748319333315,13.861531959509378,56.40387908974618,14.238475037027522
2025-11-24 09:53:28.664041,3.490677682531284,52.24501921536367,13.722298357950459,56.260238415970136,14.226470774001875
2025-11-24 09:53:28.964041,3.473210343695662,52.35810161607635,13.463532564714043,55.93843617379215,14.054993403226868
2025-11-24 09:53:29.264041,3.592036971925952,52.30504535803428,13.12935066556424,56.275569150292505,13.791533101560404
2025-11-24 09:53:29.564041,3.7161298253781188,52.21142771792659,13.239305706333354,56.31625477931298,13.888974590095794
2025-11-24 09:53:29.864041,3.715581953719249,52.293173614857125,13.23289093028426,56.01721586599402,14.102444562331117
2025-11-24 09:53:30.164041,3.6954917251757156,52.14574559817765,13.142025837767202,55.83840773897277,13.920513068852609
2025-11-24 09:53:30.464041,3.5723963080709504,52.27459044565179,13.237201646933704,55.618586158106254,13.89200572158296
2025-11-24 09:53:30.764041,3.2805790345520283,52.40132486272815,13.149574493347982,55.68379458510539,13.517334034273924
2025-11-24 09:53:31.064041,3.1041379574153627,52.71031480838938,12.913650929582369,55.66282596036015,13.41226420306346
2025-11-24 09:53:31.364041,2.8614669759118803,52.75729771007552,12.681221856094163,55.54626743005719,13.607683880735472
2025-11-24 09:53:31.664041,2.7009036538856273,52.64867217057724,12.443040017789471,55.799154866632506,13.879417109093712
2025-11-24 09:53:31.964041,2.7548474821227598,52.50834107530751,12.268417137967676,55.97263021566699,14.100798316389756
2025-11-24 09:53:32.264041,2.755767151293902,52.35574721969484,11.973098703429976,56.130576668477495,14.092629184320288
2025-11-24 09:53:32.564041,2.739172762158634,52.15772186304679,11.82020865707735,56.26351833528319,13.994448367245436
2025-11-24 09:53:32.864041,2.649472734784,52.088682619278295,11.59753413321183,56.33217240061666,13.798307243617224
2025-11-24 09:53:33.164041,2.562268243467399,52.25722576359457,11.397271236458836,56.188724744487295,13.745687248313024
2025-11-24 09:53:33.464041,2.023667445309087,52.18793954351474,11.213271543169366,56.05395718995129,13.843015099928824
2025-11-24 09:53:33.764041,1.7434543520798091,52.348545155215646,11.12235693473302,55.83133203890057,13.802879000459187
2025-11-24 09:53:34.064041,1.4356288454308128,52.40681033165264,10.781154778978877,55.70464116001035,13.872342635936612
2025-11-24 09:53:34.364041,1.2845570933035613,52.23352637918582,10.564815990740216,55.492250176623486,13.999495127427878
2025-11-24 09:53:34.664041,1.3028740955301992,52.09697860264687,10.601876930723389,55.552469947641455,14.144540820323009
2025-11-24 09:53:34.964041,1.501065722883069,52.173807970715714,10.539150329948631,55.69413120227295,13.972172013760767
2025-11-24 09:53:35.264041,1.6324827342418597,52.06900204286324,10.591504592647219,55.708804227907876,14.309013365562702
2025-11-24 09:53:35.564041,1.4939787836434,52.09551036232142,10.735580312035541,55.63619373767515,14.218454432117502
2025-11-24 09:53:35.864041,1.6164673640614058,52.2178683542308,10.517435038568074,55.409573909407605,14.143416416467616
2025-11-24 09:53:36.164041,1.5779613966202044,52.38765968588691,10.297063907811088,54.96872357593677,14.082105215805697
2025-11-24 09:53:36.464041,1.7802087643819027,52.57488249933885,10.148863634664,54.637557096666214,13.884215944238987
2025-11-24 09:53:36.764041,1.6070091226919057,52.97424020149753,10.295526721898643,54.91980697563323,13.603943401194499
2025-11-24 09:53:37.064041,1.493094425377023,53.29600805899337,9.991551238407602,55.152018810271706,13.506652822642224
2025-11-24 09:53:37.364041,1.504174270919623,53.73703954519241,9.685137611860107,55.25761392907724,13.319930720688847
2025-11-24 09:53:37.664041,1.7177537070266953,53.757545228285124,9.155315402252127,55.08330132583002,13.338571535354346
2025-11-24 09:53:37.964041,1.571062850989068,53.82455902578734,8.944669946018353,55.078625709464305,13.575160510841751
2025-11-24 09:53:38.264041,1.6395603318499172,53.72809509735742,8.843090447441865,55.00495936074908,13.918382302134468
2025-11-24 09:53:38.564041,1.5328702898703113,53.616009938226995,8.879517220194664,55.109740974997685,13.936785144793129
2025-11-24 09:53:38.864041,1.5232874872595286,53.62865833776186,8.744063190199645,55.081610532624836,13.845985726671282
2025-11-24 09:53:39.164041,1.5899820165492609,53.73689985870008,8.689631161858703,55.18798082081583,13.815378247794037
2025-11-24 09:53:39.464041,1.4769219392306052,54.07153024553464,8.573298006305194,55.16512550550643,13.753087302247167
2025-11-24 09:53:39.764041,1.4386644923065712,53.86995891864255,8.42900661627454,55.161979592008386,13.792653911164104
2025-11-24 09:53:40.064041,1.6851359678620899,53.69644289097675,8.392069091572871,54.97517900360414,14.038978798790493
2025-11-24 09:53:40.364041,1.8192634537795356,53.78154964745928,8.418229383158566,55.00074666498704,14.041527970975569
2025-11-24 09:53:40.664041,1.9170862651891603,53.87694306165044,8.331374207947086,55.002147456083925,14.296046843834212
2025-11-24 09:53:40.964041,1.7959788937823138,53.827549922677875,8.102209081942856,54.88429287135837,14.308386161621112
2025-11-24 09:53:41.264041,1.443426584982175,53.964515500215754,7.68222284364041,54.82999789689823,13.94414927869241
2025-11-24 09:53:41.564041,1.3745313180192271,53.6768708638354,7.811062645548339,54.98351813573672,13.910089894809415
2025-11-24 09:53:41.864041,1.3468231329082456,53.55950616548853,7.952097890539626,54.89047226291803,14.24802710754724
2025-11-24 09:53:42.164041,1.2681671778204135,53.64821897616202,7.77587194849289,55.313110623168456,14.258109347208476
2025-11-24 09:53:42.464041,1.4140226095036226,53.735993079262684,7.656137968439758,55.42153384860472,14.446025689144433
2025-11-24 09:53:42.764041,1.5396827480545592,54.15195691748607,7.433273028462616,55.43212033854434,14.485380025325554
2025-11-24 09:53:43.064041,1.631628514238674,54.63864740485804,7.148628208982974,55.533899653287975,14.769829061034605
2025-11-24 09:53:43.364041,1.471638727324492,54.688451490406656,7.18467016735664,55.75839265274602,14.824007032976693
2025-11-24 09:53:43.664041,1.6308106125039579,54.85585065156902,7.2573332956425425,55.66526367903883,15.162637626050891
2025-11-24 09:53:43.964041,1.6344468189161758,54.7217673858978,7.2928737724489885,55.980232543808334,15.054993051483905
2025-11-24 09:53:44.264041,1.3208532821324994,54.580689947445535,7.420989289520345,55.92959963582597,15.146219904122628
2025-11-24 09:53:44.564041,1.2811027876355512,54.3195612599053,7.710768822930218,56.06799647728188,14.802242712091665
2025-11-24 09:53:44.864041,1.3259760334068893,54.20014894210621,7.7382360206734715,55.898057071379846,14.511969095466304
2025-11-24 09:53:45.164041,1.4727744279651491,54.39328863016523,7.743925351080637,55.71221861532321,14.759500154675385
2025-11-24 09:53:45.464041,1.512097157463512,54.537770227792045,7.874878334204037,55.852087336115204,14.902414641424082
2025-11-24 09:53:45.764041,1.4814145638532352,54.582593539021,7.984974960804563,55.924133558557486,14.939783261679374
2025-11-24 09:53:46.064041,1.606479483112616,54.56227624343571,8.219658760520687,55.8877883512357,15.102166722505045
2025-11-24 09:53:46.364041,1.6911608427019185,54.37872347007391,8.63033771805779,55.89977457930658,14.997709662859947
2025-11-24 09:53:46.664041,1.8476095836529696,54.18008730123957,8.606475634937048,55.82338153372066,14.861898625816066
2025-11-24 09:53:46.964041,1.5757354516782762,53.95056784410419,8.946847968154618,55.74421540247436,14.734552998865745
2025-11-24 09:53:47.264041,1.1813694305231914,54.05631695162739,9.03798202452562,55.75300693023985,14.797755605359367
2025-11-24 09:53:47.564041,0.9062293296703607,54.266925891615735,8.869211858490903,55.68432802686067,14.884686285065518
2025-11-24 09:53:47.864041,0.7910637626423127,54.385053719519384,8.89130003903862,55.834277453448,15.126027054127302
2025-11-24 09:53:48.164041,0.7643525600596893,54.657290088513086,9.03945683234569,56.271130100233215,15.363104206923156
2025-11-24 09:53:48.464041,0.793166909183189,54.72652749906003,9.469746620072257,56.30167831051651,15.444035461879633
2025-11-24 09:53:48.764041,0.7996646673662325,54.80250933731922,9.65058238716518,56.300030676795984,15.246166619021398
2025-11-24 09:53:49.064041,0.8716530136054943,54.45218937375169,9.894442043677742,56.34488971886072,15.31917949831413
2025-11-24 09:53:49.364041,0.6519951462640039,54.40395747509391,10.3592198758466,56.004521724748955,15.044765347255812
2025-11-24 09:53:49.664041,0.6215776318736098,54.17946936002441,10.601774181473543,56.108818362833354,14.927988680193097
2025-11-24 09:53:49.964041,0.7642438161890893,53.865180675155976,10.649999684964458,56.20151937015194,14.965985715035163
2025-11-24 09:53:50.264041,0.978032130726302,53.78480103861837,10.898102773378328,56.10135251206667,14.750566424559512
2025-11-24 09:53:50.564041,0.8840226303025052,53.45147889678915,10.991148787546384,56.11102423039192,14.867292142587836
2025-11-24 09:53:50.864041,0.9738617644825479,53.620091059667075,11.052605740215885,56.05147989278825,15.133673878422178
2025-11-24 09:53:51.164041,0.9943131190387777,53.825173514627636,11.098713536271138,56.29770103980667,14.909513059636282
2025-11-24 09:53:51.464041,0.8547442345612256,53.93574938917519,11.243790827309036,56.46284603316624,15.118678009245453
2025-11-24 09:53:51.764041,0.4900650551443576,54.32398030095793,11.38783163796391,56.60719241392688,15.13263473831507
2025-11-24 09:53:52.064041,0.4854044412972748,54.45528508897702,11.60306918005267,56.776472951681924,15.256021429751472
2025-11-24 09:53:52.364041,0.4976352954122021,54.5961347436693,11.92088123126419,56.717713803800706,15.262519151449549
2025-11-24 09:53:52.664041,0.4559199524523869,54.764490325997826,12.382699842473967,56.60007099628075,15.195712024668854
2025-11-24 09:53:52.964041,0.3143089781628335,54.80029819213436,12.53788372554245,56.75890829870909,15.445373475274168
2025-11-24 09:53:53.264041,0.27505973675431206,54.804434123227814,12.720443330614877,56.65185342344045,15.527517265989033
2025-11-24 09:53:53.564041,0.07387085322990705,54.602800632465275,12.990192788323602,56.380509193466224,15.458498032704105
2025-11-24 09:53:53.864041,0.004474170517326903,54.670183703339575,13.283100924558324,56.47979959617083,15.465915282445263
2025-11-24 09:53:54.164041,0.0,54.4644783535901,13.286619399377043,56.444046026434336,15.498564423355438
2025-11-24 09:53:54.464041,0.0,54.22685025663248,13.747185731912083,56.62377979205772,15.66770941464211
2025-11-24 09:53:54.764041,0.0,54.07894632321422,13.730829705367144,56.70544430336408,15.884308408160859
2025-11-24 09:53:55.064041,0.2834713792708248,54.383490280068976,13.956491831040362,56.82591128080336,16.022183710452648
2025-11-24 09:53:55.364041,0.5993172256483139,54.776414370024106,13.954859229527871,56.65523562846031,16.112241824091832
2025-11-24 09:53:55.664041,0.8843461798858249,54.99875475091949,13.778695475424074,56.41462795245163,16.375314963301513
2025-11-24 09:53:55.964041,1.1396515899087312,55.0353339366659,13.851449340857155,56.05224917396867,16.58995417803502
2025-11-24 09:53:56.264041,1.3087656763768014,55.273796835457574,14.081261657216036,55.90930346523108,16.511778849711423
2025-11-24 09:53:56.564041,1.3837745857335089,55.1297468012347,14.05054432055379,56.01758043254086,16.393495904444276
2025-11-24 09:53:56.864041,1.337308142959905,54.89453728171173,14.447341980628176,56.42781913082516,16.246689489909702
2025-11-24 09:53:57.164041,1.189550311562242,54.56582009479399,14.66353185573677,56.40691392056236,16.12103862878341
2025-11-24 09:53:57.464041,1.3916252542965901,54.29855286058826,15.324593866439786,56.51941282419548,16.090122497366416
2025-11-24 09:53:57.764041,1.4460629708648818,54.373948734038095,15.83088016475809,56.508160567896475,16.150582016552324
2025-11-24 09:53:58.064041,1.3691901736070256,54.77129245573935,16.130376193024713,56.28340170204429,16.068382775911594
2025-11-24 09:53:58.364041,0.9528852269228125,55.15257983826853,16.66412903829613,56.09400319377217,16.132286421511548
2025-11-24 09:53:58.664041,0.7189100092807248,55.046305410455886,17.043752818035394,55.73623315935715,16.002792854846966
2025-11-24 09:53:58.964041,0.4858213881915296,55.074633086588996,17.371391619422994,55.70030899357133,15.834079260257564
2025-11-24 09:53:59.264041,0.28278829804776867,54.9922159161035,17.554714238207158,55.72768572163028,15.975215276301164
2025-11-24 09:53:59.564041,0.35402335053087164,54.75610452331541,17.7284260489244,55.95770933615891,15.986011010651398
2025-11-24 09:53:59.864041,0.44817626664541066,54.46707938305152,17.849660599932687,56.12329590630312,16.21198258383617
2025-11-24 09:54:00.164041,0.42256738219407486,54.59025808738141,17.978435963704264,55.94847365736808,16.35341599515979
2025-11-24 09:54:00.464041,0.5454869366656587,54.82687843596725,17.92015802974803,55.81739373079403,16.43685793072738
2025-11-24 09:54:00.764041,0.5484144713151204,54.81808131163901,17.605335765517957,55.727293602395925,16.208275900518252
2025-11-24 09:54:01.064041,0.7160293411218444,54.9209662475931,17.652308330727042,55.57994836225164,16.273513792027092
2025-11-24 09:54:01.364041,0.7645572092171473,54.9822069846103,17.841866223638753,55.615984331857014,16.02225178649903
2025-11-24 09:54:01.664041,0.902487515599452,55.00578941524186,18.36700473125263,55.571653512067925,15.885410258192595
2025-11-24 09:54:01.964041,0.8602731849316662,55.25306989957079,18.640127983884234,55.483179139966886,15.97972342312455
2025-11-24 09:54:02.264041,0.98150301370894,55.38652007861449,18.76819413435766,55.42387091182176,16.27154343900764
2025-11-24 09:54:02.564041,0.986643624711404,55.66439907295613,19.231660552823875,55.466196205887556,16.556897362860298
2025-11-24 09:54:02.864041,0.9268697370973911,55.94266710680239,19.25954218415985,55.189583779868876,16.67113043565311
2025-11-24 09:54:03.164041,0.9664319510135688,56.07455300721688,19.585740209285113,55.38718715537891,16.911250793651142
2025-11-24 09:54:03.464041,1.1059871145230789,56.43203195473512,19.633352237477943,55.36008988402337,16.880963933659476
2025-11-24 09:54:03.764041,1.1939991315333427,56.59138739871991,19.867706252339325,55.52002856535655,16.990244906474736
2025-11-24 09:54:04.064041,1.2876575663443006,56.717600604043255,20.043998412462518,55.50888876489275,17.06321638233325
2025-11-24 09:54:04.364041,1.3280694526819758,56.50812129272967,20.07470253260015,55.51247596984267,17.15594829886341
2025-11-24 09:54:04.664041,1.2018728227069067,56.392068814640325,19.931095030216646,55.31226935140382,17.069200989862825
2025-11-24 09:54:04.964041,1.4698548556740885,56.143396884927725,19.73098218344161,55.52315162090671,16.930704156735608
2025-11-24 09:54:05.264041,1.6723433940086199,56.096445033870836,19.881381818938372,55.56373565850981,16.974173511802537
2025-11-24 09:54:05.564041,1.8761664119280763,56.124490079383584,19.912133941756526,55.93055264692155,16.850034703002354
2025-11-24 09:54:05.864041,2.0844856883922884,56.28969745752625,20.34962826909995,56.02502014773753,16.718059688367042
2025-11-24 09:54:06.164041,2.3851161190811183,56.20707632252099,20.697278278087303,56.115246342457624,16.384439502767894
2025-11-24 09:54:06.464041,2.434926020894311,56.10452168188285,21.09370800673399,56.13964948748996,16.229676752977
2025-11-24 09:54:06.764041,2.502809743942841,55.9801648956784,21.101772534473128,56.18117288930982,16.28789437084883
2025-11-24 09:54:07.064041,2.3571894561614597,56.181101075502895,21.114161337519118,56.09368506073508,16.380022960837806
2025-11-24 09:54:07.364041,2.5053044550001506,56.21878352427238,21.146469603043762,55.93308407552904,16.760106850457234
2025-11-24 09:54:07.664041,2.679481430205883,56.14050175068213,21.04943027444777,55.90883656640387,17.014554263828906
2025-11-24 09:54:07.964041,2.745031549733071,56.389948444854454,20.94551612047007,55.943262894461824,17.127432692126604
2025-11-24 09:54:08.264041,2.678530387332025,56.43187663681203,20.952567966420197,55.811894449946145,17.31775120684267
2025-11-24 09:54:08.564041,2.767635690936367,56.532860537119326,20.917877526412372,55.75875891060201,17.517796829941002
2025-11-24 09:54:08.864041,3.1339821923882365,56.40425560200774,21.0318241736183,55.541586545173544,17.451836013328805
2025-11-24 09:54:09.164041,3.3468160249489127,56.517743458548196,21.296427958528252,55.638329684535,17.6180879276122
2025-11-24 09:54:09.464041,3.2352568399481654,56.820055938917115,21.50121842584218,55.55665824481609,17.554366598101453
2025-11-24 09:54:09.764041,3.312291265977776,56.90081601740669,21.55154277856015,55.60931265151249,17.73466130487987
2025-11-24 09:54:10.064041,3.0506186362592125,57.07008091720888,21.493193583277648,55.81808556686618,17.73332033829914
2025-11-24 09:54:10.364041,2.8252983901350675,57.29485146460394,21.51135209891093,56.11277493219691,17.82219731660407
2025-11-24 09:54:10.664041,2.8404469061169344,57.386556753464205,21.417265102312086,56.43438391209403,18.043101879204055
2025-11-24 09:54:10.964041,2.820741038649665,57.596747663831266,21.30756279280999,56.64362340101745,18.176886964415715
2025-11-24 09:54:11.264041,2.9011311777790376,57.73152261936228,21.56843971960362,56.50707415221505,18.21071646673579
2025-11-24 09:54:11.564041,3.029260145559889,57.5458146668503,21.61095004280214,56.5857276887895,18.236857976003645
2025-11-24 09:54:11.864041,3.1016323094764697,57.68182815227864,21.630985887612276,56.56713512169382,18.44380427044002
2025-11-24 09:54:12.164041,3.1630155528616646,57.62732665056523,21.297374165852464,56.41077585303527,18.32930557089105
2025-11-24 09:54:12.464041,3.3159817454480582,57.481908790727594,21.206884924199297,56.60873646498847,18.01222463062015
2025-11-24 09:54:12.764041,3.7268085586607476,57.52047773493781,20.900877189387046,56.428763933323516,17.930726601155733
2025-11-24 09:54:13.064041,4.003628557361189,57.450821798323155,20.650331087320588,56.585030099225,18.076476292249215
2025-11-24 09:54:13.364041,4.043859543074711,57.07009284843895,20.24324707078394,56.49576807557502,18.39342320977036
2025-11-24 09:54:13.664041,4.253611787604392,57.27031097821209,19.98256852897253,56.6526202199503,18.501912868439824
2025-11-24 09:54:13.964041,4.075181229238486,57.39696310964852,19.571711875478048,56.70711915808159,18.39100646982119
2025-11-24 09:54:14.264041,3.8815258424203885,57.8264549271268,19.577582694976837,56.669969691152055,18.25897790130707
2025-11-24 09:54:14.564041,3.5185810459759805,57.991687687862644,19.518007706935133,56.91770081126937,18.243395114754126
2025-11-24 09:54:14.864041,3.4161724345698956,57.970186894817694,19.47021489951098,57.210703796888914,17.895370461066072
2025-11-24 09:54:15.164041,3.422813056478072,57.87646949470024,19.175319935220962,57.476312030023614,17.932818398544768
2025-11-24 09:54:15.464041,3.721779094825527,57.791303318810726,18.96480261494376,57.670786601370516,17.956471396475905
2025-11-24 09:54:15.764041,4.143396821236807,57.80244565061638,18.80832502712835,57.48415582950135,18.13586310808994
2025-11-24 09:54:16.064041,4.256607276853117,57.82271531843017,18.59366292924671,57.340739755603266,18.56343082671695
2025-11-24 09:54:16.364041,4.3622782956412784,58.02911127582438,18.62128756486243,57.05224702087623,18.346357099133595
2025-11-24 09:54:16.664041,4.599729174347217,58.01327110228205,18.48688511954609,57.03215289957413,18.43758089192898
2025-11-24 09:54:16.964041,5.203775791580911,58.029671094117106,18.569948710705717,56.986161528321546,18.501731278804186
2025-11-24 09:54:17.264041,5.445588065704978,58.22764011958592,18.640561790477832,56.96699006482653,18.498359766144116
2025-11-24 09:54:17.564041,5.880882350821209,58.18308546433227,18.570927277714997,57.09778847619559,18.263335270693837
2025-11-24 09:54:17.864041,5.989301255996487,58.26283078621994,18.59673052373118,57.19356785517701,18.27034708310327
2025-11-24 09:54:18.164041,5.951176880097617,58.36302377068327,18.240468427117232,57.19824030021075,18.30294767098006
2025-11-24 09:54:18.464041,5.820983073675285,58.33332708567833,18.03790357676805,57.435591195027136,18.068992078234754
2025-11-24 09:54:18.764041,5.908712137302469,58.167407397280094,17.97140755346091,57.50826183524444,18.16247636788427
2025-11-24 09:54:19.064041,5.867462216723231,57.97454980973812,18.076456304354615,57.566881669720566,18.21033144954346
2025-11-24 09:54:19.364041,6.20580064202581,58.0884100190596,17.762558780221966,57.320457143663035,18.37011513616349
2025-11-24 09:54:19.664041,6.2669247282514835,58.278618080681795,17.470210958453826,57.422011810413515,18.59956036231617
2025-11-24 09:54:19.964041,6.485729298785604,58.39507916902347,17.41519381827207,57.45170075548379,18.811299055349107
2025-11-24 09:54:20.264041,6.658620361329127,58.612305419575776,17.061131282444762,57.21681626976879,18.84580936076373
2025-11-24 09:54:20.564041,6.728332904409246,58.868027652899215,17.068366723843322,57.17592196223448,19.007485536130847
2025-11-24 09:54:20.864041,6.795489612509959,58.985798632669926,16.946852509380754,57.10632569541275,19.11614282968071
2025-11-24 09:54:21.164041,7.092207045409711,59.26642260208191,16.959329565726634,56.84094883543705,19.14140547271307
2025-11-24 09:54:21.464041,7.3292500561336205,59.32633725518598,17.12587370320238,56.79504127918234,19.10610810266625
2025-11-24 09:54:21.764041,7.441012039406702,59.22006328631683,17.159143957114612,56.95952027662639,19.15869989129737
2025-11-24 09:54:22.064041,7.736488371015852,58.93004099092574,16.62505643206344,56.99128417026084,19.127962307384262
2025-11-24 09:54:22.364041,7.927319670357207,58.78226169110764,16.204847156361545,57.2948163603301,19.020691372770596
2025-11-24 09:54:22.664041,8.155438568600099,58.64915841628972,15.94820320596265,57.49413116751038,18.93993590056179
2025-11-24 09:54:22.964041,8.327987417298942,58.78567198835012,15.629893348820612,57.616690866418814,18.89025559397428
2025-11-24 09:54:23.264041,8.467106680888394,59.0797070525222,15.79463274469592,57.842606093537995,18.66966346905072
2025-11-24 09:54:23.564041,8.21381818598955,59.311016945293446,15.763901700773893,57.59366184120552,18.67769974623843
2025-11-24 09:54:23.864041,8.397628936743438,59.28186827362941,15.829264848807318,57.604450806081545,18.702809019283055
2025-11-24 09:54:24.164041,8.74464397360141,59.24270959589375,15.715098103274348,57.60543584723908,18.813703219810844
2025-11-24 09:54:24.464041,8.813414730817572,59.17045671795078,15.554615665577714,57.80774902385045,18.561868498791874
2025-11-24 09:54:24.764041,9.086815381391883,59.07355689130406,15.262644985262954,57.9293801414745,18.54084930320684
2025-11-24 09:54:25.064041,9.203991997294203,59.05917488278815,15.179348740242467,58.08920465126644,18.57455990214516
2025-11-24 09:54:25.364041,9.418341282709282,58.86456871973505,15.188448620157997,58.202568027423865,18.511757040835683
2025-11-24 09:54:25.664041,9.511260111772598,58.93208546371018,15.229982504368003,58.501678740932036,18.69435258291011
2025-11-24 09:54:25.964041,9.703839104354879,59.12554001544915,14.999086987170264,58.77980350578555,19.045196982555648
2025-11-24 09:54:26.264041,9.59723606878945,59.1070090638645,14.956564321385898,59.014696204448036,19.222193143871458
2025-11-24 09:54:26.564041,9.71731591962819,59.078772205626336,15.007539110593445,59.13708085060632,19.197906652529916
2025-11-24 09:54:26.864041,9.94590176312931,59.13831187161341,14.710252852379199,59.26486864279712,19.495974393171327
2025-11-24 09:54:27.164041,10.144597460543451,59.03375160245627,14.562832917382686,59.465212194055724,19.518238010661452
2025-11-24 09:54:27.464041,10.469669350067301,59.150573444151824,14.56107907906518,59.33793849777069,19.717063018817058
2025-11-24 09:54:27.764041,10.67540867153121,59.43403806019107,14.598977881899817,59.60331120532852,19.72757187021579
2025-11-24 09:54:28.064041,10.574576122248587,59.47436308312609,14.359085654567199,59.661019617147886,19.8467362435938
2025-11-24 09:54:28.364041,10.50637542716494,59.555065301645705,14.214140768294023,59.688674784983164,19.886503758941405
2025-11-24 09:54:28.664041,10.606893626971564,59.67490590371839,13.981575421823624,59.672799826079974,19.984112412637966
2025-11-24 09:54:28.964041,10.894184919713917,59.5117597892995,14.139616635596385,59.672323781266286,19.815339792366704
2025-11-24 09:54:29.264041,11.000832335166297,59.74237271415399,14.193225089699066,59.75262427932651,19.73210121288483
2025-11-24 09:54:29.564041,11.041089262211191,59.55050560533907,14.060626219716852,59.78061277878501,19.710888934825213
2025-11-24 09:54:29.864041,11.258312026527781,59.611226211238154,13.741448089394952,59.59464975078686,19.858682014527666
2025-11-24 09:54:30.164041,11.330537136326548,59.82172047192669,13.904555378129926,59.41131653659468,20.146231695889295
2025-11-24 09:54:30.464041,11.492024746372334,59.669712493987035,13.826661377344857,59.56838213266931,20.437705360677633
2025-11-24 09:54:30.764041,11.53174082391718,59.699409773261294,13.759085303911046,59.18391326884863,20.61306904884553
2025-11-24 09:54:31.064041,11.86217533903681,59.52392332318248,13.814616731503644,59.330886977741294,20.76556445378498
2025-11-24 09:54:31.364041,12.075439301193354,59.47757743670332,13.928432291046809,59.502753442281566,20.548208270044704
2025-11-24 09:54:31.664041,12.153107181885936,59.51491808705236,13.94382071856127,59.46552187546172,20.58902015159165
2025-11-24 09:54:31.964041,12.20291204339758,59.29250586923368,13.853624191355964,59.60632252564209,20.59308052932422
2025-11-24 09:54:32.264041,12.138301670677079,59.3283583589472,13.816141496897137,59.635288134463075,20.581308129934467
2025-11-24 09:54:32.564041,12.224898455922002,59.44524992803767,13.694161856096656,59.67551462391411,20.63806338810173
2025-11-24 09:54:32.864041,12.516814526575734,59.25287271496262,13.693017445686614,59.75996743477134,20.543269209928233
2025-11-24 09:54:33.164041,12.690820678594037,59.194914384104315,13.881761444443779,59.50015395933496,20.508061574369254
2025-11-24 09:54:33.464041,13.045552492688376,59.095463474817784,13.635718075275424,59.19955831525129,20.62676277208961
2025-11-24 09:54:33.764041,13.55912638926655,59.148724771095665,13.535640955716152,59.08914132265807,20.6374305968797
2025-11-24 09:54:34.064041,13.778339928245712,59.19679431728486,13.424544647759932,59.03807290520128,20.730775194143312
2025-11-24 09:54:34.364041,14.041001853583847,59.266482595723765,13.677560314944435,58.9446130972388,20.789493983569926
2025-11-24 09:54:34.664041,14.079840566585808,59.44392694828849,13.553155152474183,59.21239495219227,20.826193129761823
2025-11-24 09:54:34.964041,14.241187345960006,59.392180276597905,13.282498445923938,59.68236982284643,20.93215495232082
2025-11-24 09:54:35.264041,14.512416239787301,59.334080628124894,12.946907432195426,60.081545927663676,21.25809031732461
2025-11-24 09:54:35.564041,14.647181669420638,59.48303028312431,12.758667747293607,60.16347990312818,21.334837715387973
2025-11-24 09:54:35.864041,14.711346081714236,59.44857051841016,12.677539756433896,59.901887624531646,21.612728531510115
2025-11-24 09:54:36.164041,14.825949388262824,59.63403731775083,12.457663649277816,59.5649121807839,21.80016890766517
2025-11-24 09:54:36.464041,14.748560539768516,59.9104414758213,12.507238817769238,59.39650832052919,21.683022395440545
2025-11-24 09:54:36.764041,14.66878951741034,60.028658707169214,12.301656538234287,59.27981817844348,21.70598685084997
2025-11-24 09:54:37.064041,14.638172302768535,60.34331816925277,11.801183165796276,59.165750524447255,21.734427630802454
2025-11-24 09:54:37.364041,14.670752454431858,60.60151064424974,11.396455717393932,59.18185314261943,21.541917875103394
2025-11-24 09:54:37.664041,14.92579975307321,60.630861633921995,11.214435469447508,59.1851180040714,21.21084368902439
2025-11-24 09:54:37.964041,15.104525001845841,60.26310748812682,11.03153550522413,59.255971779251844,21.02553003541736
2025-11-24 09:54:38.264041,15.496166677691775,60.08449939068829,10.797481062721207,59.27816294456155,20.989578555961337
2025-11-24 09:54:38.564041,15.620933296002187,60.04290925078868,10.671771227525921,58.89739417496662,21.17844685957157
2025-11-24 09:54:38.864041,15.776449002404071,59.972717607004,10.27290830209694,58.758132919253434,21.70558524989714
2025-11-24 09:54:39.164041,15.963293842980901,60.09508570094703,9.9876178320799,58.79725105237488,21.791961528317415
2025-11-24 09:54:39.464041,15.884854737841016,60.19833642513459,9.953490325271005,59.003994406084345,21.882570469575004
2025-11-24 09:54:39.764041,15.656999690907286,59.954377350349574,9.464713755068166,59.08171913521438,21.857379674292375
2025-11-24 09:54:40.064041,15.80394358643186,60.1032439466842,9.43843157315725,59.00410823543588,21.82809302811744
2025-11-24 09:54:40.364041,16.0469098082163,60.013358712904704,9.535124775633681,59.20516176433455,21.715182106631826
2025-11-24 09:54:40.664041,16.18178426937288,59.83714096126588,9.666678521377946,59.16794448560306,21.499254766149786
2025-11-24 09:54:40.964041,16.39188576649222,60.28009051006747,9.486490544770916,59.30710630643234,21.38919393464239
2025-11-24 09:54:41.264041,16.3692444478464,60.437689939968536,9.14496562500432,59.372432390362256,21.358723068191587
2025-11-24 09:54:41.564041,16.41866009414265,60.58021246888149,8.919043669703228,59.53376302132802,21.488031928735587
2025-11-24 09:54:41.864041,16.55949126397242,60.76067435502229,8.71691935333287,59.63602343945791,21.460190395703982
2025-11-24 09:54:42.164041,16.282928800090648,60.91796093618476,8.374368522367767,59.74764715832438,21.288817745660293
2025-11-24 09:54:42.464041,16.26154860408567,60.95226743355848,8.321625927202826,59.871671087668666,21.35513738726814
2025-11-24 09:54:42.764041,16.186468684627762,60.82600192597212,8.287672842283564,60.07156643401537,21.512379921900525
2025-11-24 09:54:43.064041,16.3914452599777,61.026837869176624,8.216367530342865,60.13386663697561,21.62190723993831
2025-11-24 09:54:43.364041,16.382627898149156,61.36536522276646,7.91603743622297,60.33455172039743,21.861283964618764
2025-11-24 09:54:43.664041,16.667044131548572,61.31288523039375,7.925177857271999,60.37097173929022,22.27408203096155
2025-11-24 09:54:43.964041,17.023222542847176,61.340742062651046,7.763229244597111,60.66449484226482,22.430930897759474
2025-11-24 09:54:44.264041,17.05073951866969,61.575565647337925,7.565352827298762,61.01439754304437,22.63727062009468
2025-11-24 09:54:44.564041,17.11736358380849,61.240835283334604,7.36896788332813,61.0767327678754,22.654115790059333
2025-11-24 09:54:44.864041,17.283309661135803,60.968716012223034,7.139223957578597,61.07941567529612,22.595231594233223
2025-11-24 09:54:45.164041,17.37282953852434,60.98222214480606,7.027032085551708,61.11842996221664,22.483659622132347
2025-11-24 09:54:45.464041,17.467923650522717,61.02327910178082,6.713532842282195,61.14818550530609,22.3496088328227
2025-11-24 09:54:45.764041,17.515832559346425,61.07488942346578,6.265481828063552,61.17064895199807,22.40786368414904
2025-11-24 09:54:46.064041,17.942227756418113,61.039245528285086,6.218561794038619,61.33183226081069,22.533267261494675
2025-11-24 09:54:46.364041,18.37705366116395,61.02552721513653,6.02727259916645,61.47400996460426,22.712046941962157
2025-11-24 09:54:46.664041,18.64715753103968,60.896793326326275,5.7869927613034235,61.82367210956081,22.876681827948804
2025-11-24 09:54:46.964041,18.8908503773449,60.8907916700512,5.7007224123456925,61.69203472940189,22.89696939352274
2025-11-24 09:54:47.264041,19.076763460287257,60.95853318794207,5.576150793863553,61.8116274741287,22.988229446172816
2025-11-24 09:54:47.564041,19.205903676847363,61.13807630510075,5.6305055028086,61.82933447144868,23.008861768441054
2025-11-24 09:54:47.864041,19.362665732815543,61.14431684755199,5.6832658349065035,62.12681543657678,23.193312135986112
2025-11-24 09:54:48.164041,19.42287317126153,61.35521837451753,5.851365060589241,62.38757589177186,23.330857945411694
2025-11-24 09:54:48.464041,19.53420021734796,61.493920531917375,5.764059410291352,62.37334778496532,23.513349889078814
2025-11-24 09:54:48.764041,19.523916847536313,61.55171363455495,5.5380560102649845,62.13801622941615,23.839031606561253
2025-11-24 09:54:49.064041,19.544029036039746,61.56455571997402,5.459436578500048,62.10130179971707,24.090246615910626
2025-11-24 09:54:49.364041,19.469737494111364,61.569140581733535,5.210246904077526,62.168809023430974,24.440112868920366
2025-11-24 09:54:49.664041,19.627873288188464,61.62110964881974,5.114673533963917,62.0623740499708,24.529252268170403
2025-11-24 09:54:49.964041,20.0616708946839,61.51255662778156,4.590787819522995,61.877027888913304,24.852022547817114
2025-11-24 09:54:50.264041,20.434181920413415,61.35921728454678,4.555952369613779,61.77039897714536,25.138434722173475
2025-11-24 09:54:50.564041,20.617766861621323,61.53420959447783,4.420532918525718,61.798798917791196,25.352754843933
2025-11-24 09:54:50.864041,20.87970368071878,61.37401942579609,4.373586633841552,61.75526769082868,25.35114531220069
2025-11-24 09:54:51.164041,21.24741625821214,61.19815955235209,4.152578497790516,61.62844050114377,25.247372645680432
2025-11-24 09:54:51.464041,21.652876644968845,61.11406496259003,4.021014710449754,61.54109274728231,25.222779006279914
2025-11-24 09:54:51.764041,21.924278914834076,61.41440399202621,3.934654654021501,61.46173996365498,25.204321430145256
2025-11-24 09:54:52.064041,22.435456573977063,61.374309429285425,3.8404060444128882,61.40371365047367,25.10854253588304
2025-11-24 09:54:52.364041,22.74913780588683,61.286207684910295,4.0559963430151065,61.48393855841897,25.239732981898886
2025-11-24 09:54:52.664041,22.91372268149639,61.43453897117054,4.221361839948638,61.68935806178402,25.014766369206747
2025-11-24 09:54:52.964041,23.307383612693158,61.179877778503574,4.384016982131717,61.69734273982501,25.13012735830737
2025-11-24 09:54:53.264041,23.639549836173472,61.15687999104072,4.456412147098544,61.830416413348445,25.08969312657038
2025-11-24 09:54:53.564041,23.878544460679887,61.25435691811368,4.6542502431116635,61.38147146124307,25.18155549666446
2025-11-24 09:54:53.864041,24.18421312514455,61.176722641021094,4.660201174501141,61.34999819854935,25.2939604847001
2025-11-24 09:54:54.164041,24.589020696951913,61.384682873764184,4.771043131654775,61.43967393863723,25.524725502166977
2025-11-24 09:54:54.464041,24.964103943782916,61.55167745480724,4.79992768665526,61.67833198690149,25.858441945083843
2025-11-24 09:54:54.764041,25.060676374746745,62.02816083585998,4.719406656280339,62.098201930341155,25.87128744469383
2025-11-24 09:54:55.064041,25.42823143721519,62.15300093438367,4.7881706310409,62.28162355506323,26.025401829822876
2025-11-24 09:54:55.364041,25.716870709088294,62.33589554281617,4.59157971129689,62.26634195638647,26.074905755980033
2025-11-24 09:54:55.664041,25.726350354831116,62.31916397404292,4.68965810546248,62.35545457968098,26.32457050284782
2025-11-24 09:54:55.964041,25.650536220415965,62.689178621600846,4.800755505782732,62.61378785686405,26.318874989839337
2025-11-24 09:54:56.264041,25.759597091716785,62.659526787939974,5.108373245405592,62.61008976633682,25.97896894359694
2025-11-24 09:54:56.564041,25.574653698373975,62.96935634361297,5.175700588124191,62.691778459088866,25.93979109020336
2025-11-24 09:54:56.864041,25.764489297949254,63.03470454647986,5.327274833945029,62.68711473282127,25.806483392927863
2025-11-24 09:54:57.164041,26.085581189342747,62.9756276276379,5.415940786273904,62.72683627448321,25.76484548288327
2025-11-24 09:54:57.464041,26.322828182816917,62.82272888633297,5.408323515950353,62.83653029105435,25.91432035032954
2025-11-24 09:54:57.764041,26.939751291564285,62.62532842714046,5.354944690438444,62.916445299701984,26.0050614410572
2025-11-24 09:54:58.064041,27.20980817833637,62.44790944817627,5.561691969105965,63.22711639221781,26.149680394462177
2025-11-24 09:54:58.364041,27.430044679857097,62.292103723701345,5.914477546744488,63.409966060066665,25.940830176280393
2025-11-24 09:54:58.664041,27.48249936887427,62.36439910637523,6.354534555783924,63.7494715329324,25.849208892942396
2025-11-24 09:54:58.964041,27.566317735688404,62.56903331508818,6.841593342109831,63.8687656568236,26.11385730857028
2025-11-24 09:54:59.264041,27.667619942633003,62.805539227295796,6.947566989511567,63.808145856701806,26.070905158083075
2025-11-24 09:54:59.564041,27.792651525011422,62.89450804822372,7.2437162069033585,63.87609607672607,25.974913789342278
2025-11-24 09:54:59.864041,27.78238994771257,62.904953527284285,7.52412435042949,64.03802351767321,25.95240694955984
2025-11-24 09:55:00.164041,28.04439303184406,62.85060218552486,7.718559235699462,63.94302287844117,25.890517970641532
2025-11-24 09:55:00.464041,28.019209005914124,62.65504892446811,7.72497400535751,63.91504822921426,25.865870692552615
2025-11-24 09:55:00.764041,28.445109556613378,62.80144029283283,8.222405070458505,63.893187164945886,25.79737792847503
2025-11-24 09:55:01.064041,28.743834568301807,62.800995012599934,8.724824775783063,64.3199225534415,25.859151920028374
2025-11-24 09:55:01.364041,29.014905564741053,63.065408838666606,8.949122085221523,64.41470827359889,26.13965034726842
2025-11-24 09:55:01.664041,29.196697875829496,63.21069450239134,8.9777966378373,64.26580082153264,26.196836559405444
2025-11-24 09:55:01.964041,29.179016336716426,63.210671399158954,9.246439870240437,64.26587426493857,26.19784493992832
2025-11-24 09:55:02.264041,29.18812987374756,63.31387902937793,9.306203288704044,64.45114323204932,26.360900740187958
2025-11-24 09:55:02.564041,29.21089530053166,63.5193129025882,9.23284852396812,64.55146872230527,26.39482775672617
2025-11-24 09:55:02.864041,29.40496595123634,63.87620127990351,9.315169196585192,64.78377040269461,26.444014542196065
2025-11-24 09:55:03.164041,29.44513325125955,63.82732027743748,9.618018712191677,64.88315614836871,26.3503581102546
2025-11-24 09:55:03.464041,29.720260117640322,63.79269005400065,9.981515781144271,65.08469835675639,26.115712583987474
2025-11-24 09:55:03.764041,29.778657773005328,63.619783214741986,10.320833987359663,65.07961114989465,26.231319255697397
2025-11-24 09:55:04.064041,29.837982864605046,63.48356757087427,10.90298364223299,65.12250714488952,26.150264988001716
2025-11-24 09:55:04.364041,29.82369461240916,63.653145490813884,11.63379536393084,64.95517057198835,26.344783119187294
2025-11-24 09:55:04.664041,30.218628624479596,63.59288490704374,11.94515651058653,64.63521793676227,26.50295775678471
2025-11-24 09:55:04.964041,30.379714503884145,63.727276602517726,12.435764736872981,65.03836820083049,26.619695749784203
2025-11-24 09:55:05.264041,30.2710158637424,63.87410050190418,12.962688703626604,65.01184279320945,26.860521149348457
2025-11-24 09:55:05.564041,30.3771498413202,64.0404574093162,13.358523170869995,65.05374333937888,26.828135738519588
2025-11-24 09:55:05.864041,30.366482625296165,63.77027521291945,13.522879125109167,64.86667473920181,27.057759922972604
2025-11-24 09:55:06.164041,30.615302685641737,63.74372025673248,13.467578545557135,64.92208681602153,27.29345845385427
2025-11-24 09:55:06.464041,30.697615605289656,63.90218580280393,13.475656072578962,64.97538961944122,27.616775661993113
2025-11-24 09:55:06.764041,30.901423026337465,63.83785419051148,13.641769061007095,65.0174289986712,27.802886107094867
2025-11-24 09:55:07.064041,31.111021127625108,63.95213847992548,13.855228418839951,65.07805778278724,28.142550930636535
2025-11-24 09:55:07.364041,30.864528479153215,63.98405704601621,13.826861319809465,64.98486444249416,28.302665308397323
2025-11-24 09:55:07.664041,30.922078884311063,63.80053256407637,13.667673037914549,65.24730347233896,28.170337497645196
2025-11-24 09:55:07.964041,31.0835833660248,63.722071347297565,13.61158388644561,65.439473243268,28.10987617848195
2025-11-24 09:55:08.264041,31.21259349230556,63.679652662783525,13.716814322100284,65.31189892214499,27.89588252232713
2025-11-24 09:55:08.564041,31.40405537400082,63.514563925603696,13.89329282948483,65.2851961041438,27.629076923634816
2025-11-24 09:55:08.864041,31.792551188405174,63.86458302194582,13.957328748775096,65.46509482641412,27.472158998010897
2025-11-24 09:55:09.164041,31.921267046953087,63.577902075406044,14.273461026151445,65.49825719562509,27.25946083228925
2025-11-24 09:55:09.464041,31.962367869019882,63.4904554133056,14.756602115299936,65.65843743614856,27.443569184902675
2025-11-24 09:55:09.764041,32.284594168889974,63.82383692869543,15.1637631479256,65.90820363553992,27.552321453361905
2025-11-24 09:55:10.064041,32.50257205569603,63.950521680267016,15.257470154517074,65.94343999352094,27.812530838540017
2025-11-24 09:55:10.364041,32.896240580185825,64.14517612481727,15.599354998302488,66.13925026900021,27.74920316680712
2025-11-24 09:55:10.664041,33.123288133986094,63.90221565547063,15.682350018752151,66.03456689532186,27.718482903881842
2025-11-24 09:55:10.964041,33.10425866222224,63.72718869780578,16.149030486476086,65.95631406419074,27.763666509165315
2025-11-24 09:55:11.264041,33.30982013376034,63.81784117745272,16.333443351679428,66.056915555835,27.920113973008203
2025-11-24 09:55:11.564041,33.55736714695592,63.47589535713311,16.336136061665364,65.98092505673563,28.054754862204366
2025-11-24 09:55:11.864041,33.84974854464586,63.36512486880377,16.121074594366572,66.24769121434315,28.08958273534238
2025-11-24 09:55:12.164041,33.93617018448124,63.53792794225092,16.25147466836621,66.3596798554941,27.92415528041155
2025-11-24 09:55:12.464041,34.2294253323631,63.76015598305661,16.570162301624233,66.35984254103093,28.049248289287807
2025-11-24 09:55:12.764041,33.98882293746398,63.7921462818266,16.720461615347123,66.02798779376226,28.091711060235276
2025-11-24 09:55:13.064041,33.719819568778505,63.73451911666562,17.061223064955016,65.85165551223787,27.94336119324994
2025-11-24 09:55:13.364041,33.600475226449724,63.68657794717101,17.21804059375414,65.87537781179245,27.49412101568422
2025-11-24 09:55:13.664041,33.78638795351416,63.704264798397354,17.3770502325049,65.99193596355907,27.156780507825438
2025-11-24 09:55:13.964041,34.035209974087444,63.692443460325194,17.343944481056297,66.23634706521203,26.971677509088156
2025-11-24 09:55:14.264041,34.45590504025412,64.0154177304416,17.29230537875975,66.29479125305818,27.15004719702467
2025-11-24 09:55:14.564041,34.58778644148459,64.17049930839744,17.15296255005886,66.64231136442295,27.43670823472375
2025-11-24 09:55:14.864041,34.847118458559635,64.23497193767953,17.271753113561918,66.54202970223696,27.768639919404144
2025-11-24 09:55:15.164041,34.996078932373095,64.24182537945761,17.36151520556068,66.38604406000874,28.01919970299484
2025-11-24 09:55:15.464041,35.02871851023761,64.31859169309539,17.124674609723158,66.50678935831273,28.32304391388662
2025-11-24 09:55:15.764041,35.25580320294871,64.59258887011619,16.91971544597684,66.56861014444172,28.23205001032229
2025-11-24 09:55:16.064041,35.23356082268016,64.55085442867743,16.455171954560186,66.60721203408961,27.98084318815377
2025-11-24 09:55:16.364041,35.222837018706684,64.47312591684604,16.548043937815606,66.71347250706434,27.64902573544183
2025-11-24 09:55:16.664041,35.331304171963026,64.48906829473646,16.48642137280253,66.70770634085757,27.632506347142034
2025-11-24 09:55:16.964041,35.42799881924204,64.4723086078376,16.636277362163582,67.0899597341601,27.822481083065124
2025-11-24 09:55:17.264041,35.351150847307586,64.21992093031345,16.74022317085261,67.01771014662799,27.67361763272006
2025-11-24 09:55:17.564041,35.366044279139665,64.25668636970912,16.72749174585867,66.81336060357106,27.524602607820757
2025-11-24 09:55:17.864041,35.661569286715626,64.48075148173375,16.715023381058153,66.61003186323374,27.73921242188753
2025-11-24 09:55:18.164041,35.80195476125344,64.71195027155079,16.655169066910958,66.57017079739495,27.607037354678212
2025-11-24 09:55:18.464041,35.716427083558116,65.02950315293776,16.482243219462685,66.70913193207647,27.687741491880107
2025-11-24 09:55:18.764041,35.677725480537745,65.10411401516016,16.530624659532965,66.68438507150628,27.762161416063673
2025-11-24 09:55:19.064041,35.594071562048335,64.91249720443565,16.657388571764002,66.79361467568015,27.697538003897012
2025-11-24 09:55:19.364041,35.5773389907349,64.61558366676776,16.83365687445523,66.8460400799619,27.424352045121115
2025-11-24 09:55:19.664041,35.606651877551606,64.03240341027542,16.95419660578187,67.14139671178496,27.104790889046015
2025-11-24 09:55:19.964041,35.70137370961147,64.00737799271893,16.939446349047778,67.22988955383302,26.89796835195596
2025-11-24 09:55:20.264041,35.99794624338286,63.94309101940498,16.81821724755154,67.53964533135492,27.09036682552603
2025-11-24 09:55:20.564041,36.01597111716142,63.7846607470446,16.783490276453673,67.61683645099683,27.149132392265848
2025-11-24 09:55:20.864041,36.06296413366649,63.61648049666925,16.86217402222294,67.91166956850886,27.33899995467427
2025-11-24 09:55:21.164041,36.11393045401315,63.52495634402068,16.506828583419942,67.96546599279934,27.2001512497286
2025-11-24 09:55:21.464041,36.066204984150566,63.74909191369743,16.5908697738793,67.7079259121841,27.014847545365953
2025-11-24 09:55:21.764041,35.971373156972,63.90847035276755,16.508565275498484,67.52779077080785,26.777673611758626
2025-11-24 09:55:22.064041,35.93161058097043,63.95967829166873,16.366931694433386,67.24670536552253,26.672137842490184
2025-11-24 09:55:22.364041,35.98849167221205,63.9337324893174,15.959177067035908,67.00519282994048,26.40313084535727
2025-11-24 09:55:22.664041,35.87439944495904,63.825470616757485,15.850800438526564,67.07386207690107,26.070004377412676
2025-11-24 09:55:22.964041,36.120200062336345,63.63850662732496,15.75370501275999,67.27526257967557,25.99247016448584
2025-11-24 09:55:23.264041,36.15151688090334,63.79241494103298,15.948173866246549,67.00813961299679,25.920066007604355
2025-11-24 09:55:23.564041,36.502928116848956,63.83307277394693,16.139071840510752,66.80455894698345,26.020849670381075
2025-11-24 09:55:23.864041,36.8311385746497,64.00646319145967,16.13941823857348,66.71920475068593,26.07268446483551
2025-11-24 09:55:24.164041,36.57872842022742,64.0967470133874,16.00047034050654,66.45681033365761,26.044225749286003
2025-11-24 09:55:24.464041,36.682935051879426,63.84768318083409,15.574045312571172,66.30280088521779,26.19745063350421
2025-11-24 09:55:24.764041,36.76131865641849,63.74425163704854,15.311397506375277,66.3548336226155,26.26203534789055
2025-11-24 09:55:25.064041,36.747651235466115,63.452910130108414,15.228326004317292,66.17582159322802,26.306357338686052
2025-11-24 09:55:25.364041,36.60520626362344,63.144960130644414,15.297857494017643,66.12940169303037,26.22063333024238
2025-11-24 09:55:25.664041,36.340917195663486,63.40874702892366,15.037163362742342,66.19690159694491,26.3185474019853
2025-11-24 09:55:25.964041,36.42870941057298,63.56382393200981,14.896312144578467,66.23426324477788,26.545691319797903
2025-11-24 09:55:26.264041,36.20701178171737,63.53992556801374,14.505932858559845,66.67313404801855,26.490533115964762
2025-11-24 09:55:26.564041,36.179285198214075,63.26794382908127,14.611870758278782,66.71629749098777,26.523808148181626
2025-11-24 09:55:26.864041,36.289072617481416,63.25844008157236,14.572624210866875,66.94854348171013,26.646620575374136
2025-11-24 09:55:27.164041,36.41581440788072,63.12399023276725,14.271723723278686,67.10517098206103,26.855545338827547
2025-11-24 09:55:27.464041,36.351696618458554,62.88270918385341,14.227000435781765,67.19377438361336,26.613469421195955
2025-11-24 09:55:27.764041,36.31218773154314,63.001282859074415,14.15070268493317,67.18568733199056,26.31705572325197
2025-11-24 09:55:28.064041,36.319073735378566,62.99850763940625,14.17622405625368,67.04679066610325,26.342644322236158
2025-11-24 09:55:28.364041,36.51078422347262,62.74025119516594,13.915751401002467,67.24922881820736,26.395434916224218
2025-11-24 09:55:28.664041,36.62658471441797,62.47287452751119,13.854566711487845,67.04890907436183,26.862532979732713
2025-11-24 09:55:28.964041,36.8155581151206,62.56242768752116,13.872025752291153,67.03429687380725,26.906340242251748
2025-11-24 09:55:29.264041,36.709609061671486,62.71607210637748,14.039638204702106,66.92195580654707,27.097412202363202
2025-11-24 09:55:29.564041,36.72927096597185,62.81526120192968,13.681845384840411,67.09068083080402,27.127730789523614
2025-11-24 09:55:29.864041,36.5869247720681,62.747713010474826,13.332729202164096,67.02221341950445,27.121489153265227
2025-11-24 09:55:30.164041,36.607684828854104,62.426700232663116,13.132371602493464,66.97010556486815,27.04824330574931
2025-11-24 09:55:30.464041,36.68618014618384,62.29888551209743,12.8689389811939,67.01500046810044,27.17722508313597
2025-11-24 09:55:30.764041,36.629129173944904,62.106012409725125,12.716124153920672,67.0142025683968,26.908885914151597
2025-11-24 09:55:31.064041,36.828915422900366,61.889915706119865,12.846542038852936,67.02865893643089,26.724321276707233
2025-11-24 09:55:31.364041,36.820335364466224,61.92103037123477,12.669748417393677,67.08679634438185,26.634576594141937
2025-11-24 09:55:31.664041,36.972698662311494,62.15481177657676,12.997750843985203,67.02561052087673,26.433822767504143
2025-11-24 09:55:31.964041,36.892551451582655,62.25019075788144,13.21482217817289,66.67190058462398,26.431734157477408
2025-11-24 09:55:32.264041,36.8688746690544,62.19138648866379,12.998636247854913,66.5260044749197,26.472269483957824
2025-11-24 09:55:32.564041,36.88063347485031,62.04220784758114,13.082829141403128,66.537438191993,26.7927923177597
2025-11-24 09:55:32.864041,36.7285172260858,62.08284106030362,13.088323725284551,66.40839111203543,26.9624130711426
2025-11-24 09:55:33.164041,36.65570525341854,62.31128592314344,13.175829000357739,66.34689442442442,26.817892332179905
2025-11-24 09:55:33.464041,36.92837341271942,62.351565117127976,13.185325268369908,66.55175025404327,26.703221774300935
2025-11-24 09:55:33.764041,36.82485090547608,62.17762616559136,13.150864015682542,66.6508893026048,26.92073326757683
2025-11-24 09:55:34.064041,36.710509344475696,62.02733669302897,13.066059867655332,66.71721506749617,26.937759712213765
2025-11-24 09:55:34.364041,36.86803041663962,61.67050607559439,12.689757259479572,66.72170256276783,26.910659628078076
2025-11-24 09:55:34.664041,36.556591099595394,61.498885697113906,12.442478577813958,66.77578303931595,26.71083674961137
2025-11-24 09:55:34.964041,36.45321614865575,61.554030607579286,12.198371936648316,66.75096401850142,26.5469394828778
2025-11-24 09:55:35.264041,36.44118020521874,61.737061533187685,12.105269176293389,66.64273043093803,26.289917886850294
2025-11-24 09:55:35.564041,36.39675872165523,61.542134362406074,11.90308595118997,66.78003833641887,26.401339105276218
2025-11-24 09:55:35.864041,36.14585889627745,61.400599513125414,11.692208812291158,66.95572737647852,26.467987767691437
2025-11-24 09:55:36.164041,36.15060891458277,61.62786016742492,11.59808936783884,67.39737328867756,26.71584182157289
2025-11-24 09:55:36.464041,36.39566111856664,61.735541986902994,11.606394612785325,67.24676663942913,26.749789803449744
2025-11-24 09:55:36.764041,36.302675952246744,62.09176301142201,11.698677125236278,67.20962008533635,26.359736775001448
2025-11-24 09:55:37.064041,36.31555619911444,62.21189468866722,11.762915772389746,67.37214879447507,26.09082393662215
2025-11-24 09:55:37.364041,36.45534336483844,62.10645694984415,11.811680365529025,67.26828006969733,25.907415964392982
2025-11-24 09:55:37.664041,36.46154791061729,61.94212496475486,12.00525158547281,66.95393701142,25.66569072302734
2025-11-24 09:55:37.964041,36.27290823799456,61.933727952697744,12.087963905712362,66.74599257516479,25.261313675425946
2025-11-24 09:55:38.264041,36.01019299551914,61.75651882936498,11.935016484012356,67.00045228459473,25.504613242648578
2025-11-24 09:55:38.564041,35.77926022833787,61.629899208623506,12.009472199509972,66.89191144197953,25.331088843401034
2025-11-24 09:55:38.864041,35.54998968068859,61.42329416832647,11.821290868644583,66.99788252156205,25.003684301537472
2025-11-24 09:55:39.164041,35.50929863247333,61.26284823921415,11.340896881506678,66.74089229174345,24.850900064966332
2025-11-24 09:55:39.464041,35.50118947269135,61.45729486980428,11.216266757565949,66.47538820439009,25.078432502722
2025-11-24 09:55:39.764041,35.82838405586962,61.827003000389986,10.999751662018557,66.3401791689516,25.18373623352527
2025-11-24 09:55:40.064041,36.00722604234855,61.85876583726931,10.95214311035565,66.18313141405876,25.098672102084475
2025-11-24 09:55:40.364041,36.05868918402241,61.83563469793618,10.9326779190064,66.00767451994592,25.041412500399055
2025-11-24 09:55:40.664041,36.26118052428308,61.983564951843604,11.103342124522937,66.10775874019401,24.947555942437525
2025-11-24 09:55:40.964041,36.17008715125141,61.95058205616567,10.930197007463876,66.02124355881695,24.99532326297337
2025-11-24 09:55:41.264041,36.08400646849898,62.03706509975133,10.69579033266469,65.87973129840609,25.049626025133456
2025-11-24 09:55:41.564041,35.947550419823344,62.18509805611302,10.457961559926108,66.10808165753144,25.356339149935387
2025-11-24 09:55:41.864041,35.86787833653942,62.4419427471485,9.944117163183389,66.05457739745746,25.732729724905607
2025-11-24 09:55:42.164041,35.70265314762853,62.47398357697491,9.57196058829102,66.08185159711373,25.545014276081364
2025-11-24 09:55:42.464041,35.59232449861012,62.534878222510486,9.327513353564015,66.37574805520009,25.60837755855939
2025-11-24 09:55:42.764041,35.59990702505406,62.22105180834597,9.504126593297048,66.35711248794944,25.63798582739409
2025-11-24 09:55:43.064041,35.35867724638132,62.152054107191645,9.54337372013745,66.20189324614279,25.77784306458712
2025-11-24 09:55:43.364041,35.0450365915102,61.92366772430661,9.675520424217112,66.12845954614005,25.819493864337133
2025-11-24 09:55:43.664041,35.04673909997808,61.68071283040468,9.721349297112644,66.2919447753104,25.54844922575357
2025-11-24 09:55:43.964041,34.78935967159952,61.65024423696529,9.55658947519923,66.15378121110409,25.62533425605491
2025-11-24 09:55:44.264041,34.951434602813826,61.749759388781854,9.571316057992929,66.22332725943343,25.76245174775302
2025-11-24 09:55:44.564041,34.80353675096964,61.72242387794818,9.47804203847388,66.19224394077388,25.878122862251654
2025-11-24 09:55:44.864041,34.960107768247745,61.696023526682545,9.271834612095656,66.01773722979681,25.813809919183218
2025-11-24 09:55:45.164041,34.87263608233555,61.84285676677353,9.121257962924087,65.93243928539653,25.29043017675434
2025-11-24 09:55:45.464041,34.932086187443005,62.18492765611978,9.243728474529634,66.03108925445076,25.31251394464073
2025-11-24 09:55:45.764041,34.82316140314543,62.0460858420114,9.125874206927318,66.13307923527016,25.246203024897646
2025-11-24 09:55:46.064041,34.71699883934907,62.133266441607894,8.989520731183324,65.95993575136485,25.11014902806298
2025-11-24 09:55:46.364041,34.62164183203946,62.28412173418983,9.036600510356317,65.99603541022147,25.07216414772891
2025-11-24 09:55:46.664041,34.75841147193996,62.41520438190584,9.003231664113763,66.03245213095514,24.99316096815251
2025-11-24 09:55:46.964041,34.74217063837098,62.328459188656296,8.75664002818796,65.80485734823455,25.137754856457835
2025-11-24 09:55:47.264041,34.41917341407669,61.90171618605778,8.535677026050449,65.63167490791024,24.888136364949045
2025-11-24 09:55:47.564041,34.35142330947838,61.90648227634062,8.323226853575784,65.53332242455926,24.850836833728927
2025-11-24 09:55:47.864041,34.158303159675434,61.83612442992484,8.027168817212928,65.47256074358489,24.743480781385138
2025-11-24 09:55:48.164041,33.90613544819097,61.908661664557584,8.055735576104775,65.71944490711154,24.511454045117834
2025-11-24 09:55:48.464041,34.05570688732363,62.048221524650515,8.140924964403839,65.82343690454813,24.67007242234729
2025-11-24 09:55:48.764041,33.92285292700298,62.22228698242447,7.781179927116821,65.77570690986332,24.72316017548846
2025-11-24 09:55:49.064041,34.15008880760569,62.46694826315706,8.087602498306257,66.08220310303525,24.847067456200154
2025-11-24 09:55:49.364041,34.077056451861154,62.54480741327924,7.9692477651650675,66.04380344057041,25.214323567050386
2025-11-24 09:55:49.664041,34.009152749803,62.568744085981564,7.495230782833324,66.15157119625859,25.378236401073657
2025-11-24 09:55:49.964041,34.198939466674204,62.29559818437778,7.141243089149166,66.02052487590493,25.20983730274497
2025-11-24 09:55:50.264041,34.16726961922165,62.0643340203209,6.982912106112975,65.93592252068758,24.970368829708452
2025-11-24 09:55:50.564041,34.02414148179514,62.04646430405584,6.6195426128389245,65.58416858253098,24.564164366595463
2025-11-24 09:55:50.864041,33.87403869992576,62.08368621997165,6.459220779485239,65.37402006670368,24.33949780360783
2025-11-24 09:55:51.164041,33.6480963149267,61.88557544554648,6.335509017409979,65.49159269628899,24.4324416280194
2025-11-24 09:55:51.464041,33.908015362503775,61.646792751168334,6.393643624300327,65.67046913534098,24.610126663862985
2025-11-24 09:55:51.764041,33.99687924509404,61.29630408923577,6.284058322576878,65.81163582319472,24.59690280501868
2025-11-24 09:55:52.064041,33.8582136513244,61.400693639397105,6.534680766035721,65.8566983168176,24.331991225126604
2025-11-24 09:55:52.364041,33.848423422023025,61.46338434887218,6.209773252468137,65.81319537342019,24.543931799919203
2025-11-24 09:55:52.664041,33.481479219420834,61.51084893011119,5.771244524559754,65.79678033750338,24.722409712586156
2025-11-24 09:55:52.964041,33.41462798771868,61.674122293582776,5.644116771284022,66.05194844386025,24.601420269908832
2025-11-24 09:55:53.264041,33.42088649101561,61.63587915283675,5.470949361053874,66.43656396267288,24.515255381799072
2025-11-24 09:55:53.564041,33.15723593980705,61.67012630916143,5.259365588211516,66.49383946986488,24.589453408961017
2025-11-24 09:55:53.864041,33.07742866064102,61.8172378287772,4.788896115171826,66.52800473810824,24.821002886876784
2025-11-24 09:55:54.164041,33.25357372407758,61.65422156712413,4.553308880259323,66.36905933862134,25.000663817696797
2025-11-24 09:55:54.464041,33.394774023914394,61.50941852334132,4.204074643916412,66.22609900372744,25.082658991349284
2025-11-24 09:55:54.764041,33.57204992619271,61.19371383106262,3.948874452343503,66.16606015542062,25.057127008972653
2025-11-24 09:55:55.064041,33.664214110402696,61.00647019647635,3.710854222612004,66.17869617213852,25.203589650824952
2025-11-24 09:55:55.364041,33.56745020131638,61.07284883476991,3.563001477083582,65.84378309086404,25.177047036707116
2025-11-24 09:55:55.664041,33.66921813424923,61.019160934135755,3.417267951628889,65.65144973566109,25.114919524357514
2025-11-24 09:55:55.964041,33.41987630388087,60.67775426503276,3.445890016348403,65.31744111035131,24.820247713039805
2025-11-24 09:55:56.264041,32.935960424539296,60.644429491244814,3.693805996455229,65.44106736085222,24.63137531462986
2025-11-24 09:55:56.564041,32.66862775037967,60.437933369077875,3.5470364367232863,65.36992720761154,24.53914792552858
2025-11-24 09:55:56.864041,32.460194825291495,60.464199284792954,3.6072952166372305,65.58432064398227,24.457119832485944
2025-11-24 09:55:57.164041,32.359561747685646,60.384174238727894,3.415552234464839,66.17132833160125,24.582251875755624
2025-11-24 09:55:57.464041,32.39169802732834,60.07879906722814,3.21559598626574,66.2815128582249,24.601706270365295
2025-11-24 09:55:57.764041,32.53200042263786,60.26544152491076,3.0455630085480414,66.34187540587953,24.79358024666216
2025-11-24 09:55:58.064041,32.53964584025623,60.296430929403236,2.865005000744961,66.21287491847242,24.845388038204018
2025-11-24 09:55:58.364041,32.46474744560571,60.46323780376907,2.6240218528652144,65.93715385214689,24.929061693680527
2025-11-24 09:55:58.664041,32.193194369485845,60.49020346895165,2.47063149510379,65.76425167982882,25.030097925825515
2025-11-24 09:55:58.964041,32.078549085169584,60.5534163932745,2.323272875962803,65.90465850246655,25.007520790298535
2025-11-24 09:55:59.264041,32.00581089241019,60.48945571154674,2.3437657262739955,65.82854103991141,25.103408804913663
2025-11-24 09:55:59.564041,31.834114630791664,60.724935044926674,1.90984283169248,65.30115117242346,24.983698579594947
2025-11-24 09:55:59.864041,31.994984324001713,60.61391020923443,1.751817634543971,65.2356664648495,24.670364171561705
2025-11-24 09:56:00.164041,31.907966672480725,60.55066364764729,1.909034183628292,65.20704626330301,24.529017365760755
2025-11-24 09:56:00.464041,32.05307163476088,60.588538527684534,2.468361465383478,65.43077889258376,24.512193085377266
2025-11-24 09:56:00.764041,31.972278753771807,60.5532044639627,2.666480081497222,65.44039257943594,24.498731472597754
2025-11-24 09:56:01.064041,31.920408866564056,60.58773816322926,2.6787376072586606,65.28294315654753,24.897569634144645
2025-11-24 09:56:01.364041,31.855037014553957,60.41426929935279,2.586892425290791,65.10854144375274,25.14694069754566
2025-11-24 09:56:01.664041,31.809167658408466,60.55090630504537,2.570165277772551,64.98023635004617,25.281568997961017
2025-11-24 09:56:01.964041,31.719125859922762,60.604742495837215,2.615678101516976,64.71405690388738,25.257412937918325
2025-11-24 09:56:02.264041,31.69574059115643,60.5301867681762,2.429037260683657,64.8150507068747,25.43402129704856
2025-11-24 09:56:02.564041,31.76344063962174,60.686809116989906,2.3385296448416364,64.83241490216157,25.38712361123948
2025-11-24 09:56:02.864041,31.768694851359182,60.86784435729547,2.3242131807564554,64.933739122238,25.44465464824339
2025-11-24 09:56:03.164041,31.76012331589949,60.83593079940768,2.4243373227877503,64.84253225799004,25.447221801978465
2025-11-24 09:56:03.464041,31.533027520898653,60.945760271502195,2.1667115878252483,65.04980492881052,25.396266175916242
2025-11-24 09:56:03.764041,31.492842969033745,60.791813276604564,2.1077223919048875,65.01875637654203,25.14109300060952
2025-11-24 09:56:04.064041,31.529367886249158,60.54405703481881,2.1779218731271173,64.99473521459522,24.967083022412623
2025-11-24 09:56:04.364041,31.350705042201664,60.70338964850529,2.1828682103400894,65.09935185948952,24.979287755145638
2025-11-24 09:56:04.664041,31.05521129233471,60.68050901077021,2.3886188982040073,64.79942481353656,25.17758237948519
2025-11-24 09:56:04.964041,31.024008708511715,60.662009554815434,2.603347104463601,64.75349380574943,25.262163597625715
2025-11-24 09:56:05.264041,30.719833751041822,60.761430203356106,2.8026388444491674,64.92242781674899,25.38848264982718
2025-11-24 09:56:05.564041,30.633470797905364,60.94439300772344,2.899655806752706,64.7686377828545,25.603429532622894
2025-11-24 09:56:05.864041,30.495021711046643,60.979356088264765,3.0408781654303247,64.61790951102616,25.735633217367592
2025-11-24 09:56:06.164041,30.551000148688154,61.075456862199154,3.166739586556662,64.60743468440813,25.552645325664024
2025-11-24 09:56:06.464041,30.50684461543619,60.92553479848475,3.5950951696091984,64.60113183707705,25.43950241578752
2025-11-24 09:56:06.764041,30.197881432674546,60.85271118797355,3.979613955187932,64.5296687383716,25.623351045562266
2025-11-24 09:56:07.064041,29.905455523617213,60.39739696855099,3.952119124815473,64.48833285231665,25.675136919016964
2025-11-24 09:56:07.364041,29.580573588211614,60.17520926563432,3.9588326868980284,64.49875837550822,25.718440891629097
2025-11-24 09:56:07.664041,29.68429379979721,59.73117045470786,4.019870729274325,64.46858659627567,25.57741525321199
2025-11-24 09:56:07.964041,29.786559533017197,59.670691508317034,4.255425226300411,64.19342221517384,25.707979633566342
2025-11-24 09:56:08.264041,30.007213064045324,59.45433168840757,4.520255392264331,64.06032936873665,25.647735840127417
2025-11-24 09:56:08.564041,29.811626870339172,59.16158279609715,4.695541163446459,63.975370507861136,25.26200179554216
2025-11-24 09:56:08.864041,30.009945897632235,58.93351701620838,4.998741540777745,63.6105810323732,25.247043199305715
2025-11-24 09:56:09.164041,30.09153756962306,59.05985880155184,5.089894831024809,63.32468994907481,25.065021353111398
2025-11-24 09:56:09.464041,30.26097730614288,59.04342679622823,5.277843532441506,63.23273481892715,24.984513350967504
2025-11-24 09:56:09.764041,30.358635280335687,59.135507080388436,5.585885321343268,63.4528002136855,24.756815558109206
2025-11-24 09:56:10.064041,30.27925107976755,59.121161251484374,5.760581763747837,63.53842874243455,24.77660875189949
2025-11-24 09:56:10.364041,30.34977006385972,59.11531919541548,6.074582223543415,63.696967093101065,24.662734084504795
2025-11-24 09:56:10.664041,30.233861160724533,59.152980720981,6.53848707986416,63.70297740066183,24.507908611687103
2025-11-24 09:56:10.964041,30.02108664900228,59.20398975275266,6.933327299345789,63.57933581591504,24.417481103794422
2025-11-24 09:56:11.264041,29.751339450646793,58.91706177019483,7.373617240182395,63.191451912422465,24.238188846658563
2025-11-24 09:56:11.564041,29.382049684481217,58.587875345651035,7.77648213107957,63.036125986821986,24.193588082587684
2025-11-24 09:56:11.864041,28.964701342125878,58.018501989124566,7.9095368714381475,63.01643780961433,24.37314417598794
2025-11-24 09:56:12.164041,28.848757698692893,57.93533468516723,8.061757388906166,62.93423266949187,24.490618388706807
2025-11-24 09:56:12.464041,28.41551992349864,57.93221403923793,8.326571589473328,62.86800415946281,24.398826818987818
2025-11-24 09:56:12.764041,28.263611066462495,57.825857250799785,8.67154024223219,62.635589339600365,24.43900913639619
2025-11-24 09:56:13.064041,28.24516801505601,57.904998604397754,9.062358583507988,62.741370996362086,24.66979961681454
2025-11-24 09:56:13.364041,27.975321293830564,57.99011003035961,9.251598518725588,62.46764287173084,24.575910474134695
2025-11-24 09:56:13.664041,28.154885076525815,57.88485697171374,9.395902744506463,62.56278652636037,24.62427034720581
2025-11-24 09:56:13.964041,28.31070404316514,57.79418999663571,9.437865073370531,62.555316723484765,24.505571689588944
2025-11-24 09:56:14.264041,28.608635627313898,57.62072190370283,9.385964892237393,62.62424167160596,24.52112980195543
2025-11-24 09:56:14.564041,28.552110657876725,57.420721059788356,9.467953436796575,62.261957760074885,24.525497710814825
2025-11-24 09:56:14.864041,28.52979620870842,57.254569603963574,9.64146188331995,62.171911092509625,24.58988545972428
2025-11-24 09:56:15.164041,28.521898096495356,57.112088377632716,9.589947693012663,62.14975709465651,24.494825985541027
2025-11-24 09:56:15.464041,28.328538263953774,57.13887613406857,9.989162691478159,62.27663330033781,24.41686487295977
2025-11-24 09:56:15.764041,28.513071638755726,57.160818668453594,10.30888860621756,62.211830960030035,24.5426377949344
2025-11-24 09:56:16.064041,28.776565053685456,57.17274602950551,10.706911470425455,62.18763572022277,24.437149593127966
2025-11-24 09:56:16.364041,28.843042205478962,57.093957987988496,11.132769427085359,61.935005898087816,24.376634320310888
2025-11-24 09:56:16.664041,28.762927001420007,56.898739796098866,11.466370403862628,61.854515085609826,24.496316329442795
2025-11-24 09:56:16.964041,28.460196865528115,57.13035915446701,11.408029986523887,61.833032800219065,24.246160077871863
2025-11-24 09:56:17.264041,28.107370585335257,57.21691967297248,11.653278517745642,62.16838353939672,24.27221467845967
2025-11-24 09:56:17.564041,27.755738396174454,57.135649953996676,11.563816042696624,62.073755723408254,24.378382740638436
2025-11-24 09:56:17.864041,27.63308941262737,57.322086907740484,11.847591517711331,62.097635953777235,24.346475721266632
2025-11-24 09:56:18.164041,27.868867470401817,57.20461887761245,12.32793851559606,61.63073650690089,24.176386968517633
2025-11-24 09:56:18.464041,28.039542699200773,57.290136391332986,12.64039830337271,61.638215813399405,23.90430838875313
2025-11-24 09:56:18.764041,28.10552243535296,57.51773896419424,13.003282163784988,61.4414513373735,23.53848554250378
2025-11-24 09:56:19.064041,28.063664820622645,57.481456439338174,13.02678891019409,61.41546500309935,23.36068738734673
2025-11-24 09:56:19.364041,28.129416124418526,57.32818183477191,13.025638668346733,61.62870760336037,23.529921232453383
2025-11-24 09:56:19.664041,28.168097020132706,57.080221711783935,13.170188301103718,61.43917347791436,23.489142476956022
2025-11-24 09:56:19.964041,28.178585938183346,56.89674729552768,12.932630078635302,61.49982301686776,23.60864225662674
2025-11-24 09:56:20.264041,28.08333697002378,56.628219224724354,12.956850999484741,61.590033180656,23.687751524122074
2025-11-24 09:56:20.564041,28.126458537959422,56.42894683404121,13.11251198732749,61.705880237171804,23.662523341204103
2025-11-24 09:56:20.864041,27.929175794070666,56.32072982449794,13.310610237553652,61.67055633011016,23.626103239209176
2025-11-24 09:56:21.164041,27.767919422019702,56.203591489940216,13.40773939213909,61.59420265556006,23.57072426907941
2025-11-24 09:56:21.464041,27.490720359361596,56.47225548359777,13.629786268460453,61.51049592947597,23.489825815416946
2025-11-24 09:56:21.764041,27.18976658755284,56.282788628211456,14.10897372522369,61.20740878173123,23.33395512929783
2025-11-24 09:56:22.064041,26.73571639026665,56.30297847884276,14.287112284733043,61.38101257369391,23.095719929913493
2025-11-24 09:56:22.364041,26.30668903807253,56.257118577382315,14.560593411555702,61.33082761401617,22.90842829097398
2025-11-24 09:56:22.664041,26.08169662785807,56.34496820565832,14.463929807909423,61.33729072651737,22.622047175632826
2025-11-24 09:56:22.964041,26.152341981823916,56.435776261412045,14.64243729357102,61.45516592089171,22.463780397806286
2025-11-24 09:56:23.264041,25.988397475133123,56.5127774119191,14.793613074625052,61.611859042868254,22.14734228236023
2025-11-24 09:56:23.564041,26.079329345381066,56.736379785096624,14.954233624835863,61.726354530587855,21.983345395079088
2025-11-24 09:56:23.864041,26.246700182189887,56.74598173450581,14.744612154345155,61.91658336497448,21.90318429797294
2025-11-24 09:56:24.164041,26.32287319058763,56.75543288464839,14.648190824971746,61.80347625540051,22.13163647896087
2025-11-24 09:56:24.464041,26.499505594346342,56.779008949822384,14.613981562475697,61.88911813724562,22.66168514535492
2025-11-24 09:56:24.764041,26.370042007033437,56.73534679150857,14.711052412553526,61.758816082294835,22.634575806191844
2025-11-24 09:56:25.064041,26.303469745274683,56.946886889231656,14.83657625870962,61.565514248580364,22.51387387886112
2025-11-24 09:56:25.364041,26.004311563148878,56.96784007713615,15.045134766371056,61.70844458725127,22.294236769672338
2025-11-24 09:56:25.664041,25.91627096750221,56.8334124157664,15.257775378143695,61.33194853058088,22.175815280817446
2025-11-24 09:56:25.964041,25.816453739729095,56.62486426855219,15.651379058110404,61.140411409081246,21.97918014683709
2025-11-24 09:56:26.264041,26.074248219247206,56.34698021244739,15.506508671918944,60.92783134932962,21.637591592306528
2025-11-24 09:56:26.564041,26.079140744768747,56.10894918528258,14.950124784895129,60.840446672637356,21.84197998383472
2025-11-24 09:56:26.864041,26.091442824441543,55.924640986518966,14.553742073289044,60.88702922195886,21.92884630201033
2025-11-24 09:56:27.164041,25.93420235323653,55.720043244474525,14.386065520421457,60.92193112342344,21.85093403860127
2025-11-24 09:56:27.464041,25.566472192201378,55.71815693344196,14.131035179193033,60.856633453757226,21.999154520542355
2025-11-24 09:56:27.764041,25.476422144997343,55.59859792117956,14.250696854784941,60.945254462610194,22.099243166543577
2025-11-24 09:56:28.064041,25.53623689853183,55.073906336324114,14.29523057260489,61.25723514902803,22.29183169190436
2025-11-24 09:56:28.364041,25.490012490643316,54.728300645021484,14.42437991433476,61.40412847243066,22.570313800126577
2025-11-24 09:56:28.664041,25.32875816854618,54.54075716041619,14.362760029535488,61.60501282991024,22.729206848614734
2025-11-24 09:56:28.964041,25.266108370525533,54.49409712979497,14.22115033507341,61.64114886901393,22.690077880512877
2025-11-24 09:56:29.264041,25.208654705615576,54.81394807121026,14.323335237736435,61.742743892138826,22.35153980140254
2025-11-24 09:56:29.564041,25.13394221399228,54.82731293455936,14.388551719876,61.68512501881217,22.451402073352813
2025-11-24 09:56:29.864041,25.020115771291447,54.873378546986984,14.672688869535847,61.66448315144426,22.455595482637392
2025-11-24 09:56:30.164041,25.27576260548171,55.11676963931785,14.855956512262921,61.69492785891503,22.540572296405042
2025-11-24 09:56:30.464041,25.246333044033015,55.14164113388594,15.00291597321817,61.66086983053227,22.290737036310425
2025-11-24 09:56:30.764041,25.282077513660465,55.23734737472497,15.04112809318087,61.48793408709832,22.184476911704536
2025-11-24 09:56:31.064041,25.227137944358326,55.1444859036764,14.712323609287402,61.83072361249944,22.011963951344896
2025-11-24 09:56:31.364041,25.144678546855477,55.322695323680605,14.431381327077379,61.82685491995829,21.7602940396019
2025-11-24 09:56:31.664041,25.026119471814162,55.44673359962776,14.301090011647256,62.00167814836583,21.690945923686225
2025-11-24 09:56:31.964041,24.965742355076877,55.37687997774293,14.21602585259182,61.91339458960122,21.51865305252161
2025-11-24 09:56:32.264041,24.97994238037314,55.53583068169593,14.295025433725835,61.83862193662319,21.49690910317724
2025-11-24 09:56:32.564041,24.76560299237135,55.4948807813686,14.300554166920405,61.8521458827748,21.76922355855484
2025-11-24 09:56:32.864041,24.68090581831763,55.3012006331346,14.354132815032061,61.61027863547855,21.752203207606758
2025-11-24 09:56:33.164041,24.793378650870963,55.146965778616746,14.127079091597293,61.39813026867619,21.679467538103204
2025-11-24 09:56:33.464041,24.867547125043988,54.986575377056305,13.895621593197479,61.35073840942659,21.706593303215953
2025-11-24 09:56:33.764041,24.83380073671494,54.873318117230596,13.861547606897695,61.307645954257104,21.775719143238465
2025-11-24 09:56:34.064041,24.75482900012442,55.035797069010606,13.421123349093909,61.32021144780806,21.740219031030957
2025-11-24 09:56:34.364041,24.47635932131667,55.03070396998051,13.280768666708747,61.31261626901998,21.671394097313037
2025-11-24 09:56:34.664041,24.154859240170452,54.66811420620511,13.287631761614575,61.76211159120584,21.630508088020527
2025-11-24 09:56:34.964041,23.83035528345476,54.626840471626394,13.362098967601305,62.21561367604339,21.63903885393615
2025-11-24 09:56:35.264041,23.6559835643806,54.52512028983244,13.346774833010423,62.36807250918566,21.80335629733153
2025-11-24 09:56:35.564041,23.774001167262057,54.27843501210025,13.25998434255349,62.535782466569096,22.125067695833426
2025-11-24 09:56:35.864041,24.025389881137404,54.30331318323818,13.258659819211429,62.64573205291625,21.86263482880969
2025-11-24 09:56:36.164041,24.023760847610696,54.20710630149197,13.383982510367483,62.25961805913664,21.93914295109759
2025-11-24 09:56:36.464041,23.999615462186547,54.262177215049775,13.488707691359902,62.11625520495938,22.138237008434455
2025-11-24 09:56:36.764041,23.956939874082927,54.41308859549877,13.179834564278876,62.12800334634471,22.174256025058842
2025-11-24 09:56:37.064041,24.032088923261746,54.472003851934566,12.886244923018204,62.01966935406206,22.23100329640154
2025-11-24 09:56:37.364041,24.138357703752476,54.39474423051507,12.549085302335728,62.01404898047216,22.239772239591996
2025-11-24 09:56:37.664041,24.40950869726828,54.48230791429798,12.5325067561754,62.0461163569993,22.06879413582925
2025-11-24 09:56:37.964041,24.60374233510291,54.74281225084601,12.305731209288115,62.08355581113726,21.987427232555554
2025-11-24 09:56:38.264041,24.57242132635016,54.63949380679542,11.918454223183645,62.077186998392826,21.49545004620647
2025-11-24 09:56:38.564041,24.615623061787026,54.85281918178245,11.713237038937162,62.02352236078796,21.692699595898187
2025-11-24 09:56:38.864041,24.58940095559761,54.5409444617256,11.68153168850936,62.14512146962309,21.579728934278815
2025-11-24 09:56:39.164041,24.528577222147522,54.03024355165079,11.500280229616722,62.536545694342074,21.80430661505156
2025-11-24 09:56:39.464041,24.61010574646733,53.699878541426656,11.381037746615778,62.71096595674856,21.933737447746367
2025-11-24 09:56:39.764041,24.593720040366573,53.55208451389369,11.302122259990762,62.876914158586374,21.978660809099416
2025-11-24 09:56:40.064041,24.703598685136782,53.485253556931134,11.305729226960466,62.82929240591467,22.085234654274178
2025-11-24 09:56:40.364041,24.79454199794176,53.46414478674688,11.090966306299094,62.833362123065,21.907168139031267
2025-11-24 09:56:40.664041,24.854994707859394,53.663896145830165,11.029822320922886,62.81203837687481,22.026814468013804
2025-11-24 09:56:40.964041,24.849680890922485,53.96357887073284,10.869524341685883,62.73874006857683,22.172389165136842
2025-11-24 09:56:41.264041,24.739808045626983,54.22604105348983,10.438030157367688,62.53129676218902,22.011879184435394
2025-11-24 09:56:41.564041,24.677882668995927,54.151374302899676,10.20324518803264,62.48317577969857,21.937920129625294
2025-11-24 09:56:41.864041,24.548445528754527,54.10957453313328,10.106217702989966,62.44964412661934,21.959067037755478
2025-11-24 09:56:42.164041,24.313421589220145,54.01851567437326,10.220156083631265,62.24165525566479,22.101357840886152
2025-11-24 09:56:42.464041,24.16328904992769,53.8629165645089,10.592329421524784,62.00710250120923,22.25683262769415
2025-11-24 09:56:42.764041,23.968683484162,53.90089814039918,10.601079962720338,62.1370356149433,22.483060091815194
2025-11-24 09:56:43.064041,23.8574506760051,54.16018181233892,10.680245482738924,62.21881202777908,22.50775896907638
2025-11-24 09:56:43.364041,23.75129682472012,54.530740964326945,10.57929490557717,62.348572178414074,22.35726332124364
2025-11-24 09:56:43.664041,23.725649554377735,54.70409245538462,10.60243414730899,62.29616909584371,22.368216725716476
2025-11-24 09:56:43.964041,23.682915037650876,54.76922237189344,10.66587840485706,62.568351674640006,22.550116388628165
2025-11-24 09:56:44.264041,23.73414732152537,54.661369192906925,10.31939827363242,62.69459397970565,22.59546806802427
2025-11-24 09:56:44.564041,24.008624680891717,54.53442153658678,10.077542462278132,63.00836153247683,22.581078852669176
2025-11-24 09:56:44.864041,24.33385176747433,54.238563113236026,10.064225664045273,63.10965994729954,22.33959006405434
2025-11-24 09:56:45.164041,24.439170827532436,54.08565723347157,9.836979253624929,63.183209616826694,22.09464562415855
2025-11-24 09:56:45.464041,24.42779949697081,53.806909693717,9.453723378457646,63.282686763143545,21.741503741466076
2025-11-24 09:56:45.764041,24.24831408672977,53.36013607471296,9.555245925473473,63.39582272317424,21.42871123201278
2025-11-24 09:56:46.064041,24.010799833173756,53.35712577044207,9.429053260279927,63.32747463306547,21.291782942750135
2025-11-24 09:56:46.364041,23.9760464023724,53.22735476142117,9.338395077039968,63.292562101658845,20.974401196890632
2025-11-24 09:56:46.664041,23.888426142894374,53.24284705489276,9.206239659822467,63.30044547794707,20.938429956605574
2025-11-24 09:56:46.964041,23.859487318578893,53.06857941564139,9.08951796662014,63.31855018438531,20.758614652386978
2025-11-24 09:56:47.264041,23.931980508245974,53.093588599871964,9.24528095115035,63.14417819006298,20.7585201112337
2025-11-24 09:56:47.564041,24.00608607642838,52.754383042719354,9.201426808128438,63.1366858448596,20.63511423554824
2025-11-24 09:56:47.864041,24.087580597646735,52.88095323514564,9.00315366158816,63.15425541337337,20.853555320281732
2025-11-24 09:56:48.164041,24.260935957445827,52.76959913489846,8.982907469764195,63.21853182881216,20.819681182747715
2025-11-24 09:56:48.464041,24.41638098025538,52.73525512346723,8.968215308846204,63.30321963487924,20.749158101020708
2025-11-24 09:56:48.764041,24.224569104087433,52.559280785625766,8.717064315984763,63.44790673536977,20.55710730717084
2025-11-24 09:56:49.064041,24.268690259334814,52.70637185182453,8.688668347113163,63.67764094148496,20.54814703642714
2025-11-24 09:56:49.364041,24.329670628760873,52.74152260822398,8.419081694078997,63.79235183284946,20.289564828409077
2025-11-24 09:56:49.664041,24.207272500539453,52.45888841050169,8.4978687789543,64.13551285288138,20.133133788052017
2025-11-24 09:56:49.964041,24.048641948155385,52.244901780427355,8.491137049503287,63.95125283447435,20.347376300797155
2025-11-24 09:56:50.264041,23.975139344354712,52.0715413296002,8.602700838160729,64.03055178412885,20.526229600816922
2025-11-24 09:56:50.564041,23.904604818154308,51.93439315194124,8.650873418848905,63.795864488071686,20.771590649821032
2025-11-24 09:56:50.864041,23.76221083597318,51.70754627368214,8.905727661620533,63.62466826436513,20.855021127159116
2025-11-24 09:56:51.164041,23.4644113795458,51.29323973059324,9.09774196265771,63.341249386754455,20.747928482132036
2025-11-24 09:56:51.464041,23.384382358562753,51.131913894599144,9.120258626256575,63.09376919732632,20.69456810415989
2025-11-24 09:56:51.764041,23.47952273187687,51.16627640518372,8.851915209880781,62.791994706411906,20.659382080356565
2025-11-24 09:56:52.064041,23.458315258655016,51.13954121997254,8.726638963547593,62.84963814865061,20.471918670534357
2025-11-24 09:56:52.364041,23.29174580069472,51.11360407115688,8.684531152358986,62.99969077750419,20.47805770486061
2025-11-24 09:56:52.664041,23.23532541727263,51.14209305906119,8.754455753134783,62.876275386980986,20.374093110686545
2025-11-24 09:56:52.964041,23.22234295796645,51.28982125459468,8.838206861739364,62.52049046579398,20.016057790775072
2025-11-24 09:56:53.264041,23.08711422303932,51.2110776001246,8.376426739538566,62.48491438201028,20.131633348492457
2025-11-24 09:56:53.564041,22.920252620229828,50.71156055205572,8.304191778985476,62.57418650319606,20.08311139520844
2025-11-24 09:56:53.864041,22.817034382822687,50.44412064425169,8.275487891514523,62.91798488914582,20.354751092601145
2025-11-24 09:56:54.164041,22.85675693433079,50.32981953789782,7.967628797284466,63.090720732949144,20.461903193248887
2025-11-24 09:56:54.464041,22.815159004479895,50.630933892099364,7.8139687528497035,63.03553641290029,20.707653144667677
2025-11-24 09:56:54.764041,22.868879985842916,50.760347775436294,7.69463171235541,63.04213798272447,20.778038741398888
2025-11-24 09:56:55.064041,22.750740373582058,51.15413264871166,7.275891114249425,62.75446759765177,20.840284693856063
2025-11-24 09:56:55.364041,22.640614958977796,50.95971623761903,7.190871131900537,62.672292992769876,21.047029583604974
2025-11-24 09:56:55.664041,22.588839869420326,50.837958118975294,7.208610380806292,62.46733962415596,21.285743703819808
2025-11-24 09:56:55.964041,22.521640242467978,51.092014085722425,6.934717414690357,62.55217372653718,21.39448502994794
2025-11-24 09:56:56.264041,22.579254474476873,51.15636115180213,7.082820526158209,62.86437180139801,21.266689037978036
2025-11-24 09:56:56.564041,22.745694009479568,51.24477976383141,7.32810833541358,62.99515562297559,20.962961542772092
2025-11-24 09:56:56.864041,22.747035269265936,51.28646839233708,7.763527378716642,63.22951375379578,20.786392624633432
2025-11-24 09:56:57.164041,22.86083770102992,51.275828658400755,7.671581817322425,63.21083023756649,20.727773813027802
2025-11-24 09:56:57.464041,22.750036595450755,51.40362080789793,7.645924314528836,63.133550895061525,20.71374131319398
2025-11-24 09:56:57.764041,22.65214315221086,51.220077079222584,7.527978324137282,63.134065198544064,20.773968359919575
2025-11-24 09:56:58.064041,22.67861759407383,50.91774476167947,7.6222788759394176,63.50077214473305,20.97281044191374
2025-11-24 09:56:58.364041,22.729910888469515,51.024153046814305,7.562783455975942,63.44498154739477,21.064942510270754
2025-11-24 09:56:58.664041,22.830356553477728,50.756699805103054,7.330019653630604,63.62506875535304,21.22553546400125
2025-11-24 09:56:58.964041,23.00416926213122,51.00219904050418,7.039117077149572,63.71958851938972,21.344098473248323
2025-11-24 09:56:59.264041,23.343670808402724,51.1357181244142,6.873655399894539,63.78964812334115,21.01183842671492
2025-11-24 09:56:59.564041,23.110089596531076,51.29215357932292,7.032403351932936,63.55200061793207,20.978790499606145
2025-11-24 09:56:59.864041,22.83924097466127,51.15952192041708,6.8583112601581515,63.337054811272786,21.034245552846386
2025-11-24 09:57:00.164041,22.566482044544554,51.00358681378526,6.685145722799,63.21933574081147,21.0021644962076
2025-11-24 09:57:00.464041,22.63711090857961,50.88301648176761,6.628520711755137,63.240378026473316,21.02985190271227
2025-11-24 09:57:00.764041,22.499257799382892,50.84171971563635,6.597676326857135,63.235328449436054,20.829044327325608
2025-11-24 09:57:01.064041,22.526126129283835,50.660166063679775,6.093072200702265,63.505190368323724,20.73976635063365
2025-11-24 09:57:01.364041,22.62657934332265,50.275211252295136,5.762998927791117,63.51898744341921,20.669416885234345
2025-11-24 09:57:01.664041,22.657002040460704,50.03680985991087,5.280803962578866,63.67244583943698,20.536755644793796
2025-11-24 09:57:01.964041,22.70343211881017,50.04345750116214,5.017425512394909,63.72573126266591,20.57255520453642
2025-11-24 09:57:02.264041,22.473696913756832,49.96814346766653,4.881238899311128,63.432701424397756,20.517543629397384
2025-11-24 09:57:02.564041,22.466288064584816,50.00176449838656,4.552884172043566,63.33184584452032,20.249797989401706
2025-11-24 09:57:02.864041,22.77175275998158,50.12625700218778,4.416179838961326,63.091717561552,20.295854340398357
2025-11-24 09:57:03.164041,22.84726026861868,50.31956057956435,4.189807978402084,63.14191517635923,20.201977887156655
2025-11-24 09:57:03.464041,22.781044389707848,50.281839568722766,4.039316552368605,63.42725224005451,19.977618037786165
2025-11-24 09:57:03.764041,22.748454270498137,50.23099940978798,4.054577354074232,63.39785852342415,19.906803343630163
2025-11-24 09:57:04.064041,22.708499409862252,50.34278231793137,3.985871592446601,63.499578950815845,19.881665424361913
2025-11-24 09:57:04.364041,22.660652286400655,50.31208311868722,3.651887610061944,63.378982619719686,19.97152896786567
2025-11-24 09:57:04.664041,22.709931106753814,50.34129356889816,3.4978851119139316,63.40298799896383,20.069364401518616
2025-11-24 09:57:04.964041,22.604101281664327,50.21258204488167,3.458767881273227,63.19369111728592,19.938553706165383
2025-11-24 09:57:05.264041,22.293029177434352,49.7991208766057,3.171436063945102,63.25577825856313,19.839108245177837
2025-11-24 09:57:05.564041,22.108440000866484,49.60523909535311,3.0153148217907138,63.387944300641266,19.733567691682246
2025-11-24 09:57:05.864041,21.675355561134065,49.576316614636006,2.7518378247229274,63.5790148482162,19.7602933658638
2025-11-24 09:57:06.164041,21.372430943564773,49.784558373550446,2.44844451421067,63.406088775713584,19.668396690210308
2025-11-24 09:57:06.464041,21.264549259723886,49.87234654336063,2.3614568516648333,63.44491559324798,19.619405993036672
2025-11-24 09:57:06.764041,21.337113964645148,49.77027985513801,2.2661710989204034,63.599451341316744,19.392189280737167
2025-11-24 09:57:07.064041,21.456241230154387,49.799907148565104,2.198359566306846,63.69179672326792,19.423515957039598
2025-11-24 09:57:07.364041,21.766742227633916,49.66782937690015,2.1777604210314654,63.582078900695635,19.1478132966964
2025-11-24 09:57:07.664041,22.15151412481247,49.84010476185069,2.3475606171651178,63.1705559137738,19.021481393369367
2025-11-24 09:57:07.964041,22.72559874020741,49.821011573430134,2.3893832334699954,63.06584677628205,18.832073314636425
2025-11-24 09:57:08.264041,22.915266981196268,49.94670710362987,2.5491807529811483,62.883385073175994,18.7950716502067
2025-11-24 09:57:08.564041,23.048468101161106,49.94488276027132,2.6671966723808938,62.53693731225852,18.793852570220157
2025-11-24 09:57:08.864041,22.943882102870326,50.00735735695004,2.5007515962503843,62.71260365589578,18.676915575257585
2025-11-24 09:57:09.164041,22.72712037016529,50.082976222934626,2.33547771599249,62.44017204326519,18.74869178236817
2025-11-24 09:57:09.464041,22.449268936429576,49.66939712175157,2.2455358851103298,62.46848259443878,18.57535454584281
2025-11-24 09:57:09.764041,22.424666138859134,49.47805666616312,2.4373597041080632,62.50264487380622,18.154717050853552
2025-11-24 09:57:10.064041,22.36910668584243,49.17115117564206,2.69381402215345,62.72186182098009,18.120262221108014
2025-11-24 09:57:10.364041,22.439432706629454,48.9053609624981,3.0466978715230617,62.53265478397943,18.17637398046976
2025-11-24 09:57:10.664041,22.4810017533999,48.84583920853187,3.2544075734599716,62.20243160273461,18.021629902348256
2025-11-24 09:57:10.964041,22.702576326516002,49.19818729262525,3.210604529660192,61.92782239815427,18.26501650396732
2025-11-24 09:57:11.264041,22.934083599364218,49.15899730031949,3.158972856189218,61.39143219827941,18.361801153575694
2025-11-24 09:57:11.564041,22.922219534659902,48.95569673093093,3.2929047781361374,61.12630597878861,18.404674153067884
2025-11-24 09:57:11.864041,23.026669269952052,48.72389578255785,3.587655440104974,61.26610227617715,18.507807958901797
2025-11-24 09:57:12.164041,23.03237982484578,48.87990819195183,3.742997746418161,61.543277569915986,18.638012959140212
2025-11-24 09:57:12.464041,22.823134103697775,48.94682306499322,3.899074997706226,61.66112912167244,18.587378991607704
2025-11-24 09:57:12.764041,22.796748020265728,49.03861320546696,4.190801337670934,61.69474833794156,18.54636986707286
2025-11-24 09:57:13.064041,22.862780955689807,48.81223928307756,4.390704266665987,61.87920121388313,18.397003296212393
2025-11-24 09:57:13.364041,22.82830131966241,49.1074738097371,4.593557501945549,61.9092483831576,18.271209699005105
2025-11-24 09:57:13.664041,22.743836590978834,49.278838461978694,4.915575196899704,61.914830884141296,18.272690858012183
2025-11-24 09:57:13.964041,22.52861821000041,49.46963767677813,5.175542052689149,62.05928343550994,18.261335249128415
2025-11-24 09:57:14.264041,22.283780028556034,49.376939444834385,5.387110371143223,61.916304051384174,18.231256259450966
2025-11-24 09:57:14.564041,22.568792029200004,49.314945414916146,5.483241428890252,61.861728301941724,18.25034986810384
2025-11-24 09:57:14.864041,22.42210423536327,49.28646303641332,5.632999221700342,62.025550331183595,18.310209351396548
2025-11-24 09:57:15.164041,22.39405311360045,48.93914637513516,5.676741614688485,61.864877878165174,18.482139837880062
2025-11-24 09:57:15.464041,22.68107117886918,48.83421043689293,5.7394730521893695,62.07858132078513,18.387270255690048
2025-11-24 09:57:15.764041,22.951842405299004,48.66578764662276,5.548603906854771,62.12496077157637,18.38207761468825
2025-11-24 09:57:16.064041,23.068246607327094,48.47238104354476,5.919885475191713,62.014751415337,18.172367729146504
2025-11-24 09:57:16.364041,23.26501481366997,48.27799119094979,6.14965336445887,62.10727407592099,17.93284277374538
2025-11-24 09:57:16.664041,23.349862426641387,48.29107608346229,6.268219158201336,61.95109640292123,17.838610177543845
2025-11-24 09:57:16.964041,23.11571543923781,48.187787396937935,6.4410589983635465,61.57657495719139,17.407936164533496
2025-11-24 09:57:17.264041,22.872346077386535,48.188707326539735,6.649827370813025,61.11182137352929,17.29793037159672
2025-11-24 09:57:17.564041,22.50450235949146,48.23618594865868,6.837618399379855,61.009169353615675,17.367064613183857
2025-11-24 09:57:17.864041,22.526074999392463,48.14912027751725,7.206045187340722,60.797850489428264,17.216297007493893
2025-11-24 09:57:18.164041,22.745943671515754,48.29919841104323,7.067515567469834,60.61016653197842,16.957837815313628
2025-11-24 09:57:18.464041,22.8919118978098,48.267907853385275,7.410170107173151,60.437000739138675,16.85497184489085
2025-11-24 09:57:18.764041,22.939433391569796,48.125953272179416,7.928876328262094,60.58015071071086,16.857956151205457
2025-11-24 09:57:19.064041,23.03852671581526,48.22010543981741,8.395449970230128,60.68078523892699,16.83206025864649
2025-11-24 09:57:19.364041,23.03858890740524,47.99912965178476,8.85676478380341,60.91992435781509,17.061567878310004
2025-11-24 09:57:19.664041,23.173156028499417,48.10132953763284,9.380195484825201,61.00383968294715,17.197316949114352
2025-11-24 09:57:19.964041,23.278387542561656,48.34013315528116,9.660625619992905,60.97655518281734,17.194936358671058
2025-11-24 09:57:20.264041,23.515854883702186,48.405346697953135,10.158573650549119,60.80695800764892,17.233365821056115
2025-11-24 09:57:20.564041,23.53926473427738,48.444059410944206,10.603773626590929,60.94648910405413,17.231156780969044
2025-11-24 09:57:20.864041,23.464777200251902,48.44317887233487,11.00373326099028,60.90595814591595,17.258143393493814
2025-11-24 09:57:21.164041,23.459901378969327,48.22156793872742,11.311125469727333,60.79769886619931,17.16427886548457
2025-11-24 09:57:21.464041,23.293410812756576,47.998906646850294,11.363882591907615,60.83353908243064,17.269141651847566
2025-11-24 09:57:21.764041,22.89494026508049,47.957940558550845,11.358172022033227,60.88338626931889,17.108930231096537
2025-11-24 09:57:22.064041,23.14516612099792,48.012272648129986,11.515290984583716,60.846568238298964,16.788931021304226
2025-11-24 09:57:22.364041,23.408860334092992,48.10138893946965,11.699791883106046,60.621795491960675,16.420110193892892
2025-11-24 09:57:22.664041,23.612863135439092,48.193517237780924,11.702811402752044,60.51154270495931,16.269095045823352
2025-11-24 09:57:22.964041,23.636164084947684,48.17523145755324,12.028019386226468,60.42387235798889,16.14996319559004
2025-11-24 09:57:23.264041,23.66137236469136,48.01323477718238,12.192402536265025,60.56414918097723,16.34708615576514
2025-11-24 09:57:23.564041,23.614937436361824,48.330122046584314,12.571072743347845,60.78113937919602,16.257101176582687
2025-11-24 09:57:23.864041,23.371012084084086,48.51101232922097,12.977235908350107,60.64736289013011,16.41213722505824
2025-11-24 09:57:24.164041,23.12283479005984,48.39984208134331,13.437056355654718,60.68544240032011,16.516135365682935
2025-11-24 09:57:24.464041,23.157474171232373,48.183392480113326,13.819888358979115,60.389841234421205,16.493328112121585
2025-11-24 09:57:24.764041,23.552357896401624,48.32496850054485,13.98140326496443,60.5154176457084,16.708721956599508
2025-11-24 09:57:25.064041,23.6607457537459,48.29789061907468,14.19880586459281,60.492739429224805,16.729108838988243
2025-11-24 09:57:25.364041,23.829924192297007,48.0762730991066,14.402630764355962,60.830963444412916,16.88898345641462
2025-11-24 09:57:25.664041,23.74161742861214,48.31600603867033,14.474815006655174,61.22918261797096,17.04056814711506
2025-11-24 09:57:25.964041,23.85350481372382,48.320688481916086,14.670308325582987,61.07196368670757,17.215782980247255
2025-11-24 09:57:26.264041,23.997780294617662,48.31946089943982,14.671510264621267,60.8301892278371,17.54969076270894
2025-11-24 09:57:26.564041,23.79025510261583,48.160038705420604,14.897781768630471,60.760325708500325,17.667166796746432
2025-11-24 09:57:26.864041,23.59491857402169,48.10846382252408,15.066679449733885,60.69490412771631,17.60495122285908
2025-11-24 09:57:27.164041,23.257897271136702,48.11122836181428,15.408594622044134,60.661534145093796,17.331119525182306
2025-11-24 09:57:27.464041,22.994113139779383,47.896474197717225,15.887153357231506,60.60727098945019,17.244986437972997
2025-11-24 09:57:27.764041,22.885334239488316,47.81827817508557,16.16583482112448,60.43976307380805,16.99289506731309
2025-11-24 09:57:28.064041,22.91623668156203,47.94936967380812,16.219029731564145,60.28243075962708,16.85770216467711
2025-11-24 09:57:28.364041,22.79888125282005,47.78982700194018,16.185807029223948,60.4650224335601,16.857935056059873
2025-11-24 09:57:28.664041,22.729708594180014,47.69634285575281,16.196424233906004,60.67255395194497,17.0294437209569
2025-11-24 09:57:28.964041,22.654946267767247,47.72475596421946,16.678979844415696,60.61624096575588,16.79863015127773
2025-11-24 09:57:29.264041,22.557244429320836,47.43213080668918,16.840309185693233,60.725592800509894,16.89969024634767
2025-11-24 09:57:29.564041,22.567337852477884,47.29274737350493,17.096921285406324,60.68858207474257,16.829307409372145
2025-11-24 09:57:29.864041,22.537300149533383,47.06317601845389,17.144177474101575,60.34118090239743,16.623574082291636
2025-11-24 09:57:30.164041,22.436472325571454,47.06166691434908,17.353156665838213,60.27234411753996,16.716085811300978
2025-11-24 09:57:30.464041,22.343619942222517,47.033648882725494,17.801224145377002,60.31822112516263,16.737658360862696
2025-11-24 09:57:30.764041,22.20388612499344,46.72768415805776,17.93104053373662,60.29811924761985,16.792809920970768
2025-11-24 09:57:31.064041,22.0666320586665,46.605587679650036,18.182164169868535,60.48902682353143,16.75415109501355
2025-11-24 09:57:31.364041,21.95084868778053,46.565662884240204,18.316000891049423,60.62232613473002,16.764410978928584
2025-11-24 09:57:31.664041,21.80111989983745,46.63176583446494,18.208352649727306,60.847033391057344,16.663514561012477
2025-11-24 09:57:31.964041,21.825782637738353,46.70555397527171,17.988954857180623,60.8889358382152,16.754227634595857
2025-11-24 09:57:32.264041,21.90803222453961,47.11167725922794,17.85305961556345,60.92153046452008,16.909318392959694
2025-11-24 09:57:32.564041,21.785914641461616,47.03724187348561,18.14371905387273,60.76665309456055,16.911942339734335
2025-11-24 09:57:32.864041,21.88842619863118,47.22108444659131,18.264522586757543,60.983422594776854,17.03871631442616
2025-11-24 09:57:33.164041,21.894077877315944,47.40603535610566,18.469549964743944,60.891727976234314,16.919954808013816
2025-11-24 09:57:33.464041,22.033888044361873,47.453177121469935,18.609806197774613,60.59260448758748,17.038854882341973
2025-11-24 09:57:33.764041,22.058353119174303,47.27622434062859,18.7510178964394,60.385952473836014,16.96532464047217
2025-11-24 09:57:34.064041,22.04356498254571,47.29886250758481,18.732857359983175,60.193030414891496,16.644051071102776
2025-11-24 09:57:34.364041,21.895110942871003,47.42658761500754,18.78780339718973,60.19050101672595,16.338707828011117
2025-11-24 09:57:34.664041,21.93581306655978,47.43657137869289,18.465159755100924,60.163319864824075,16.38906760156978
2025-11-24 09:57:34.964041,21.994915953011066,47.34866191020257,18.5792311702305,60.519932320428715,16.237516568759883
2025-11-24 09:57:35.264041,21.70000984881777,47.31946756841478,18.39398889840615,60.620561490555914,16.480562924473915
2025-11-24 09:57:35.564041,21.911764575401556,47.557539759312185,18.277080957173983,60.441799134343164,16.44610967502225
2025-11-24 09:57:35.864041,21.62219102022926,47.6190908543729,18.11926818454832,60.45047181473689,16.663935206471365
2025-11-24 09:57:36.164041,21.318367526756,47.55447278642412,18.147682856356973,60.70337683782559,16.909410797145114
2025-11-24 09:57:36.464041,21.253427397737745,47.40775429883095,18.089267951101668,60.88755006870204,16.990131639322826
2025-11-24 09:57:36.764041,21.073805718147756,47.174611201578244,18.08895961987913,61.06792026487274,16.999732659528206
2025-11-24 09:57:37.064041,21.037167529648315,47.01764716343589,17.85904964293059,61.048772487092776,17.046027109379352
2025-11-24 09:57:37.364041,20.801227111100953,46.79589642745323,17.823525836130244,61.15589540316616,16.967615610004447
2025-11-24 09:57:37.664041,20.557496616635664,46.49050638089162,18.00359736414323,60.74082055112643,17.069359560861646
2025-11-24 09:57:37.964041,20.295647090656004,46.32070037885189,18.142153136878445,60.56092863101785,17.069896209920707
2025-11-24 09:57:38.264041,20.222416405745225,46.00602706439351,18.388675157411388,60.14797032845818,17.035068675447597
2025-11-24 09:57:38.564041,20.209439254939443,46.107446833992114,18.39457258259079,60.13745268424117,16.76777983874046
2025-11-24 09:57:38.864041,20.086581229133245,46.10502481450666,18.094008912704624,60.24264667985919,16.455698415707257
2025-11-24 09:57:39.164041,19.762644714040615,46.05914377205586,18.029195024383895,60.377428362330846,16.429809247826864
2025-11-24 09:57:39.464041,19.619689444161875,46.28817163705903,17.859806240967806,60.91359246386338,16.174888110326307
2025-11-24 09:57:39.764041,19.275868695821305,46.55194872311548,17.74676838049356,61.07784210755169,16.096267945947158
2025-11-24 09:57:40.064041,19.157442456956257,46.828768761648256,17.70340432817205,61.546524798979114,16.094143966512178
2025-11-24 09:57:40.364041,19.29170801358357,46.815012662699445,17.58345956499756,61.43979936470064,16.233680005082313
2025-11-24 09:57:40.664041,19.47264620965496,46.769336225015934,17.425051005632913,61.367159356712726,16.362824425902243
2025-11-24 09:57:40.964041,19.569258769523977,46.58296210102569,17.447135696234035,61.18202874446314,16.421577949833313
2025-11-24 09:57:41.264041,19.3998344220332,46.58629497237041,16.9824679083172,60.860327857954736,16.360793048638666
2025-11-24 09:57:41.564041,19.356172088565962,46.622865480110896,16.817193440536553,60.77579534461348,16.064067640379825
2025-11-24 09:57:41.864041,19.235741427759272,46.52546036838018,16.960421768483403,60.632585537647074,15.977864267091995
2025-11-24 09:57:42.164041,18.946225917202156,46.43809849165406,16.81266909929211,60.60343302181953,15.871743928145454
2025-11-24 09:57:42.464041,18.777879134509444,46.61556377645116,16.777514068457847,60.44196618205127,15.937207805962634
2025-11-24 09:57:42.764041,18.731295710415004,46.90844569484856,17.014095502863395,60.618616280232985,15.997002149318426
2025-11-24 09:57:43.064041,18.599706233577706,47.12306464175255,17.069755655266178,60.57323049170702,16.005400683745524
2025-11-24 09:57:43.364041,18.353515825068822,47.05464859249707,17.059913795462247,60.40750729828606,15.857970314734414
2025-11-24 09:57:43.664041,18.22990831612293,46.85657528383317,17.056364176006387,60.48857867586154,15.753500649080754
2025-11-24 09:57:43.964041,18.33441705862693,46.760574431394716,16.841958215090465,60.254567993867965,16.00912998714587
2025-11-24 09:57:44.264041,18.298523467637125,46.751654649072286,16.601591767640965,60.23663176746583,16.14867730675601
2025-11-24 09:57:44.564041,18.12774218596252,46.5738105398413,16.205766583850316,60.297063209657786,16.084372693178913
2025-11-24 09:57:44.864041,17.704889074404143,46.486877683221245,15.934953780414354,60.11630013892959,16.205959285815627
2025-11-24 09:57:45.164041,17.51889970657088,46.198006169962746,15.709198483480092,59.98658157843143,16.41735444983307
2025-11-24 09:57:45.464041,17.23675327668774,45.89026836375108,15.60065495527971,60.14110883233753,16.667514627199374
2025-11-24 09:57:45.764041,17.161767285698538,45.905446180792374,15.598939042261778,60.33882812267176,16.10217130698232
2025-11-24 09:57:46.064041,16.986317907125247,45.872571122302844,15.589926350719427,60.50009214324684,15.971483655164981
2025-11-24 09:57:46.364041,16.7769269034356,45.89045630216679,15.42062281281486,60.557426098110454,15.64913294683026
2025-11-24 09:57:46.664041,16.654699667608554,45.79590081641148,15.449942032821125,60.76410350487892,15.831314922391096
2025-11-24 09:57:46.964041,16.474331568720228,45.49267749191102,15.309476787647695,60.668206045499495,15.60724454562063
2025-11-24 09:57:47.264041,16.37434667894565,45.27104565492944,15.106750928852993,60.86536919985041,15.783064534761516
2025-11-24 09:57:47.564041,16.185461940921584,45.33894295355153,15.003270389676237,60.91273137559516,15.586382676208403
2025-11-24 09:57:47.864041,16.118393690307304,45.0222798600693,14.76532385299899,60.92781179934822,15.615802715653825
2025-11-24 09:57:48.164041,15.774288905145712,44.99082116748274,14.44831586780324,60.6196271545321,15.51558215826538
2025-11-24 09:57:48.464041,15.491259432465522,44.96981441168501,14.237080720382997,60.429435030316114,15.499389197476026
2025-11-24 09:57:48.764041,15.496883015001137,45.08802018548032,13.98833790818456,60.42672077364742,15.45777967311643
2025-11-24 09:57:49.064041,15.473057146404788,45.22286700404237,13.806131766627075,60.19281182501771,15.475734568131207
2025-11-24 09:57:49.364041,15.352030137462581,45.27273168529043,13.658010306317946,59.99323938190554,15.446772131728855
2025-11-24 09:57:49.664041,15.234291724907225,45.30020156954434,13.581666559292994,59.92467577597097,15.416103089353278
2025-11-24 09:57:49.964041,15.074092950458883,45.021235488956144,13.616069785283829,59.64412780201791,15.42003945660117
2025-11-24 09:57:50.264041,15.144490471474708,44.75476385525696,13.762006158963542,59.391635972131425,15.327978905298666
2025-11-24 09:57:50.564041,15.002669673014786,44.63148255022197,13.74038188754109,59.17660156522574,15.151685292202322
2025-11-24 09:57:50.864041,14.996071001986037,44.59345786394521,13.501723819712712,59.4609626311871,14.95914984494173
2025-11-24 09:57:51.164041,14.892768853772722,44.458732254792544,13.548489010299757,59.57753563476443,14.9011230001505
2025-11-24 09:57:51.464041,14.661370053112998,44.184340021464195,13.574809633141536,59.583310721543455,14.68952506428382
2025-11-24 09:57:51.764041,14.478656709306351,43.99009978751161,13.85322768939729,59.72287272197405,14.74496677019491
2025-11-24 09:57:52.064041,14.149039425040902,43.96998447142433,13.801168025107732,59.703750677686145,14.815116175739744
2025-11-24 09:57:52.364041,13.917110387783628,43.63546911217011,14.033915431827284,59.58372616959396,14.991314499816022
2025-11-24 09:57:52.664041,13.635838821049703,43.69472682998884,14.321086478732713,59.481524342411085,15.042807620662154
2025-11-24 09:57:52.964041,13.842091814333005,43.546667793289686,14.527210113694526,59.378249012845494,15.060611822997629
2025-11-24 09:57:53.264041,13.666856962642694,43.49651164153364,14.460551898486024,59.22624094414249,15.110288354257694
2025-11-24 09:57:53.564041,13.892948001169138,43.560498733127055,14.401848602334749,59.21888286873874,15.021842872236988
2025-11-24 09:57:53.864041,13.780670648676304,43.73378362277798,14.113848926962035,59.26686256227725,14.741964122438874
2025-11-24 09:57:54.164041,13.531545734179753,43.69460708463742,14.060898453552408,59.56318967804021,14.734426246167084
2025-11-24 09:57:54.464041,13.360333260789274,43.70596153684764,13.914519244000209,59.52273548876471,14.931928634040215
2025-11-24 09:57:54.764041,12.935641797539951,43.65163321365127,13.758962815809666,59.659636822143945,14.7819885191679
2025-11-24 09:57:55.064041,13.007503482151854,43.733045534516286,13.40215849333552,59.580274297532696,14.940506426923966
2025-11-24 09:57:55.364041,13.08676897664646,43.698388277352294,13.241290413693978,59.41244637845649,14.797554991624711
2025-11-24 09:57:55.664041,13.044084755841503,43.6735279185082,13.140622363482857,59.06043521226843,14.814779105968555
2025-11-24 09:57:55.964041,13.012620260576437,43.49384562217838,12.90569962766747,59.022800203641566,14.877585467739172
2025-11-24 09:57:56.264041,12.95189065551644,43.38466149014367,12.994000801619572,58.997719327245285,14.612273348791078
2025-11-24 09:57:56.564041,12.73851019633167,43.32447611481041,12.840122181205889,58.99349532662708,14.373152363626206
2025-11-24 09:57:56.864041,12.465642954719966,43.3890759476064,12.56916668806612,59.09203931048061,14.05584285331674
2025-11-24 09:57:57.164041,12.189022279251896,43.34015389553764,12.012190374907213,59.2284264615011,13.691916053600462
2025-11-24 09:57:57.464041,12.011152034325162,43.330968550172365,11.723599810858573,59.25008020522723,13.441164755655514
2025-11-24 09:57:57.764041,12.109132777643378,43.291167317704705,11.713222062715955,59.143236835523304,13.407717809716566
2025-11-24 09:57:58.064041,12.1997284001068,43.29267240791155,11.349398540416791,59.37888887986898,13.420517950171194
2025-11-24 09:57:58.364041,12.204246092701561,43.61382121355661,11.750745474953666,59.573853573695786,13.507486355986519
2025-11-24 09:57:58.664041,12.158118197371897,43.527190178192996,11.7613144088618,59.278745176327455,13.637968717198463
2025-11-24 09:57:58.964041,11.648605818743732,43.65518241167917,11.753317684407794,59.1493035862402,13.802849396100816
2025-11-24 09:57:59.264041,11.405771509692313,43.62957613674169,11.557702978506397,59.28667328634547,14.199411062809524
2025-11-24 09:57:59.564041,11.094533572697902,43.75753583935093,11.207741866342108,59.292138628062915,14.480439363159277
2025-11-24 09:57:59.864041,11.079138445278534,43.71867307623478,10.892286020934034,59.345675207504335,14.530294874762562
2025-11-24 09:58:00.164041,10.926340332932707,43.313534225977335,10.817595906149924,59.42816982429385,14.527117206119819
2025-11-24 09:58:00.464041,10.590813921773385,43.433913269680964,10.885890300787368,59.140788467389754,14.68724390003079
2025-11-24 09:58:00.764041,10.641424418344995,43.45734246849886,11.082008366339695,59.33322078040282,14.490025128065373
2025-11-24 09:58:01.064041,10.545487476767653,43.66757139779293,11.028314354061989,59.38026079886286,14.384792210990522
2025-11-24 09:58:01.364041,10.34921419444812,43.728150684573436,11.20069335592848,59.35005200849409,14.085691566140827
2025-11-24 09:58:01.664041,10.348411978161996,43.93640697862644,11.053637749280904,59.03829498814612,14.312305493037368
2025-11-24 09:58:01.964041,10.409753128550197,43.97293596322132,11.19264860016005,58.77774480672636,14.133571415236842
2025-11-24 09:58:02.264041,10.443271519446041,43.97323838242168,11.080977809432406,58.42685757618449,13.956285759162558
2025-11-24 09:58:02.564041,10.172795061730097,43.89344734655884,10.944227756489097,58.356357141835545,13.956783272589394
2025-11-24 09:58:02.864041,10.169332626813537,43.605599900704036,10.538044146681703,58.11338678618228,13.77484481698458
2025-11-24 09:58:03.164041,10.150915797780716,43.598915653395416,10.075517163388112,58.158059869621425,13.864442657627114
2025-11-24 09:58:03.464041,10.269933408824611,43.660256379141565,9.581220297497751,58.24226057770458,14.15929040944346
2025-11-24 09:58:03.764041,10.036742018576042,43.91113801450822,9.085095463021704,57.88967643554495,14.236208910739396
2025-11-24 09:58:04.064041,9.84711735444498,44.210896823224516,8.817668233887547,57.83594101995313,14.558480369932546
2025-11-24 09:58:04.364041,9.57177746279379,44.3908213480695,8.680490956483958,57.72689815673689,14.446708833331941
2025-11-24 09:58:04.664041,9.386063908454195,44.573386648024766,8.455576143829951,57.614839996820756,14.291652789485976
2025-11-24 09:58:04.964041,9.075529695803699,44.39705864518504,8.726468114915864,57.621731884595576,14.421033335674412
2025-11-24 09:58:05.264041,8.775769468122226,44.32125666272628,8.581105709503678,57.66646041620385,14.292005766926357
2025-11-24 09:58:05.564041,8.342460027371427,44.02324868343089,8.679370832850475,57.46151501766439,14.178427263539291
2025-11-24 09:58:05.864041,7.976916015308664,44.229965100669496,8.729522839560667,57.243773162502556,14.155893451400301
2025-11-24 09:58:06.164041,7.699970563918699,43.65072408701395,8.702753296638095,57.18935307299083,14.160111099445022
2025-11-24 09:58:06.464041,7.499951871330179,43.71627536839075,8.609340014253911,57.26124183699837,14.455928961625517
2025-11-24 09:58:06.764041,7.481044239294821,43.59168967054277,8.322355860976542,57.4705323514026,14.309329688495769
2025-11-24 09:58:07.064041,7.474116832046836,43.35285468845599,7.9120418993351045,57.841980630563256,14.386840675408711
2025-11-24 09:58:07.364041,7.6335978551023915,43.41098304901945,7.6583694642220745,58.118904493913966,14.545269304046883
2025-11-24 09:58:07.664041,7.611075372090777,43.25165528017301,7.488990341980879,58.22772527853281,14.587091049970185
2025-11-24 09:58:07.964041,7.695218566356148,43.25496420328533,7.014722147349437,58.09956033437073,14.595479523924954
2025-11-24 09:58:08.264041,7.392961819376788,43.301263683994975,6.743121991885328,57.9214581302987,14.781501115962886
2025-11-24 09:58:08.564041,7.104085754570039,43.47526031502445,6.344712034062195,58.17498789589829,14.622798859993242
2025-11-24 09:58:08.864041,6.87761800123441,43.39861145122843,6.229843599384756,58.54506221366547,14.237025994991996
2025-11-24 09:58:09.164041,6.808340814827781,43.306444879077596,6.338301385151803,58.78912877103543,13.92930388061419
2025-11-24 09:58:09.464041,6.876680262976988,43.08343475572046,6.371656787418061,58.92001197759959,13.554126965155609
2025-11-24 09:58:09.764041,6.912084154490648,42.88198048817871,6.297086186813953,58.48551032475089,13.350874709783579
2025-11-24 09:58:10.064041,7.0020202244713525,43.0357479522907,6.318464853576175,58.13997126335285,13.182028679067177
2025-11-24 09:58:10.364041,7.220286903133621,43.26562354636772,6.128668276157892,57.90296951648872,13.274228719105801
2025-11-24 09:58:10.664041,7.144433449040255,43.52123783440646,5.628157786089375,57.73248358487578,13.48530347177849
2025-11-24 09:58:10.964041,6.913166561590038,43.489565807940735,5.429908819480201,57.52489420861347,13.958308519901792
2025-11-24 09:58:11.264041,6.900734864064758,43.83805088226559,5.122027457696952,57.94906275733973,13.999009387182623
2025-11-24 09:58:11.564041,6.822148848109906,43.89693339539742,5.047149069939632,57.75936934360889,13.934930763066674
2025-11-24 09:58:11.864041,6.606157139407361,43.885841856933524,4.9839722020072355,57.53198191919472,13.825259623926875
2025-11-24 09:58:12.164041,6.229436077720191,43.98125542287405,4.95426526242786,57.63280573032851,13.878206459894406
2025-11-24 09:58:12.464041,6.0043766847627795,44.10177843213511,4.909175019502358,57.446195772448974,13.922982880282747
2025-11-24 09:58:12.764041,5.845774213807301,44.00691790986671,4.538146265483179,57.376250551333726,14.209226062820932
2025-11-24 09:58:13.064041,5.819365666704231,43.98406676607975,4.227964964079444,57.25151153530304,14.23091809044224
2025-11-24 09:58:13.364041,5.755778158632778,43.72532421314297,3.762140622592024,57.50044661311194,14.442515739005959
2025-11-24 09:58:13.664041,5.711322316700189,43.739744577289635,3.5597089490574207,57.655087579456584,14.193777100340055
2025-11-24 09:58:13.964041,5.574981567468171,43.78629546019077,3.5532765279390186,57.61296297681308,14.18906032183665
2025-11-24 09:58:14.264041,5.554566233094804,44.062867925263475,3.4804880979167163,57.55656772923758,14.121681390498281
2025-11-24 09:58:14.564041,5.6143867710750035,44.366386411016,3.497554128986414,57.568476791514996,14.084355184174465
2025-11-24 09:58:14.864041,5.804362073985338,44.636935362444326,3.3371888554906426,57.54745637488993,14.026366655712708
2025-11-24 09:58:15.164041,6.0145147148074924,44.95726884996171,3.128221219685767,57.43580155771105,13.8563058747969
2025-11-24 09:58:15.464041,5.977657780003103,45.21886513924949,2.9267161719903356,57.46129069742362,13.751080051002184
2025-11-24 09:58:15.764041,5.850901863329652,44.81266120507587,3.055441526517163,57.35363524351537,13.582264603216442
2025-11-24 09:58:16.064041,5.565596816212184,44.55596227865207,3.244427683589694,57.140970531792235,13.548283483840457
2025-11-24 09:58:16.364041,5.639755405902126,44.27490765547164,3.0166449237677497,57.18547343035573,13.785872038897471
2025-11-24 09:58:16.664041,5.513816461169979,44.139237162079354,2.876430551555961,57.183719160428545,13.478372931068852
2025-11-24 09:58:16.964041,5.628207054090582,43.96675882910213,3.0704997103415668,57.02461457238298,13.42854521947666
2025-11-24 09:58:17.264041,5.606708732992071,43.95884623101513,2.808584236621714,56.97089455513253,13.388670899130291
2025-11-24 09:58:17.564041,5.487588079736865,44.12017517884114,2.532561583661016,57.13205305297565,13.420421568425162
2025-11-24 09:58:17.864041,5.357975004585503,44.29328253380498,2.2948960846383053,57.069813692477155,13.398996541583957
2025-11-24 09:58:18.164041,5.079134095467942,44.56604964671433,1.993259126572419,57.162602491008336,13.622562816115494
2025-11-24 09:58:18.464041,5.080660219790082,44.74916272157105,1.889553619917296,57.04383414251667,13.590552952987242
2025-11-24 09:58:18.764041,5.276746032227252,44.737060045364416,1.7303735661246376,57.07489059068272,13.524787638185781
2025-11-24 09:58:19.064041,5.226067730136722,44.74624101361699,1.6808788766285654,57.34274916044489,13.526453658343893
2025-11-24 09:58:19.364041,5.188605980644574,44.78093692309674,1.780288665067334,57.40470763275168,13.617333514294138
2025-11-24 09:58:19.664041,5.302369134299359,44.80398931549667,1.782933556663414,57.44232690272678,13.532426358065662
2025-11-24 09:58:19.964041,5.4369456422674345,44.907340957620875,1.9068575434567332,57.253929029860195,13.450846904754748
2025-11-24 09:58:20.264041,5.354835205301714,44.99616132221594,2.1233575445709025,57.21115614013544,13.309989718580761
2025-11-24 09:58:20.564041,5.121149863690518,44.90506107793483,2.2584498308847745,57.37561935449667,13.261162531689232
2025-11-24 09:58:20.864041,4.8898665335501335,44.88341259531637,2.1907342077518526,57.451148330376256,13.31852713439745
2025-11-24 09:58:21.164041,4.611294729868786,44.385429870827934,2.080476297789682,57.409247219887284,13.418992664345708
2025-11-24 09:58:21.464041,4.492139153083054,44.26994511916005,2.033869107845594,57.487439075409384,13.360969245650265
2025-11-24 09:58:21.764041,4.417460886229879,44.038466400237134,2.2163828428670933,57.65616280107058,13.346944614012887
2025-11-24 09:58:22.064041,4.448670196286203,43.91182750550194,2.1147113081542246,57.543756917109924,13.339157740611572
2025-11-24 09:58:22.364041,4.418898484740103,44.11584315765105,2.114943291440242,57.48952432341532,13.282030619567044
2025-11-24 09:58:22.664041,4.410934875526474,44.29134674821202,2.2360884547796367,57.616375422658045,12.98105521258663
2025-11-24 09:58:22.964041,4.356054551328444,44.64186225668032,2.3177933066207386,57.416499713588465,12.852190753602358
2025-11-24 09:58:23.264041,4.1759570893344575,44.60085841276579,2.5758562269892944,57.11028444507228,12.75984647824842
2025-11-24 09:58:23.564041,3.9999398212269437,44.43558276142809,2.7180314735889763,57.02698794036396,12.754827474230153
2025-11-24 09:58:23.864041,3.9836350146031894,44.19754041702295,2.8796420461675356,56.880941652342145,12.90080604934815
2025-11-24 09:58:24.164041,3.9024951322858867,44.040380185194344,3.215893186528294,56.963180571334256,12.866169668084362
2025-11-24 09:58:24.464041,3.595113168397852,44.08123736291859,3.2115745279135837,56.84244432083778,12.868962988179721
2025-11-24 09:58:24.764041,3.6885569396411775,44.16669443353348,3.3299575966215045,56.6862622655052,12.567124858027327
2025-11-24 09:58:25.064041,3.5798979739077286,44.54668607327799,3.6910717402779434,56.63166953553289,12.488683713359627
2025-11-24 09:58:25.364041,3.5419206943821284,44.633930422948104,3.7262773634513686,56.442248665458706,12.410208336835556
2025-11-24 09:58:25.664041,3.420013387398535,44.689089829956764,4.165384126034338,56.74604005416585,12.617580499282866
2025-11-24 09:58:25.964041,3.321280387131603,44.717068696553774,4.536697293964342,57.113449408752125,12.60412590689841
2025-11-24 09:58:26.264041,3.40880338934782,44.58086038810401,4.887228749016661,57.27486643511992,12.812331167663315
2025-11-24 09:58:26.564041,3.4508076994618917,44.661047535499556,4.969043573859828,57.721939606766476,12.910854168273532
2025-11-24 09:58:26.864041,3.255344725417231,44.649299138420915,4.9147818899550995,57.773704209419044,12.97552618609717
2025-11-24 09:58:27.164041,3.16954733674479,44.649789113023594,4.906827757508272,57.76398617998065,12.72790132111374
2025-11-24 09:58:27.464041,3.0876163251246576,44.542463822155405,5.1281446349404085,57.30848516700866,12.647578713868125
2025-11-24 09:58:27.764041,3.035141286188856,44.51979914567056,5.3295556136036915,57.12879119818822,12.594075841552735
2025-11-24 09:58:28.064041,3.4780501888994038,44.609471705434025,5.483453462254827,57.138758544129665,12.346560869121006
2025-11-24 09:58:28.364041,3.673055169606453,44.612539656524746,5.792838798875035,57.194129605502084,12.460314858458867
2025-11-24 09:58:28.664041,3.6687315537873566,44.691161037927316,6.1235773910288245,57.33808181664015,12.327653064760577
2025-11-24 09:58:28.964041,3.643550761512695,44.881975041049856,6.525863307046536,57.823774055275344,12.195817874512212
2025-11-24 09:58:29.264041,3.7767046598743486,45.160916039817046,6.6916836121044705,57.82345416033282,12.351709459507449
2025-11-24 09:58:29.564041,3.7264755726931664,45.37217621728353,7.043730567976183,57.810996968723494,12.289483202682126
2025-11-24 09:58:29.864041,3.7633241970931723,45.40494138878681,7.357719858547307,57.6807654370556,12.623283612603165
2025-11-24 09:58:30.164041,3.494877624627871,45.2496822594247,7.778270788204612,57.463148652859836,12.674638125065714
2025-11-24 09:58:30.464041,3.323278519150342,45.21827264977956,8.023242009719388,57.411645170529596,12.659861749426513
2025-11-24 09:58:30.764041,3.3560431773954646,45.11922020010706,8.458279954405706,57.433496382323206,12.856245498056769
2025-11-24 09:58:31.064041,3.3681803632915988,45.21992829204669,8.774175250968067,57.48603593110423,13.340817284925773
2025-11-24 09:58:31.364041,3.105649565519111,44.98258932431026,9.204871846133434,57.49956672935133,13.296077270734084
2025-11-24 09:58:31.664041,3.092877142875876,45.13734445043437,9.670413928351937,57.71293534232729,13.209018973841756
2025-11-24 09:58:31.964041,2.629432331129257,45.29269827314694,10.104743929397289,57.767647191229734,13.016634876657385
2025-11-24 09:58:32.264041,2.517097032783429,45.303313454326506,10.382535430581513,57.62899085945881,13.267005856881134
2025-11-24 09:58:32.564041,2.698557756162939,45.47796479638002,10.690307398771528,57.77163629129089,13.175782343173891
2025-11-24 09:58:32.864041,2.88498666415718,45.59315462962954,10.904550789810575,57.77190912765136,12.949480003635436
2025-11-24 09:58:33.164041,2.952323684948597,45.603297391884205,11.21917692421983,57.50523111096098,12.764882618973898
2025-11-24 09:58:33.464041,3.0000875558568443,45.3286789919367,11.448890443989663,57.22355527432672,12.419985628072478
2025-11-24 09:58:33.764041,3.299701556296424,45.44922848558292,11.552954041951065,56.97101616238385,12.42497987448319
2025-11-24 09:58:34.064041,3.7415352801836117,45.64207723464282,11.781688377722283,57.00389333479274,12.40313555446692
2025-11-24 09:58:34.364041,3.740237088989174,45.874627685673836,12.020192284859128,57.05024981444512,12.477614159542409
2025-11-24 09:58:34.664041,3.9922411273494642,45.729392645932435,12.318572323745318,57.04414429052027,12.676408831491935
2025-11-24 09:58:34.964041,4.357670817707931,45.76313174611247,12.607793319708493,57.26309795702329,12.478529987781346
2025-11-24 09:58:35.264041,4.738048015973453,45.78251246700567,12.805140024488663,57.46065371765151,12.45184246095072
2025-11-24 09:58:35.564041,4.781196720660663,45.91062694811778,12.696322462753127,57.57751094288931,12.41727106783998
2025-11-24 09:58:35.864041,4.664451962157372,46.174140745715036,12.466798539259624,57.33816354099694,12.353296666485221
2025-11-24 09:58:36.164041,4.73995803423208,46.50136048016751,12.329829492300735,56.884171315239335,12.430290929860297
2025-11-24 09:58:36.464041,4.497665588077016,46.6956744495245,12.419708873278761,56.91303230799582,12.588750722775515
2025-11-24 09:58:36.764041,4.100688619183726,46.65153071992152,12.510218373084049,57.00395490784298,12.660368849833203
2025-11-24 09:58:37.064041,4.0561750162910455,46.93237089185007,12.581487362964044,57.57080213086059,12.986945650579788
2025-11-24 09:58:37.364041,3.958294938409924,47.086643422607324,12.85693601268128,57.84999420386731,12.979642089667468
2025-11-24 09:58:37.664041,3.8811224221280587,46.92340265865284,12.98287876648172,57.815819231744484,13.003544813587707
2025-11-24 09:58:37.964041,3.7950881530980505,46.80574676251713,13.370763611585884,58.05005636688299,13.056508312589465
2025-11-24 09:58:38.264041,3.7268103966023944,46.73617813709254,13.394435970834527,58.124015965193124,13.134208317222646
2025-11-24 09:58:38.564041,3.705664372541687,46.84740034974597,13.588665611402941,58.14457088240111,13.340715506512764
2025-11-24 09:58:38.864041,3.714183200087899,46.76399314977096,13.761933149979987,58.41322775967581,13.661756563871037
2025-11-24 09:58:39.164041,3.7547923422985052,46.70148626088121,14.09964099490727,58.44287326270386,13.420618287854925
2025-11-24 09:58:39.464041,3.997980978665394,46.4552114925137,14.516445843350484,58.80533624862741,13.51979976887445
2025-11-24 09:58:39.764041,4.17769862175107,46.41888064395507,14.922804916758333,58.91082594115992,13.587236372710734
2025-11-24 09:58:40.064041,4.5974045053747785,46.46456406571406,15.484899659649338,58.71962698352964,13.553524725948042
2025-11-24 09:58:40.364041,4.78220110903228,46.560672198414736,15.747307366705883,58.51191828410738,13.336210122868158
2025-11-24 09:58:40.664041,4.781109682087689,46.74077452739437,15.358883636007882,58.47087276855269,13.177229347148405
2025-11-24 09:58:40.964041,4.772231649331777,46.58064338145308,15.358342212079025,58.48596548587927,13.205874114209536
2025-11-24 09:58:41.264041,4.702917088929777,46.527990096157154,15.288697834638729,58.32144670527455,13.128834141921034
2025-11-24 09:58:41.564041,4.5752021239837415,46.52720162467261,15.208899858394913,58.42123949990874,12.710518572430356
2025-11-24 09:58:41.864041,4.565822370504181,46.6188830799648,15.497026491507741,58.72231030338159,12.507009229919426
2025-11-24 09:58:42.164041,4.519924749794914,46.630211653718824,15.483910500439336,58.97520178913983,12.57749852979882
2025-11-24 09:58:42.464041,4.263223702977551,46.7213762043618,15.650003850851244,59.1787331022706,12.70262456925479
2025-11-24 09:58:42.764041,4.21760645560127,46.81010407146757,15.585122916884693,59.36531947506458,12.90188819558326
2025-11-24 09:58:43.064041,4.382464279101033,46.86746278782959,15.35234825695829,59.21934209011289,13.119004663630971
2025-11-24 09:58:43.364041,4.736707591956858,46.93185674951578,15.570577756751963,58.78529063589444,13.290691548025174
2025-11-24 09:58:43.664041,5.104225593402152,46.81817484625487,15.618902028442285,58.53579171687975,13.050684530821227
2025-11-24 09:58:43.964041,5.174106577151978,47.05660280395914,15.757096098122975,58.785269915566275,13.007403602905969
2025-11-24 09:58:44.264041,5.3497041250183655,47.10067746177352,15.68539164873302,59.0083625536603,12.843162702407689
2025-11-24 09:58:44.564041,5.383838443629467,47.162459343921036,15.48289470965232,59.233794260354294,12.824392422057576
2025-11-24 09:58:44.864041,5.610687772017096,47.03619979482972,15.609604372690077,59.52715512679406,12.746306116186881
2025-11-24 09:58:45.164041,5.8683692851159845,46.80609253129675,15.830389531831631,59.77606977876817,13.131193739901633
2025-11-24 09:58:45.464041,5.8908156029266205,46.92880500474744,16.062995075959652,59.84368733702688,13.025121626544452
2025-11-24 09:58:45.764041,6.093345335522776,47.098736638039554,16.262148549722294,59.92640193698011,12.9382821914613
2025-11-24 09:58:46.064041,5.978197851140935,47.11969038158934,16.4519309145846,60.06563344558248,12.687971629955348
2025-11-24 09:58:46.364041,6.092089034335596,47.06752663089257,16.221037321766072,60.17061335593864,12.619698775378149
2025-11-24 09:58:46.664041,6.171571509978454,47.32374956798234,15.967974712418437,60.3306091465489,12.487047266757246
2025-11-24 09:58:46.964041,6.356101626542675,47.446964353432406,15.711762281710879,60.41163419244222,12.443960222939996
2025-11-24 09:58:47.264041,6.491891010698353,47.76780011433531,15.494992646903897,60.314436890444924,12.472191874087702
2025-11-24 09:58:47.564041,6.50977939286943,47.99421920479211,15.516944556742434,60.51331900619941,12.7796034361172
2025-11-24 09:58:47.864041,6.872562781708913,47.849388577264534,15.39547605896744,60.442467729976116,12.886998145867446
2025-11-24 09:58:48.164041,7.082768851029387,47.75556565668403,15.106027578603026,60.17216076068803,13.019375255530248
2025-11-24 09:58:48.464041,7.274601934130298,47.49223527810206,14.915351810183871,60.358756455208734,12.913153564950138
2025-11-24 09:58:48.764041,7.429607029360147,47.436585979294854,15.121681793320105,60.30973456394218,12.947125398018976
2025-11-24 09:58:49.064041,7.7894425600866075,47.6485438764403,15.302381490687653,60.58248382499687,12.972601967572972
2025-11-24 09:58:49.364041,8.189262416292637,47.869878735203024,15.238468804528031,60.651411679955864,13.110736507564168
2025-11-24 09:58:49.664041,8.600424525142273,48.206884534016936,15.021602881802174,60.868852935933205,13.506186871529522
2025-11-24 09:58:49.964041,8.752207048918327,48.52035252682514,15.031651032256528,61.15866672683521,13.720388956322312
2025-11-24 09:58:50.264041,8.795970707902928,48.884936713821844,15.053185104580976,61.15519523245515,14.152182219542542
2025-11-24 09:58:50.564041,8.948678008345622,49.268439949485774,15.236105188370777,60.9819926544676,14.393222724451622
2025-11-24 09:58:50.864041,8.814225079348752,49.2526049403142,15.350771635485371,61.16250872938522,14.610763457640811
2025-11-24 09:58:51.164041,8.768021289601428,49.331202789570895,15.199057661435608,61.48792647556083,14.591279245497823
2025-11-24 09:58:51.464041,8.569131975319566,49.0442747142875,14.92160406183941,61.45099808300771,14.532859606075125
2025-11-24 09:58:51.764041,8.567181479126214,48.913758226530845,14.333102579293776,61.41707874371646,14.366703420765791
2025-11-24 09:58:52.064041,8.795492356009277,48.94607826848141,14.015239765706939,61.16406998618301,14.297944677886369
2025-11-24 09:58:52.364041,8.887875525430502,48.80434915691125,13.785473949412337,60.88300621127854,14.119707929235831
2025-11-24 09:58:52.664041,8.849416723409464,48.861623216715714,13.59013774212751,60.77197524228779,14.279882795473634
2025-11-24 09:58:52.964041,9.114751119298022,48.927038861664116,13.327067892423395,60.843984107588064,14.045720544580703
2025-11-24 09:58:53.264041,9.425942406250998,49.273199161378614,13.484606970333356,60.92219358726217,14.172583325784135
2025-11-24 09:58:53.564041,9.634045601681514,49.223722710017455,13.5090535054095,60.93402672049354,14.270145317978734
2025-11-24 09:58:53.864041,9.66079977860015,49.54969173275454,13.39954508737981,60.91751968259143,14.40014561258713
2025-11-24 09:58:54.164041,10.029555758379118,49.86864028779572,13.36389750651168,60.8415927826881,14.430048994694118
2025-11-24 09:58:54.464041,10.213837615068543,49.769497402838155,13.253133389401485,60.90062975136159,14.268543160250061
2025-11-24 09:58:54.764041,10.376145385598697,49.626939880132284,13.02119730567604,60.98039436085264,14.31630226750749
2025-11-24 09:58:55.064041,10.502570606740022,49.827272348694244,12.921033951969255,61.07771389370485,14.48488504571662
2025-11-24 09:58:55.364041,10.749464418649083,49.94458428475301,12.763671621435066,60.96515150479325,14.571940348691994
2025-11-24 09:58:55.664041,10.869790603060153,50.098577596526255,12.560144192560738,61.134909955076395,14.894186452268864
2025-11-24 09:58:55.964041,10.868538895897895,50.01961779396362,12.42071743216085,61.251509653105224,14.839029051761699
2025-11-24 09:58:56.264041,10.834722587019183,50.086379628658214,12.551265632568342,61.312701381339714,14.976775612471336
2025-11-24 09:58:56.564041,10.817068208068914,49.8814736054795,12.600961189966018,61.6031919012927,15.325639835718846
2025-11-24 09:58:56.864041,10.981262646594873,49.91224932714538,12.437363618914562,61.42978617202372,15.4755062938254
2025-11-24 09:58:57.164041,10.937838610635046,50.2058539074846,12.69907694649151,61.281414592579694,15.575583216606368
2025-11-24 09:58:57.464041,11.014392567696236,50.374765091678626,12.628153882173292,60.91480413260039,15.619955121502525
2025-11-24 09:58:57.764041,11.114542884966637,50.22065525475931,12.842646054748768,60.81190585372085,15.491062972334543
2025-11-24 09:58:58.064041,11.109563254970983,50.17196491735686,12.581265851485105,60.92227924633369,15.344510742406957
2025-11-24 09:58:58.364041,11.422156521476275,49.963755586458404,12.471957956307563,61.233787237356175,15.284547091504262
2025-11-24 09:58:58.664041,11.468280311870762,50.25746149015888,12.31456650611051,61.22940183041206,15.293447685532701
2025-11-24 09:58:58.964041,11.54498439851233,50.35211454844906,12.160191072653303,61.29171080639884,14.928721957447731
2025-11-24 09:58:59.264041,11.677670032147743,50.50692767125382,11.91492514333432,61.08659866534714,14.80496790085351
2025-11-24 09:58:59.564041,11.729554479785604,50.61115633896787,11.936240031977142,61.2211426972156,14.76236213870543
2025-11-24 09:58:59.864041,11.913708628064848,50.4299624340726,11.85314929142837,61.29022886714617,14.923054849565775
2025-11-24 09:59:00.164041,12.113889162242767,50.321741489251636,11.723830869088909,61.29171469461652,15.158306535921103
2025-11-24 09:59:00.464041,12.280818249381909,50.27671675142828,11.614630191510098,61.345848769646516,15.399517099210907
2025-11-24 09:59:00.764041,12.336533612343823,50.18754338961409,11.384973031811565,61.167108486597876,15.231508798746901
2025-11-24 09:59:01.064041,12.332808810101437,50.210174904887886,11.099874315608929,61.13743865337624,14.85093633344804
2025-11-24 09:59:01.364041,12.074156616939053,50.06648518298457,10.910854392996589,61.364602043294575,14.821502809119737
2025-11-24 09:59:01.664041,12.002138137093674,50.02077957440971,11.041483632841896,61.64859791127487,14.64169780908855
2025-11-24 09:59:01.964041,12.015577955495617,49.9874694468874,11.442641880421583,61.688970755327205,14.747295025939723
2025-11-24 09:59:02.264041,12.019341480049542,50.026631946904416,11.885133207912764,61.507704480492905,14.77056951258426
2025-11-24 09:59:02.564041,12.196755790698344,50.357496150404,11.784364960684169,61.34079593734377,14.77495719675714
2025-11-24 09:59:02.864041,12.277211919941575,50.41863122276741,11.518571504724214,61.12783210680882,14.665145902710002
2025-11-24 09:59:03.164041,12.536574161950776,50.419975361405804,11.334620706837576,61.22194500059002,14.656585826288296
2025-11-24 09:59:03.464041,12.931056372998118,50.39106539537731,11.010024457350278,61.28101438991025,14.832620290332438
2025-11-24 09:59:03.764041,13.27382270102128,50.49980989916928,10.757440773688757,61.30258091973196,15.031881468529251
2025-11-24 09:59:04.064041,13.582857944827195,50.22469024807159,10.84187185943488,61.170284247499495,15.053746619594968
2025-11-24 09:59:04.364041,13.884878309475003,50.19913776398917,10.884247245417235,61.11721660236405,15.214067153534755
2025-11-24 09:59:04.664041,14.203383426868246,49.82910875010687,10.780828956620288,61.23582062138558,15.218093342374836
2025-11-24 09:59:04.964041,14.387918594374733,49.82056069763062,10.388523631896096,61.29109596553028,15.032434225498308
2025-11-24 09:59:05.264041,14.524296743484014,49.846135994534926,10.252731000028788,61.328433865574816,14.8557486499154
2025-11-24 09:59:05.564041,14.617087185379464,49.839321947382224,9.950005382532279,61.40051543657937,14.521047718604986
2025-11-24 09:59:05.864041,14.848069674274612,49.69050893833831,9.840763474386469,61.283787133618844,14.37815504355489
2025-11-24 09:59:06.164041,14.722091440068278,49.710343531830404,9.889974963610666,61.32792298117931,14.116729647677293
2025-11-24 09:59:06.464041,14.708704065939394,49.84881026402466,9.902059716973595,61.35621566309045,13.998262640995712
2025-11-24 09:59:06.764041,14.65015706671254,50.09784571262327,9.832747990039811,61.60114763535409,13.913198775347835
2025-11-24 09:59:07.064041,14.531742712499588,50.32575248026085,10.040617239785437,61.57120920828078,14.17176074264226
2025-11-24 09:59:07.364041,14.435628381038613,50.56607918129227,10.095586803497504,61.61823796751475,14.49505688155403
2025-11-24 09:59:07.664041,14.379576968565878,50.88630494297592,10.039474469731351,61.33821054439214,14.579676925814837
2025-11-24 09:59:07.964041,14.214512901078946,50.76255370135279,9.67952015819205,61.09790124665038,14.813928663375469
2025-11-24 09:59:08.264041,14.317316313703138,50.529301705684084,9.62488946039173,61.06550775447746,14.988937958557926
2025-11-24 09:59:08.564041,14.181539452762381,50.64535447507292,9.611989509303209,60.96062499273663,14.720930355711072
2025-11-24 09:59:08.864041,14.25042478797845,50.357440354509954,9.736705665338407,61.10091777791882,14.964032323506961
2025-11-24 09:59:09.164041,14.539460759798475,50.2120552196093,9.674538632964218,61.41758799236287,14.936853575032782
2025-11-24 09:59:09.464041,14.8946783379624,49.72486578492088,9.556191178358613,61.098316958285245,15.08151940131004
2025-11-24 09:59:09.764041,15.25047916465174,49.699060732961975,9.448426028370374,61.19071339773075,15.137233760307852
2025-11-24 09:59:10.064041,15.588783807814426,49.64407484533575,9.117324413542297,61.11332596111227,15.26192528844043
2025-11-24 09:59:10.364041,15.858751277002778,49.710971575951646,8.955254372485578,61.16707934992895,15.302935041136978
2025-11-24 09:59:10.664041,16.000523799124622,49.83314444267631,8.727180917102977,61.13884700169259,15.355259532295742
2025-11-24 09:59:10.964041,16.142658639798256,50.227575051450216,8.81790560640731,61.33783251657514,15.491460559055273
2025-11-24 09:59:11.264041,15.878562116799323,50.35327699040988,9.01851003492289,61.7202630609556,15.299003698580382
2025-11-24 09:59:11.564041,15.637454482549972,50.431401966345916,9.011521177237396,62.01861855438627,15.17840727033875
2025-11-24 09:59:11.864041,15.59459879433156,50.309098161055346,8.875972129654372,61.894953804414385,15.29777277985601
2025-11-24 09:59:12.164041,15.496841567095338,50.151213987213126,9.065222672398855,61.80508918742814,15.312110571856635
2025-11-24 09:59:12.464041,15.57163097549548,49.898198263699946,8.83271580597662,61.73359189850466,15.493614223517039
2025-11-24 09:59:12.764041,15.551466404845156,49.81395831601839,8.613917902534544,61.586962941999694,15.671187719221688
2025-11-24 09:59:13.064041,15.40064933610728,49.85334631628721,8.66357049288243,61.61814663125035,15.657100806191785
2025-11-24 09:59:13.364041,15.626563203398346,49.64167067309469,8.760264778116994,61.45952883263147,15.989971725592861
2025-11-24 09:59:13.664041,15.610109457526127,49.594403850260726,8.759680245776057,61.62733178723455,16.36586980889387
2025-11-24 09:59:13.964041,15.823220424599263,49.472347478846515,8.485570990234041,61.57876484604572,16.619513494531205
2025-11-24 09:59:14.264041,16.183515793259893,49.642712910157464,8.458780134997985,61.65871493241414,16.672269017843433
2025-11-24 09:59:14.564041,16.319266269190017,49.632242561783805,8.022873207979822,61.710312389762926,16.647743486289677
2025-11-24 09:59:14.864041,16.566306408923918,49.4156707736868,7.569706058365244,61.93197755345725,16.735984111712668
2025-11-24 09:59:15.164041,16.682993655214492,49.41409587247942,7.771684929940919,62.05968686470208,16.56200388408284
2025-11-24 09:59:15.464041,16.85104999446895,49.3300735497972,7.310579259250858,61.944485028749625,16.51987861120096
2025-11-24 09:59:15.764041,17.16994246075969,49.636869621510776,7.243854050716561,62.14887250921765,16.62249548996072
2025-11-24 09:59:16.064041,17.03719512930467,49.85032456647799,7.259845260298902,62.42396689692517,16.699096921632364
2025-11-24 09:59:16.364041,16.894449175081522,50.148898897184,7.206148736151375,62.36324255548293,16.861678139620327
2025-11-24 09:59:16.664041,17.05282112875694,50.320423208491775,7.0907288508534725,62.805024508718525,17.02152379546382
2025-11-24 09:59:16.964041,16.94212395732949,50.115354608764065,6.9094533385016605,62.9309591476224,17.140800405610193
2025-11-24 09:59:17.264041,16.89091235865574,49.98048051277485,6.899408407212524,62.70462714883646,17.370171681914776
2025-11-24 09:59:17.564041,16.887988669314318,50.02717934153963,6.999021256068568,62.29119951324445,17.5477965370563
2025-11-24 09:59:17.864041,16.95132225532743,49.83152555253974,6.732867585879234,62.20787036092857,17.62084699166124
2025-11-24 09:59:18.164041,17.388331398938117,49.73113497937768,6.5782828951891865,62.174608193189144,17.73863168663986
2025-11-24 09:59:18.464041,17.53389372447253,49.83659530822355,6.524158016978279,62.2019603124863,17.888202457745834
2025-11-24 09:59:18.764041,17.63270825552542,49.845371927950595,6.512771694015036,62.392068350067575,17.70353901299511
2025-11-24 09:59:19.064041,17.62380072868386,49.98608747611228,6.420836113504691,62.65082003203656,17.56676406580089
2025-11-24 09:59:19.364041,17.559051902071115,50.1449436746312,6.173392123193087,62.94277008878922,17.307737716360947
2025-11-24 09:59:19.664041,17.603401299435795,50.364320017084985,6.09990142879032,63.12669484959417,17.269405186215483
2025-11-24 09:59:19.964041,17.336297047883072,50.272288917093015,5.824978642031945,62.93899883619147,17.377460551837473
2025-11-24 09:59:20.264041,17.32644099128312,50.03526443609489,5.539788928900779,62.95177737651667,17.186370362295996
2025-11-24 09:59:20.564041,17.751792391008166,50.08059468427633,5.176137808794714,63.00657074657985,17.133086103043045
2025-11-24 09:59:20.864041,17.99083992446068,50.20599717992325,4.766780224598047,63.25540281238997,17.132688474916396
2025-11-24 09:59:21.164041,18.193222757672874,50.13156328483129,4.6293788295940335,63.2300372934058,17.040420213954185
2025-11-24 09:59:21.464041,18.316490227183362,50.25616745555811,4.574780392670907,63.30713185653541,17.198064972460728
2025-11-24 09:59:21.764041,18.513948356765074,50.270906990804555,4.236116737056667,63.46481791087729,17.52690656132495
2025-11-24 09:59:22.064041,18.72458290464294,50.430181748433384,4.308397613508778,63.703639137549004,17.662400408448434
2025-11-24 09:59:22.364041,18.983676343048995,50.475394693797064,4.2001740830268055,63.79840912051487,17.667847129069397
2025-11-24 09:59:22.664041,19.170133045986756,50.462103684899084,4.090561077423085,63.99415206923019,17.926878865423962
2025-11-24 09:59:22.964041,18.965241288775502,50.37660926472547,3.6812327971820897,64.25363575880166,17.882764661363883
2025-11-24 09:59:23.264041,18.758828310260725,50.11973350033137,3.5591504092761848,64.41048952893024,17.86752794219577
2025-11-24 09:59:23.564041,18.523483785297444,49.92105243044184,3.4956420632291483,64.64960991498222,17.814914215110132
2025-11-24 09:59:23.864041,18.40358347603734,49.93621661312556,3.154793593074263,64.68534582442115,17.83550885406417
2025-11-24 09:59:24.164041,18.323723186304015,50.05994415889752,3.282350518048678,64.75546981458292,17.901180270806453
2025-11-24 09:59:24.464041,18.409857262585206,50.04380099162435,3.2027898095690173,64.805431435442,17.822923476091127
2025-11-24 09:59:24.764041,18.445235559810484,49.917242255576,3.4783441204800947,64.70410560848431,17.59168362120487
2025-11-24 09:59:25.064041,18.670346493990593,50.01838541210133,3.8162421130988706,64.68699107088914,17.56279727885522
2025-11-24 09:59:25.364041,18.99247885832801,49.80144043729115,3.9372777381934094,64.7694708993232,17.684621043764395
2025-11-24 09:59:25.664041,19.47880369937376,49.91391430908796,3.8724975157475807,64.56292981702128,17.711491874472706
2025-11-24 09:59:25.964041,19.759616777679504,50.03767915996519,4.244565088839591,64.51442810379062,17.831171229042877
2025-11-24 09:59:26.264041,19.99068180302898,50.20294920005912,4.02956337947268,64.13391708810278,17.989359610918406
2025-11-24 09:59:26.564041,19.934777104460984,50.12181079426066,4.024285857015001,63.916234349396206,18.174402359912154
2025-11-24 09:59:26.864041,19.75481556882423,50.131818548828505,3.992464744234403,63.82206242997077,18.095363457370116
2025-11-24 09:59:27.164041,19.836152822454693,50.11567826426424,4.176525878838314,64.01666236528351,18.024349537891897
2025-11-24 09:59:27.464041,19.988982482644992,50.23758129531932,4.307181097170786,63.94998911398817,18.359977797491606
2025-11-24 09:59:27.764041,20.386792363992335,50.362612454737146,4.25099439648027,64.08214863206,18.34958492589198
2025-11-24 09:59:28.064041,20.79017677906406,50.599281869401054,4.26670678341452,64.03352339753664,18.269331846474074
2025-11-24 09:59:28.364041,20.98126866255502,50.63250345697912,4.3078427344515005,64.13992263462266,18.293476015196422
2025-11-24 09:59:28.664041,21.090939610735877,50.918963082780344,4.4420324775077455,63.996162135486856,18.239153120548654
2025-11-24 09:59:28.964041,21.31931138622535,50.834877452724946,4.554157654486708,64.15740180269182,18.46230685801882
2025-11-24 09:59:29.264041,21.71144993428811,50.64100890429771,4.598592213669325,63.985096475305184,18.72609792104663
2025-11-24 09:59:29.564041,21.955560100119012,50.25462147644864,4.800463244730378,64.42854913968532,19.077556059563644
2025-11-24 09:59:29.864041,22.228804345090996,50.312581181863344,5.0592117426185235,64.4859651964625,19.329668569515366
2025-11-24 09:59:30.164041,22.668094249543767,50.39319928066573,4.943175560031569,64.40859188664808,19.521475067215192
2025-11-24 09:59:30.464041,23.269413509312443,50.50868543589766,5.0799617724855395,64.33676299547747,19.47474858718401
2025-11-24 09:59:30.764041,23.542098551215034,50.68462538660487,4.835158849469445,64.33517588412472,19.701111808506514
2025-11-24 09:59:31.064041,23.854366517605317,51.096483227538265,4.840101994479853,64.46333066070906,19.725536180950364
2025-11-24 09:59:31.364041,24.174963826962806,51.201697294756386,4.75957019695295,64.37676439992188,19.756478924955143
2025-11-24 09:59:31.664041,24.069174585857557,51.384096691626475,4.75012603501168,64.3556879241962,19.634384807291493
2025-11-24 09:59:31.964041,23.863172889350405,51.44834271315281,4.936416165728863,64.28929515855646,19.52277046701009
2025-11-24 09:59:32.264041,23.756247776053993,51.34916313703337,5.0242188611122645,64.60866397335586,19.34412567097288
2025-11-24 09:59:32.564041,23.585204800199424,51.056462021828246,5.170268818618374,64.6310934793668,19.521218797250363
2025-11-24 09:59:32.864041,23.760016379745938,50.79631481109065,5.519638586277758,64.55454949692172,19.50177284314391
2025-11-24 09:59:33.164041,23.962327229985142,50.5210649275849,5.693052374997827,64.37540699717383,19.518843212845002
2025-11-24 09:59:33.464041,24.332453572442684,50.524725810585515,6.016898591111486,64.51661470196689,19.53387308727821
2025-11-24 09:59:33.764041,24.545360923012904,50.36442840332986,6.44838372329433,64.57963563662318,19.471722818591616
2025-11-24 09:59:34.064041,24.877419902430862,50.290313148273526,6.638299372765617,64.524705034717,19.274309900956165
2025-11-24 09:59:34.364041,24.951905345466642,50.25957776848525,6.69674585944376,64.64488491573539,19.17282894787902
2025-11-24 09:59:34.664041,24.9523493857827,50.07037487882003,7.0433205526507585,64.5190407179214,19.266964151016055
2025-11-24 09:59:34.964041,25.001505369435574,50.30310330918165,7.362916819028866,64.70238533857,19.371570865132274
2025-11-24 09:59:35.264041,25.16024586025373,50.33471552928086,7.526639692454356,64.80153588596382,19.478038955139237
2025-11-24 09:59:35.564041,25.38987003044158,50.55796646809194,7.637589426107937,64.58308032095223,19.529197034629608
2025-11-24 09:59:35.864041,25.67828526537373,50.61099932593931,7.884483631964816,64.74360940596074,19.457656945302936
2025-11-24 09:59:36.164041,25.739166996909614,50.609084498479106,7.871200875873982,65.12858466347456,19.468316288873552
2025-11-24 09:59:36.464041,25.893916907978205,50.54458022065745,7.86081675662225,65.0522423155191,19.41668920582926
2025-11-24 09:59:36.764041,26.201246967785416,50.686149224301424,8.219767611652383,64.97963459623718,19.273962349311237
2025-11-24 09:59:37.064041,26.338279528999134,50.786291159118804,8.613417300420483,65.06896039827961,19.459207952131813
2025-11-24 09:59:37.364041,26.360340980393,50.69364166618704,8.945807406885399,65.0148349462649,19.19290859403739
2025-11-24 09:59:37.664041,26.622062637871224,50.759891692635335,9.229839342983668,65.40206774115066,19.087411164085708
2025-11-24 09:59:37.964041,26.896029443977966,50.90083818846345,9.394759696343804,65.26558927015707,19.296437960908914
2025-11-24 09:59:38.264041,26.962482321746908,50.68893522863892,9.639278352857078,65.20917752872877,19.442791977324774
2025-11-24 09:59:38.564041,27.149718353909655,50.67315708783439,10.04540137335724,64.77529700288675,19.530319259712677
2025-11-24 09:59:38.864041,26.94872513564383,50.61593238254872,10.433218332263717,64.79659273358313,19.555726286153995
2025-11-24 09:59:39.164041,26.999132237975445,50.495129187051944,10.914806022508532,64.82893969448307,19.490522489498122
2025-11-24 09:59:39.464041,27.216178499159057,50.57560045287148,11.177715410553297,64.8908749213796,19.451791681971773
2025-11-24 09:59:39.764041,27.10119353369801,50.556139791863046,11.55286320401455,64.91763229669019,19.292064703414173
2025-11-24 09:59:40.064041,27.301888908594524,50.72028586953695,11.69630299977394,64.97876162314176,19.284403940501868
2025-11-24 09:59:40.364041,27.58362694834887,51.0198935843115,11.837930545279125,64.86864023530644,19.26204851203571
2025-11-24 09:59:40.664041,27.55605695843179,51.14874308267536,11.906057842581685,65.01058005030646,19.04064917164425
2025-11-24 09:59:40.964041,27.538575513582394,51.57208719159371,12.058230722299111,65.05088455004386,18.92717656974923
2025-11-24 09:59:41.264041,27.85676536275383,52.01401790108349,12.416720464759646,65.12446218008157,18.99312548413615
2025-11-24 09:59:41.564041,28.068330113844336,52.226191575519195,12.764765018993902,65.0291444634736,18.772954411503353
2025-11-24 09:59:41.864041,28.177506959787028,52.36598523500983,13.013142338326963,65.01009830745424,18.826600753837326
2025-11-24 09:59:42.164041,28.370217650816773,52.5463942547836,13.499199691693764,64.72425596943097,18.831718786663156
2025-11-24 09:59:42.464041,28.587406929523414,52.29335503918498,13.786592071717743,64.74564770988377,18.871705093230673
2025-11-24 09:59:42.764041,28.555265693131027,52.245040967477834,14.012280514076163,64.56804393619635,18.88821074513764
2025-11-24 09:59:43.064041,28.439851747560713,52.231713296488536,14.163242474278974,64.66225236374221,18.7175285468405
2025-11-24 09:59:43.364041,28.856839354421865,52.14615905878627,14.342573131584826,64.80495703073771,18.666339470119752
2025-11-24 09:59:43.664041,28.728043796244826,52.14017343745194,14.653859713546634,64.65221085626537,18.841861653219286
2025-11-24 09:59:43.964041,28.76368188693799,52.03323217001289,14.804616376756114,64.59873826326134,19.09070065365938
2025-11-24 09:59:44.264041,28.836846421717205,51.87783897222382,14.959481658965377,64.66180641679637,19.067964547474485
2025-11-24 09:59:44.564041,29.149223867162156,51.95778914131766,15.258916979590989,64.58794858510174,19.150114044411183
2025-11-24 09:59:44.864041,29.402344667666917,51.82801818674806,15.662544224209507,64.4993237160466,19.087498251127656
2025-11-24 09:59:45.164041,29.65119170484165,51.638417961791234,15.883929825476464,64.63180631463338,18.826902084966207
2025-11-24 09:59:45.464041,29.744907573931968,51.50360321022365,16.273584059675375,64.78908416590191,18.7896128930843
2025-11-24 09:59:45.764041,29.645885323495374,51.51233195502452,16.537874666017892,65.16533910390353,18.548524705368955
2025-11-24 09:59:46.064041,29.64890874944108,51.39776626469276,16.76537248374851,65.13804999035067,18.615702288816852
2025-11-24 09:59:46.364041,29.839517928161044,51.60345577230091,16.98935042128867,65.01213779394118,18.408157906830183
2025-11-24 09:59:46.664041,29.890993500803262,51.6242288801635,16.91503271276761,65.01260349732779,18.516675534307275
2025-11-24 09:59:46.964041,29.926668178918124,51.44998088702009,17.14081897859097,65.10444189151436,18.4591285714054
2025-11-24 09:59:47.264041,30.10384425838018,51.52738765928012,17.211695171512982,65.24689992921398,18.385241299274842
2025-11-24 09:59:47.564041,30.051310560821534,51.26288600495635,17.1947696998586,65.29549313675085,18.49152592606584
2025-11-24 09:59:47.864041,29.983840882458026,51.31517597519268,16.995656521316373,65.33839345308631,18.037575533434605
2025-11-24 09:59:48.164041,29.896977570884374,51.43655505096207,16.7323021347049,65.27742541901995,18.129584184532288
2025-11-24 09:59:48.464041,29.90798206554959,51.56820494694883,16.953655806679343,65.27930836416688,17.915335228695692
2025-11-24 09:59:48.764041,29.93292842015752,51.646410029904295,17.024432985738123,65.27823855375206,17.837450270103783
2025-11-24 09:59:49.064041,30.2796232838273,51.914673414597935,17.376162633631804,65.33897428133615,17.908273794446238
2025-11-24 09:59:49.364041,30.473976000356316,51.846000953418454,17.512338181002832,65.53053019003971,17.986624226839325
2025-11-24 09:59:49.664041,30.72625258788637,51.8319069816272,17.871104987152062,65.69378075004265,18.211740361872412
2025-11-24 09:59:49.964041,30.724793290033297,51.81629304701371,17.976202318376387,66.03894231755675,18.249218602704463
2025-11-24 09:59:50.264041,30.67915443585338,51.578826312796714,18.188569851642892,66.13502388714566,18.199985232077058
2025-11-24 09:59:50.564041,30.589731158516223,51.79422551744281,18.46184192232666,66.13916578523214,18.11408748579459
2025-11-24 09:59:50.864041,30.66489147433743,51.750167743822544,18.472531017575967,66.31880394113209,17.697731708167954
2025-11-24 09:59:51.164041,30.751669019929125,51.83356058809419,18.350462165049652,66.41577888718587,17.560727233934486
2025-11-24 09:59:51.464041,30.925223412650993,51.85376964827732,18.397288261165162,66.36435747043018,17.714600984322963
2025-11-24 09:59:51.764041,31.018416599505915,51.85364218881311,18.42890389265445,66.28512117001698,17.66188280571123
2025-11-24 09:59:52.064041,31.17029918080113,51.65376401227376,18.568852426668766,66.13965606465739,17.317750039364
2025-11-24 09:59:52.364041,31.342051489815926,51.62365445080851,18.78950992336334,66.06693137856278,17.09843256851573
2025-11-24 09:59:52.664041,31.24361640308006,51.62949460702796,18.736403845144377,66.41957585255113,17.090610728441995
2025-11-24 09:59:52.964041,31.254345697601103,51.51145023207732,18.833678051247833,66.37247868592263,17.23860435043514
2025-11-24 09:59:53.264041,31.305610499638856,51.375890934558015,18.803236630655995,66.38388465125477,17.337464894741153
2025-11-24 09:59:53.564041,31.10471848167294,51.32323150917039,18.6826970141681,66.19452119970207,17.636860126876414
2025-11-24 09:59:53.864041,31.127447798355497,51.312182223650304,18.660129800080995,66.06730749612963,17.860478094686812
2025-11-24 09:59:54.164041,30.953171191562575,51.2360887801869,18.705876487963444,66.07586674381557,17.738770346577397
2025-11-24 09:59:54.464041,30.95585793435336,51.004891848410026,18.822729121064945,65.92064482837057,17.793932711273595
2025-11-24 09:59:54.764041,30.925861359063333,50.90384559501947,18.487833937035738,66.14485200472188,17.807487729888223
2025-11-24 09:59:55.064041,30.853852509381547,50.962452612743455,18.7058137772795,66.14495824699344,17.58982000037378
2025-11-24 09:59:55.364041,30.908886168202244,51.05313153657569,18.349457367358433,66.29197838423526,17.62900627063852
2025-11-24 09:59:55.664041,30.679611034413533,51.03021710976522,18.50943100919102,66.20931652393959,17.589673852109478
2025-11-24 09:59:55.964041,30.66470548429541,51.055245118613115,18.763706395706322,66.14908221757808,17.67507907751756
2025-11-24 09:59:56.264041,30.493958533297917,51.23745268085109,18.963783118245146,66.02257292247835,18.003100094399695
2025-11-24 09:59:56.564041,30.269865043340957,51.20108501943024,18.70581496378015,65.83130906946946,18.005862640255508
2025-11-24 09:59:56.864041,30.333584365942457,51.32142654065861,18.584475983002797,65.75221132341773,17.997387599657838
2025-11-24 09:59:57.164041,30.261584911521865,50.87976826248319,18.34143024061407,65.72458003799143,18.291817785064705
2025-11-24 09:59:57.464041,30.322593494728615,50.83217008273822,18.229904978554888,65.87603484332934,18.293803990165095
2025-11-24 09:59:57.764041,30.32258005556698,50.90552744439894,18.055431340227084,65.84163015016932,18.31393488445024
2025-11-24 09:59:58.064041,30.12630082013051,50.819461526318776,17.99692648640904,65.79406988924661,18.42414727247857
2025-11-24 09:59:58.364041,30.039038892706515,50.95588098808198,17.69002329134034,65.75016607545173,18.334087242950496
2025-11-24 09:59:58.664041,29.741816092887607,50.70257075908254,17.59975361995609,65.5883271732663,18.22700672270148
2025-11-24 09:59:58.964041,29.711635892146763,50.52000270441513,17.613683148341273,65.3594414284593,18.137904542764158
2025-11-24 09:59:59.264041,29.85322806152966,50.433908061961006,17.396784955468654,65.37032903718087,18.170725889077687
2025-11-24 09:59:59.564041,29.973265124131867,50.05021494701886,17.529528002049087,65.37259030446852,18.28834822983201
2025-11-24 09:59:59.864041,30.00621029516041,50.15254805479397,17.51243982608769,65.37165236588342,18.426682357794313
2025-11-24 10:00:00.164041,30.03887468950582,50.03457164286797,17.64674224462011,65.21236561074267,18.693284876472923
2025-11-24 10:00:00.464041,30.12759565852514,50.008270678827884,17.73515881113179,65.20604776830106,18.706136054303766
2025-11-24 10:00:00.764041,30.264067218486097,50.26043492716837,17.692013535291345,65.09722619322172,18.70235639579814
2025-11-24 10:00:01.064041,30.502584205095168,50.31217481289223,17.470958566380347,65.33591224996312,18.792174484646363
2025-11-24 10:00:01.364041,30.670632149723613,50.48086017669595,17.561926479735927,65.14658218937309,18.885790729169784
2025-11-24 10:00:01.664041,30.617610158023265,50.48392762356545,17.729835271522884,65.15051656871722,18.927283252604283
2025-11-24 10:00:01.964041,30.80759851940674,50.55760615971696,17.67188844905428,65.04403980283536,19.175920750438586
2025-11-24 10:00:02.264041,30.957426948149617,50.77078324129119,17.298569267016077,65.1860953800847,19.296539296275384
2025-11-24 10:00:02.564041,30.702027977071005,50.60992308704632,17.12914249590453,65.22992440250604,19.291876543714594
2025-11-24 10:00:02.864041,30.607770829335294,50.675656702207526,16.80829153911771,65.40782594318036,19.076260749618235
2025-11-24 10:00:03.164041,30.674579565158506,50.52738705318961,16.520065239361326,65.48173225644005,18.948334372218135
2025-11-24 10:00:03.464041,30.827500544399523,50.3599125373651,16.085073729324858,65.55352286828628,18.708017613704364
2025-11-24 10:00:03.764041,30.8660382298915,50.07374734640206,15.90525697008782,65.41063910173696,18.70557874335599
2025-11-24 10:00:04.064041,31.055575018997693,49.828257254474394,15.397913850441327,65.359638986876,18.74706326479466
2025-11-24 10:00:04.364041,31.084638977190128,50.14993823823473,15.146527747214304,65.40700338842166,18.724137314707143
2025-11-24 10:00:04.664041,30.966564521281736,50.15960756043229,15.260386263424298,65.35799561860513,18.92421685852899
2025-11-24 10:00:04.964041,31.029668126642385,50.601429176891436,15.231502296212714,65.29046264934887,18.83032122400026
2025-11-24 10:00:05.264041,31.018600096473907,50.861358992801165,15.50007457955683,65.19985088644074,18.948731778353427
2025-11-24 10:00:05.564041,31.009717721335477,51.34247051124047,15.732814875836791,65.3859898276395,18.989789816209026
2025-11-24 10:00:05.864041,31.234354735925006,51.348903864486545,15.93394367599731,65.26646591737584,19.18682430371196
2025-11-24 10:00:06.164041,31.30771016655283,51.39159944915706,16.216932594752592,65.30840723770335,19.257982061285936
2025-11-24 10:00:06.464041,31.354508735015845,51.20927083312046,16.267295661056124,65.56893497509468,19.15752962563383
2025-11-24 10:00:06.764041,31.35580627531751,51.312592821769826,15.908633437766522,65.5819184114553,19.374324659688998
2025-11-24 10:00:07.064041,31.309124851223217,51.1412290965732,15.393636034628024,65.6620690603088,19.347475528132087
2025-11-24 10:00:07.364041,31.356826783719082,51.22240932952362,15.348197042116109,65.48338091368365,19.48396970381052
2025-11-24 10:00:07.664041,31.541307015357688,51.26306380590207,14.847443299312094,65.44984952233936,19.63137153262549
2025-11-24 10:00:07.964041,31.51957169292535,51.00253847633926,14.79820063117793,65.7602829519106,19.573028451600713
2025-11-24 10:00:08.264041,31.610390443891607,50.70969981597629,14.807845529814118,65.73831498027452,19.56193170674466
2025-11-24 10:00:08.564041,31.46638282631661,50.50827458836005,14.584693203994812,65.7264007248231,19.623415894006147
2025-11-24 10:00:08.864041,31.330992087762024,50.664905400491946,14.489422597656105,65.614348398802,19.751155334781238
2025-11-24 10:00:09.164041,31.34692964972205,50.62959236597632,14.379494528340532,65.38040856555823,19.674904828882717
2025-11-24 10:00:09.464041,31.149503383593757,50.87992497208696,14.242308808521189,65.44837099039889,19.80640388052003
2025-11-24 10:00:09.764041,31.06668693157955,50.96701672229956,14.127727608854482,65.55260171453308,19.71344788438894
2025-11-24 10:00:10.064041,30.915847559401122,50.975640734514535,14.098034217497283,65.86796191351517,19.590855316889396
2025-11-24 10:00:10.364041,30.7878308696224,50.90716409621039,14.106866506623561,66.1342149243359,19.797188969124647
2025-11-24 10:00:10.664041,31.11731519172425,50.66143355612744,14.359119580526396,66.26454001592512,20.066759147864595
2025-11-24 10:00:10.964041,31.14402961591623,50.591524168152134,14.300174922021435,66.2713083360962,20.374969227093118
2025-11-24 10:00:11.264041,31.067864318005014,50.543878081977425,14.719601564869082,66.07522069442362,20.330115527472014
2025-11-24 10:00:11.564041,31.140835074791163,50.47310772919548,14.863222775272709,65.9303717543085,20.23479456298292
2025-11-24 10:00:11.864041,31.28860973835643,50.34496621152355,15.209220887695158,65.71432422547126,19.949630533037926
2025-11-24 10:00:12.164041,31.240056776324398,50.50699132515011,15.139741102156158,65.61433823900744,19.75564371918307
2025-11-24 10:00:12.464041,30.95656089605291,50.75666630539506,15.173669344092998,65.6730877765999,19.864944825895698
2025-11-24 10:00:12.764041,31.19568895468368,50.97867328286492,15.065136235635656,65.73802565244486,19.801908693617975
2025-11-24 10:00:13.064041,30.908760716830322,50.85116056411622,15.076959760821891,65.85915186357605,19.98445808799255
2025-11-24 10:00:13.364041,30.82919574719002,50.832929245257986,14.88584136893374,66.04453980613843,20.116343722080664
2025-11-24 10:00:13.664041,30.60338173559542,50.68551002277893,14.720984871739342,66.02521890979551,20.216000039496066
2025-11-24 10:00:13.964041,30.704851591991947,50.803880021230164,14.510768459635779,65.90081437517082,20.092074169383864
2025-11-24 10:00:14.264041,30.708734851289048,50.334508062342735,14.373306633517412,66.10106517441797,19.807727024532994
2025-11-24 10:00:14.564041,30.697756512111177,49.76156727471243,14.170624258046118,66.2757283190558,19.823507673319966
2025-11-24 10:00:14.864041,30.636628025608772,49.91778076149523,14.269291204581132,66.53645374105822,19.51514934747353
2025-11-24 10:00:15.164041,30.554702962103285,50.05178783632051,14.432952437166634,66.69797165397745,19.184601169190504
2025-11-24 10:00:15.464041,30.435271939472536,50.18113386855944,14.359533137606753,66.60406432216651,19.102699937977007
2025-11-24 10:00:15.764041,30.181080716858993,50.30321730225056,14.366794062806518,66.985878115047,19.258785396376265
2025-11-24 10:00:16.064041,30.105067173448244,50.55972865478821,14.088953263450687,66.79204312496996,19.292797828357667
2025-11-24 10:00:16.364041,30.079301205742176,50.69055854365748,13.920781556413614,66.87957313128803,19.428712113476934
2025-11-24 10:00:16.664041,30.179386097117792,50.37943572014103,13.692313948629636,66.9263407719166,19.545225952996933
2025-11-24 10:00:16.964041,30.4864753876555,50.4364941791033,13.446773518861065,66.70613991105124,19.789937236778655
2025-11-24 10:00:17.264041,30.838154383316194,50.187789833229985,13.592559840986453,66.39219905782886,19.813748036322067
2025-11-24 10:00:17.564041,30.952153873875538,50.10402501663815,13.396030425299008,66.22411556765728,19.908228818176116
2025-11-24 10:00:17.864041,31.007696138119957,50.375108236995096,13.390846847280484,66.263320014721,19.95330635204509
2025-11-24 10:00:18.164041,31.12316585629863,50.428181525668954,13.212458962622124,66.4115566169837,20.19135541909781
2025-11-24 10:00:18.464041,31.254963167311,50.394090218514464,13.044732245673334,66.79568786367818,20.32660176688722
2025-11-24 10:00:18.764041,31.028562556146422,50.439368746591136,12.874103352764724,66.86619721489843,20.657302530695564
2025-11-24 10:00:19.064041,30.952486139091675,50.353956411068694,12.625888799361137,66.87387779728012,20.22071848526934
2025-11-24 10:00:19.364041,30.848854329682236,50.34210575056874,12.193029008678442,66.88359512510219,20.20192907290951
2025-11-24 10:00:19.664041,30.71139415362671,50.16619671143992,12.020778636861534,66.62348064227773,20.06904354935467
2025-11-24 10:00:19.964041,30.86998893419089,50.10149353526314,11.915508653120394,66.44941168959724,19.881860170800902
2025-11-24 10:00:20.264041,30.896532407033938,50.35200427216247,11.942240488452834,66.50830119595534,19.789411540907587
2025-11-24 10:00:20.564041,31.024590671110303,50.316149715353184,11.719340383100828,66.48860604153363,19.82966448696211
2025-11-24 10:00:20.864041,30.79776518239986,50.37891887854542,11.679552811060711,66.74649373468039,19.730626817467236
2025-11-24 10:00:21.164041,30.506575687074818,50.44989311019047,11.600782396657934,66.82559038142315,19.70422972360158
2025-11-24 10:00:21.464041,30.4420666367651,50.6228760847465,11.479940228192559,66.72040112365765,19.54005055057528
2025-11-24 10:00:21.764041,30.039144503864513,50.695003037057596,11.412752974882313,66.69250861378065,19.4419409961389
2025-11-24 10:00:22.064041,29.787756838839613,50.53393734659474,11.197144103822616,66.7654979110251,19.176942254512145
2025-11-24 10:00:22.364041,29.52235565296418,50.746669552034376,10.684955443314212,66.6046174062157,18.914579728250207
2025-11-24 10:00:22.664041,29.2386586213468,50.74515658999891,10.414654862492624,66.64790615031103,18.91534501777608
2025-11-24 10:00:22.964041,29.080127683722587,50.60994682640132,10.115889955262942,66.57560627953984,19.196686053672053
2025-11-24 10:00:23.264041,29.149047286905255,50.549903421430365,9.924794007807112,66.45710155690604,19.40234153616085
2025-11-24 10:00:23.564041,29.06104058667484,50.58535343576855,9.611868549986497,66.20436647446617,19.11529032371917
2025-11-24 10:00:23.864041,28.94934781195079,50.44749222470609,9.464085575437302,66.38144758037308,18.939975710150858
2025-11-24 10:00:24.164041,29.029079272235666,50.31375405348846,9.283910898232293,66.44706632662933,18.806816065982897
2025-11-24 10:00:24.464041,28.781021502460586,50.48891136358925,9.133827849673537,66.63691682691852,18.59209773267213
2025-11-24 10:00:24.764041,28.503606738448298,50.594610328291246,9.259910976207681,66.80812691717998,18.616015694869866
2025-11-24 10:00:25.064041,28.27405099668761,50.4096886800784,9.269869011235896,67.04141848305704,19.064766869784844
2025-11-24 10:00:25.364041,28.077192472537046,50.422262383789594,9.089198749154363,66.92112726744055,19.11492721495853
2025-11-24 10:00:25.664041,27.750143683571448,50.23260375633071,8.527056364308622,66.91499351143108,18.698137952089876
2025-11-24 10:00:25.964041,27.956342259402252,50.201024174827154,8.069136377695628,66.73890641652775,18.50408692353797
2025-11-24 10:00:26.264041,28.144312309699504,50.1306116933743,7.791581585662622,66.64178335490395,18.60480869159059
2025-11-24 10:00:26.564041,28.127606199220704,49.97224745098642,7.767387237225427,66.56895240823225,18.359964547599965
2025-11-24 10:00:26.864041,28.24734489791799,49.923566489140555,7.692690995990593,66.548995615876,18.27679064350962
2025-11-24 10:00:27.164041,28.341256103483026,49.775929309261514,7.440301635150625,66.10040320762643,17.994919388292196
2025-11-24 10:00:27.464041,28.200749371372453,49.566900863222656,7.400391814066991,65.85093851877126,18.041719186426842
2025-11-24 10:00:27.764041,27.865247705458142,49.56986403904146,6.92260121226541,65.94665261915223,17.9945605151402
2025-11-24 10:00:28.064041,27.70447427046101,49.83832114426116,6.8022091839495165,65.92399847706965,18.041258840835994
2025-11-24 10:00:28.364041,27.492674939392334,49.721608940599644,6.538698067299897,66.23142229554139,18.257113688909037
2025-11-24 10:00:28.664041,27.36062067242048,49.79811409181063,6.354835170280351,66.44332133591476,18.215513211465975
2025-11-24 10:00:28.964041,27.299067805957105,49.88100188259121,6.214456148324476,66.3807186181631,18.21304020521106
2025-11-24 10:00:29.264041,27.387242407769364,50.1295823838811,6.290316095314154,66.07437465449541,18.247698431252914
2025-11-24 10:00:29.564041,27.424451301350718,50.26912397285537,5.854385522684788,65.93145370578176,18.156836299104533
2025-11-24 10:00:29.864041,27.552703464515226,50.03976388228533,5.956280387265506,66.07394353193631,18.03286498538577
2025-11-24 10:00:30.164041,27.265811174766146,50.03915515002081,5.9127116287022705,66.18092633146478,18.201019506196193
2025-11-24 10:00:30.464041,27.049081837827195,49.84485346853611,5.683981789011843,66.21050871063603,18.298775427241807
2025-11-24 10:00:30.764041,27.047021491365058,49.64394712122174,5.666845228786501,66.30309880414106,18.27866231304554
2025-11-24 10:00:31.064041,26.708443911598238,49.40277757093524,5.474058061439372,66.24581022008431,18.377715750427708
2025-11-24 10:00:31.364041,26.711677220253318,49.47568615248122,5.234129088801696,66.57780654316137,18.322191382013
2025-11-24 10:00:31.664041,26.59042374227912,49.29908384066839,5.0524401340969645,66.7200770091298,18.34938076225868
2025-11-24 10:00:31.964041,26.654259736036906,49.017534065413784,4.859751331238274,66.53666765453792,18.135609640197167
2025-11-24 10:00:32.264041,26.384294830379076,49.11423441697636,4.758562164599,66.45636182594778,17.914955678805043
2025-11-24 10:00:32.564041,26.414050459696483,48.98446125813913,4.62257814844048,66.37773543424632,17.776809806175127
2025-11-24 10:00:32.864041,26.205189613566727,49.18822152519887,4.1636556397323465,66.2384205302742,17.54175405910908
2025-11-24 10:00:33.164041,26.26237002935178,49.231982238316604,4.050070819362289,66.21243107516058,17.484495080580675
2025-11-24 10:00:33.464041,26.48304920209717,49.25913348817551,3.721522767096815,65.96169993300047,17.28549802365972
2025-11-24 10:00:33.764041,26.37726351428843,49.47293621340491,3.6895792524003315,65.79628005152101,17.044556111907397
2025-11-24 10:00:34.064041,26.14445642240573,49.49578891074838,3.9968417622407504,65.62662881493634,16.87118887219753
2025-11-24 10:00:34.364041,25.95837529828654,49.529432001879016,4.033144216741229,65.94598771134117,16.751727319840633
2025-11-24 10:00:34.664041,25.848061143582836,49.71422419885612,4.246328443251743,66.10261574983565,16.850676602778854
2025-11-24 10:00:34.964041,25.7619869685552,49.48498686665143,4.382978667134527,66.28724841243782,16.90697373507465
2025-11-24 10:00:35.264041,25.91772364472377,49.32434201445177,4.385098548616493,66.3542071112526,16.79756416977821
2025-11-24 10:00:35.564041,26.21700222977092,49.252698398329684,4.129897759418911,66.2698023636654,16.62404535766341
2025-11-24 10:00:35.864041,25.98591313643515,49.02557191992859,3.978539624051243,66.02411926959604,16.62643192707733
2025-11-24 10:00:36.164041,25.689196582554235,49.1949569327349,4.075200907348673,65.89251183331622,16.780705300631375
2025-11-24 10:00:36.464041,25.37031003061227,48.996823219219124,4.210095482676586,65.62516687456055,17.077856258028714
2025-11-24 10:00:36.764041,25.045012714305066,49.0207851635175,4.387838836607134,65.40084606647066,17.296091605389332
2025-11-24 10:00:37.064041,24.745665700677158,49.06311412557406,4.4965445452080255,65.26104164649678,17.208185599798707
2025-11-24 10:00:37.364041,24.499927770534807,48.9643077862753,4.40173674341528,65.25030634487582,17.017179457778465
2025-11-24 10:00:37.664041,24.48906447961858,49.333291195761085,4.514945200767269,65.55334987088577,17.05832041863633
2025-11-24 10:00:37.964041,24.236825344500673,49.221081415124225,4.929427022879057,65.64239043831022,16.99180042745243
2025-11-24 10:00:38.264041,24.1355865778565,49.30844585605711,5.059875777511205,65.70697618909351,17.05954141914018
2025-11-24 10:00:38.564041,24.117122536756824,49.27033024619809,5.356098366335569,65.90867429811328,16.94616737767077
2025-11-24 10:00:38.864041,23.985339918147805,49.4078926238512,5.601924367635764,66.03305355657724,17.06219919574775
2025-11-24 10:00:39.164041,23.994318370453684,49.619177435176574,5.66076683301689,65.97892628866956,17.26405015303061
2025-11-24 10:00:39.464041,23.884840119066723,49.53447068642768,5.894200262784457,65.86356938525655,17.1592153455674
2025-11-24 10:00:39.764041,23.679974189421824,49.26676667416857,5.805588913885704,65.67192662535149,17.248413184676984
2025-11-24 10:00:40.064041,23.495863477904212,48.8535110749198,5.720960043740433,65.50763857270776,17.07070656807566
2025-11-24 10:00:40.364041,23.51375043052464,48.74663303971814,5.822901702410101,65.29908922405376,17.10611379628109
2025-11-24 10:00:40.664041,23.520872406563488,48.67751461680067,5.813051113506784,65.317595952261,17.08164803457916
2025-11-24 10:00:40.964041,23.47821781772724,48.795744399055934,5.6086374187887245,65.53524872220865,17.1897161501939
2025-11-24 10:00:41.264041,23.405531294039587,48.65006912901501,5.864165284955411,65.66928929887406,17.611193151404283
2025-11-24 10:00:41.564041,23.02803810699494,48.56815357635889,5.986899250736126,65.74649854981683,17.841217234126745
2025-11-24 10:00:41.864041,22.972385218225117,48.69896982912826,6.168785965911865,65.91227677761218,17.579600725975258
2025-11-24 10:00:42.164041,22.859304279267967,48.82504598438373,6.3319316808859325,65.77955011795437,17.463720486713353
2025-11-24 10:00:42.464041,22.81177261678048,48.911101495824944,6.654304975669007,65.8104775356362,17.533614639546983
2025-11-24 10:00:42.764041,22.754533943887175,48.894189212697086,6.878276642107737,65.72461294827137,17.402066210766876
2025-11-24 10:00:43.064041,22.90028281422915,48.97745542191719,6.8585073562818835,65.51988098152941,17.468541809759856
2025-11-24 10:00:43.364041,22.955290365719137,48.949918442541765,6.876978522790394,65.4762398427353,17.558198288655145
2025-11-24 10:00:43.664041,22.696856057790377,49.01490060279776,6.891422690135228,66.0815140074399,17.69888348933399
2025-11-24 10:00:43.964041,22.54463695057224,49.09386798469804,7.174649375591783,66.18501988837568,17.45757059499766
2025-11-24 10:00:44.264041,22.688306542820975,49.16330780254924,7.547239221918639,66.48749518227233,17.274969337895232
2025-11-24 10:00:44.564041,22.581721999043946,49.05600967791461,7.877867297790657,66.67196886793667,16.99867158618628
2025-11-24 10:00:44.864041,22.451865215290095,48.86802786478273,7.875429655576479,66.50903563725464,16.98419275487443
2025-11-24 10:00:45.164041,22.38186762496761,48.767114891796446,8.013405864866089,66.3223027471681,16.8324817965154
2025-11-24 10:00:45.464041,22.31262717039718,48.76024920649751,8.007763689955398,66.29559913583168,16.583362979373987
2025-11-24 10:00:45.764041,22.234852570316793,48.71347294395,8.207104084461003,65.92196858818767,16.582274348085328
2025-11-24 10:00:46.064041,22.208679466443762,48.837845011533815,8.062376682849187,65.67353169393463,16.576956529770396
2025-11-24 10:00:46.364041,22.487804925587398,48.97198971378744,7.77290600376167,65.89542819225392,16.642318442829122
2025-11-24 10:00:46.664041,22.71354652747622,48.99182049152523,7.842862893291472,66.23147630966622,16.364261105429293
2025-11-24 10:00:46.964041,22.831410425948565,48.94424863656589,8.262622438737809,66.19952060974776,16.205281675880162
2025-11-24 10:00:47.264041,22.882615609905017,48.78575111437464,8.922718871905108,66.30451803120536,16.210385826834745
2025-11-24 10:00:47.564041,23.229258171438953,48.83918240015271,9.554582767730427,66.42862550530698,16.250537958483605
2025-11-24 10:00:47.864041,23.294439648820344,48.95183453047562,9.909475410525994,66.31717561643536,16.59033804486629
2025-11-24 10:00:48.164041,23.321972617163613,48.9759867292547,10.241996997854624,66.00606808017675,16.647701000769672
2025-11-24 10:00:48.464041,23.181509371009756,48.91125057149872,10.520157271463326,65.67522559071722,16.590034825043602
2025-11-24 10:00:48.764041,22.598229425711967,48.872612801725325,10.9454720861939,65.73589078426836,16.545144643812296
2025-11-24 10:00:49.064041,22.101493404307362,48.48152623114977,10.962592918570271,65.49938858905662,16.44089192445207
2025-11-24 10:00:49.364041,21.760877441573488,48.145968699541875,11.258962900270614,65.42630554907262,16.14891765467973
2025-11-24 10:00:49.664041,21.474578491230442,47.8617251161181,11.587262211978375,65.56333603579534,16.015373152028662
2025-11-24 10:00:49.964041,21.194205929820843,47.64599583368564,11.961791885326834,65.80730322103399,15.646772206011224
2025-11-24 10:00:50.264041,20.88729464859709,47.46030241886416,12.410078574835063,65.77410053804473,15.708567640558176
2025-11-24 10:00:50.564041,20.803818993360803,47.9395227856367,12.678388605986424,65.79798650036486,15.65120915922792
2025-11-24 10:00:50.864041,20.71299721708563,47.94602263232239,13.063144337649067,65.73633990541558,15.827300164239716
2025-11-24 10:00:51.164041,20.816962679930516,48.09530620225347,13.724149331194203,65.6468246416414,15.808444670277222
2025-11-24 10:00:51.464041,21.017180995956352,48.19017393464797,14.294412147352281,65.51531839026696,15.955929095768678
2025-11-24 10:00:51.764041,21.15576594149265,48.39907817663326,14.46840133416822,65.25020291783486,15.885675386054608
2025-11-24 10:00:52.064041,21.594074675684325,48.46177356047589,14.5563398225612,65.38676800532197,16.103004620927255
2025-11-24 10:00:52.364041,21.8809042409053,48.44584239370116,14.768611004785546,65.0620311642745,16.287270079415176
2025-11-24 10:00:52.664041,21.971151902723285,48.423496239375744,14.633931626420644,65.0570878724289,16.435220885986723
2025-11-24 10:00:52.964041,21.72891826231869,48.20899705355545,14.613951675184015,65.34599801454875,16.3329047060326
2025-11-24 10:00:53.264041,21.644620235606332,48.08420692002924,14.973637526089876,65.42448128632098,16.504276264469024
2025-11-24 10:00:53.564041,21.656451759504794,48.192118660851804,15.208430533308425,65.54032527555331,16.668586904790782
2025-11-24 10:00:53.864041,21.59892792125517,48.129196648614844,15.711642533492903,65.28481942752711,16.462704324636263
2025-11-24 10:00:54.164041,21.600939314807185,48.2065026915649,15.7717598066988,64.99586163908161,16.545564136407446
2025-11-24 10:00:54.464041,21.523583001221446,48.0069648672531,16.114478769972678,64.98808394696297,16.373543799872373
2025-11-24 10:00:54.764041,21.468072853206955,48.00900410542466,16.244552455059065,64.92657179776471,16.164719544895384
2025-11-24 10:00:55.064041,21.272742662648266,48.267028375892906,16.467789978763633,65.06132464228146,16.0511528543046
2025-11-24 10:00:55.364041,20.96512567796312,48.10595607493732,16.691338960459735,64.96734802320546,16.158634620516697
2025-11-24 10:00:55.664041,20.76713996668095,48.340809555531415,16.89959974496801,64.9325491070989,15.839908033600496
2025-11-24 10:00:55.964041,20.686218501945582,48.46832703663385,17.155488856965246,64.74794591097842,15.494338614558016
2025-11-24 10:00:56.264041,20.58055390778281,48.629575460095964,17.306948241090755,64.65677280631594,15.095833640448882
2025-11-24 10:00:56.564041,20.472139154589108,48.46906639176427,17.277233053027768,64.6902565651048,14.994310162866388
2025-11-24 10:00:56.864041,20.288702776103364,48.304527706210486,17.608374096619915,64.74069996754157,14.616612059380339
2025-11-24 10:00:57.164041,20.205429668796793,48.14282631722765,17.76883335236932,64.74337808246737,14.633620311551114
2025-11-24 10:00:57.464041,20.244769055096526,48.0860617037096,17.995101588612922,64.67188418301753,14.814243604231207
2025-11-24 10:00:57.764041,20.056098287514292,47.823024703643405,17.652456621365967,64.7055261857841,15.216518228605947
2025-11-24 10:00:58.064041,20.061416951214877,47.56834640443132,17.353893172713406,64.57103996709351,15.551451855450566
2025-11-24 10:00:58.364041,20.30671170542901,47.7639620363299,17.229622814797306,64.59544523039915,15.50771877622929
2025-11-24 10:00:58.664041,20.484362004464998,47.89876670777307,17.185046508257617,64.89031804551082,15.60593190388611
2025-11-24 10:00:58.964041,20.680520933341388,48.29320423923862,17.24359315774703,64.88055589101981,15.48286905530503
2025-11-24 10:00:59.264041,21.22096788874499,48.38681111742497,17.278824587806305,65.08346845705826,15.272846159202794
2025-11-24 10:00:59.564041,21.197690365638735,48.395202458574765,17.324781101341056,64.9922086087786,15.332362923408898
2025-11-24 10:00:59.864041,21.250982850701995,48.224107620933495,17.489019225689724,65.0439754103471,15.210460476670063
2025-11-24 10:01:00.164041,21.29832922668357,47.88764115264488,17.61049408848021,65.14231074908265,15.038640334254577
2025-11-24 10:01:00.464041,21.233847257680942,47.81310277804603,17.688704162016442,65.1320206891362,15.059173975794108
2025-11-24 10:01:00.764041,21.09736335052311,47.58586365898659,17.482772613594864,65.36915806669317,15.071911651520677
2025-11-24 10:01:01.064041,21.02231224550816,47.68709329131206,17.12903509848436,65.30255638524086,15.200803383578478
2025-11-24 10:01:01.364041,21.0748435362858,47.67449080523017,16.949668790172378,65.50156151572635,15.144605608478354
2025-11-24 10:01:01.664041,21.11434472872982,47.616771720349696,16.8442995374448,65.26172657412762,14.912704184874991
2025-11-24 10:01:01.964041,21.24862586074633,47.79228420141906,16.923272113664183,64.88958066944102,14.924396417381015
2025-11-24 10:01:02.264041,21.246167922725277,47.77583370175431,16.80344215882561,64.93227573874941,14.693349132777215
2025-11-24 10:01:02.564041,21.134275552387844,47.79548470537333,16.926076521079494,65.1884038600139,14.591398498856357
2025-11-24 10:01:02.864041,21.037307639150868,47.69502402592291,17.101101346857686,65.39333254128626,14.617744434945052
2025-11-24 10:01:03.164041,21.124261189659972,47.49734242462361,17.307501492494584,65.17237474036469,14.671089202283632
2025-11-24 10:01:03.464041,20.992596482745192,47.47194719247937,17.653767951380583,65.07636265665917,14.775547912635819
2025-11-24 10:01:03.764041,20.916994435888057,47.334997399609385,17.909637096327394,64.85127544717972,14.887284752276678
2025-11-24 10:01:04.064041,21.121297313423618,47.11033045544015,18.27071974511353,64.80981756384712,14.844034427958576
2025-11-24 10:01:04.364041,21.45779964728908,46.93518782493335,18.268869707414716,64.56287849761259,14.742773642869164
2025-11-24 10:01:04.664041,21.392682566227236,46.98234267127922,18.177706187842908,64.23199614017949,14.7990922938626
2025-11-24 10:01:04.964041,21.84860316684768,47.13155248848517,17.983356171388145,64.18661961123134,14.944830542146263
2025-11-24 10:01:05.264041,22.039706631174997,47.2282211107499,17.823193334914393,64.05473566033562,15.107653001164532
2025-11-24 10:01:05.564041,22.10452015104491,47.3836436339506,17.471804103824905,64.08399675418137,15.049883398308278
2025-11-24 10:01:05.864041,22.105551762089874,47.524352987431676,17.26071773986441,64.06157063839073,15.016413112110047
2025-11-24 10:01:06.164041,22.08993687318287,47.473865341058186,17.301700817264038,64.47646742311515,14.96456369528801
2025-11-24 10:01:06.464041,22.046360777941278,47.068283637864255,17.117845053707146,64.52930787997094,15.07806881477552
2025-11-24 10:01:06.764041,21.834554095081984,46.888204319231725,17.08878337221212,64.47839139000496,14.830618193016125
2025-11-24 10:01:07.064041,21.896667883107572,46.91018735683255,17.208961948325342,64.30399891689254,14.76450821641069
2025-11-24 10:01:07.364041,21.924283983931677,46.85546104060319,16.92370872648303,64.18037242963757,14.594745272852618
2025-11-24 10:01:07.664041,21.860814437925136,46.79961855001088,16.870182152858863,63.68929580464874,14.398003893253774
2025-11-24 10:01:07.964041,21.749613905396377,46.747416459341125,16.89957662180972,63.51792056849765,14.559124168305903
2025-11-24 10:01:08.264041,21.80707504787221,46.9226967957676,16.555759485450498,63.25981586682909,14.90890396871065
2025-11-24 10:01:08.564041,21.930059882490347,47.03390961779549,16.416352564465466,63.274055284185465,15.197030124808492
2025-11-24 10:01:08.864041,22.1673791348104,47.172029515120194,16.208310402704072,63.712670136721066,15.29928374144474
2025-11-24 10:01:09.164041,22.04775555937054,46.9950991129477,15.872858723722539,63.99627638186456,15.19704457580966
2025-11-24 10:01:09.464041,21.82477980769317,46.77809817365478,15.822789040345882,64.15526688450173,15.055078982399834
2025-11-24 10:01:09.764041,21.5406257819498,46.94899872259984,15.676439905020882,64.29575785505673,14.79577771291036
2025-11-24 10:01:10.064041,21.23454244569058,46.76664454313355,15.692092095552725,64.17057798215706,14.6964455034705
2025-11-24 10:01:10.364041,21.01977416251163,46.5374930587325,15.765796892117882,64.36908199096345,14.980597537411958
2025-11-24 10:01:10.664041,20.810976774486182,46.31656399583488,15.936885839417435,64.17276598268961,15.200117625639852
2025-11-24 10:01:10.964041,20.779684769002152,46.58838400962865,16.14796045758728,63.98296454249566,15.27025053422089
2025-11-24 10:01:11.264041,20.778772528996605,46.59423932181496,15.94772105988961,64.04660085880336,15.436535836153054
2025-11-24 10:01:11.564041,20.895998872592486,46.94137797200731,15.672489874355701,63.980056496400174,15.351130068785386
2025-11-24 10:01:11.864041,20.83488352652874,47.27238097209502,15.483572754939903,63.97317981228672,15.183243680259723
2025-11-24 10:01:12.164041,20.788646233167835,47.53453130706721,15.290364527726254,64.10846132165211,14.801658727074015
2025-11-24 10:01:12.464041,21.02794152033858,47.62461553820963,14.641207533583415,64.15079055789606,14.333753746070919
2025-11-24 10:01:12.764041,21.305794558247868,47.4289979526034,14.508376924271145,64.08844430527748,14.06263461035183
2025-11-24 10:01:13.064041,21.526626677392517,47.27791145031136,14.238559882576059,64.06010090288383,13.987100141278352
2025-11-24 10:01:13.364041,21.75949552328774,47.04261922548374,14.021464030881944,63.64130691740216,14.21427219537916
2025-11-24 10:01:13.664041,21.91866594781303,46.92667879028863,14.056729939561121,63.615919956374945,14.404921056858779
2025-11-24 10:01:13.964041,21.8368725796044,46.79267750529941,13.870924004816358,63.53484554999788,14.533279566816143
2025-11-24 10:01:14.264041,21.772889616309374,46.64762967542762,13.775058214075603,63.690559159987046,14.278572040950966
2025-11-24 10:01:14.564041,21.753995270749694,46.50228524008711,13.836162112497226,63.80456755007005,14.25594558111366
2025-11-24 10:01:14.864041,21.59802931518353,46.61312660953386,13.686053670737163,63.827833374920026,14.18361855207334
2025-11-24 10:01:15.164041,21.3520007659337,46.34133717962877,13.751383589897976,63.98153224094765,14.380241189444032
2025-11-24 10:01:15.464041,21.499273483303973,46.281614117481546,13.758085433220007,63.82329523048397,14.744155798117543
2025-11-24 10:01:15.764041,21.44222845115953,46.044997515806195,13.898564860789772,63.5862750550422,14.988907593744043
2025-11-24 10:01:16.064041,21.59170695762744,46.140052660060746,13.952716308339374,63.24015104686095,14.783153568471716
2025-11-24 10:01:16.364041,21.71465153374482,46.125803394432204,13.848488094319688,63.17406946904832,14.940051213237282
2025-11-24 10:01:16.664041,21.95318492201258,45.92239003045675,13.905958850263392,63.169752290462945,15.127180383463214
2025-11-24 10:01:16.964041,21.90665008918296,45.73373439544285,13.717820013081592,63.17435628735631,15.124856064648501
2025-11-24 10:01:17.264041,21.859770390517024,45.85496452930903,13.76074749240899,63.39254657899849,14.91572107414539
2025-11-24 10:01:17.564041,21.721149290744847,45.82332689777938,13.882175321753392,63.30309668119308,14.915904824388507
2025-11-24 10:01:17.864041,21.542728290762057,45.977564594762036,13.91062158102953,63.21108393664007,14.954706684970663
2025-11-24 10:01:18.164041,21.444958923864196,46.17227744991278,13.66263418671897,63.165158463664994,15.211348280446646
2025-11-24 10:01:18.464041,21.362767227167115,46.40150916590343,13.415010156381959,62.71468733732468,15.239393887222418
2025-11-24 10:01:18.764041,21.51535408084978,46.186400795163884,13.207333322031365,62.59182725694358,15.123802117904619
2025-11-24 10:01:19.064041,21.701697460344302,46.025415821815585,12.793075758297416,62.613136906072235,15.01366574784295
2025-11-24 10:01:19.364041,21.708214498256087,45.95193161783243,12.80685546044308,62.39921215070431,15.126258155699572
2025-11-24 10:01:19.664041,22.01475202635048,45.73054515340858,13.105051708328038,62.21169512329459,15.205027697297234
2025-11-24 10:01:19.964041,22.16539580937842,45.75466906194451,13.058962806762473,62.25279488913865,15.33742838614413
2025-11-24 10:01:20.264041,22.24144884933827,45.5825952329555,13.048943225354096,62.25905651498502,15.114444766462995
2025-11-24 10:01:20.564041,22.32866926566836,45.739411687784504,13.056286806442014,62.04610378373934,14.947409869546165
2025-11-24 10:01:20.864041,22.353382369488305,45.99564945115004,12.935533542264903,62.30394517701913,14.815896136168481
2025-11-24 10:01:21.164041,22.04609358055682,46.143596685291705,12.83607247074695,62.06772411485937,15.069589547460367
2025-11-24 10:01:21.464041,21.567160731936635,46.1274172962262,12.919234902568052,62.06753746290961,15.104353458474096
2025-11-24 10:01:21.764041,21.27376494570091,46.10342712059649,12.865106156206338,62.194850974142554,14.905462842924553
2025-11-24 10:01:22.064041,20.86508140793906,45.976956043501104,12.791034678966767,62.07071821516628,14.745440035646427
2025-11-24 10:01:22.364041,20.719815315876282,45.91419638426797,12.95586622999734,61.970570779624815,14.975774012577997
2025-11-24 10:01:22.664041,20.349048422509952,45.83275018720988,12.847071273349426,61.82688661024364,14.837327672025005
2025-11-24 10:01:22.964041,20.315042747330537,45.77271058825139,13.020121499074195,61.458795776353476,14.926716077511495
2025-11-24 10:01:23.264041,20.27219514614832,45.5459712841351,12.99738116402227,61.34923507590411,14.76792679419373
2025-11-24 10:01:23.564041,20.37689017034393,45.50528082251514,13.04803327650984,61.4628368024718,14.719729986770208
2025-11-24 10:01:23.864041,20.442751321522536,45.54633885509359,12.928696518745555,61.38698584807139,14.520369047770464
2025-11-24 10:01:24.164041,20.456877410579416,45.54420465074583,12.991144439774594,61.43800559659282,14.26031188314308
2025-11-24 10:01:24.464041,20.436867182478363,45.644760272287904,13.024814730212434,61.530253980121024,14.34497394428009
2025-11-24 10:01:24.764041,20.320580715966095,45.601168345900874,12.995065585048508,61.7275424401408,14.223853147275895
2025-11-24 10:01:25.064041,20.313442682008148,45.2140359660177,12.880077211748679,61.94559375675002,14.10633145346362
2025-11-24 10:01:25.364041,20.070740412200408,45.1507818865613,12.993877460570884,62.10027553125714,14.133872202733187
2025-11-24 10:01:25.664041,20.129375332787994,45.174754194894035,12.882932356340435,62.11862222820316,14.032016173439613
2025-11-24 10:01:25.964041,20.362690509517357,45.056945422834076,12.655829780184096,62.00433824102423,14.109031417090684
2025-11-24 10:01:26.264041,20.315819741168344,44.98142981029019,12.312727061514712,62.19310117556078,14.02410236854721
2025-11-24 10:01:26.564041,20.1346493127971,44.88679448195991,11.962558018078466,62.30521930328269,13.723998296662955
2025-11-24 10:01:26.864041,19.712949070460898,44.79511910009575,11.892999204739176,62.28484383175777,13.895226199527826
2025-11-24 10:01:27.164041,19.443977974875853,44.839831724810544,11.88587138977093,62.2323809541126,13.905504500372093
2025-11-24 10:01:27.464041,19.571440803881714,44.83931671778654,11.68132550765783,62.05805268088906,14.019590412290013
2025-11-24 10:01:27.764041,19.59010866110959,44.91473298408953,11.440677919549762,61.74716030724717,14.102384672386636
2025-11-24 10:01:28.064041,19.73497493926058,44.9238032244975,11.454818662465751,61.44729101700045,14.00703439049808
2025-11-24 10:01:28.364041,19.80437925722596,44.93445685799129,11.641877083736286,61.682512861845396,13.866912740686157
2025-11-24 10:01:28.664041,19.88394553893476,44.95203317178106,11.531808101667533,61.593250816344835,14.037054742826202
2025-11-24 10:01:28.964041,19.658408999476062,44.92952810817242,11.528794621167167,61.49112892053465,14.294764806592282
2025-11-24 10:01:29.264041,19.468855531781713,45.13787180200377,11.793013823981967,61.48676793083947,14.533802109390036
2025-11-24 10:01:29.564041,19.312222068984774,45.21818265205274,11.6676038354149,61.503169983544204,14.527515556704037
2025-11-24 10:01:29.864041,19.14046606841443,45.112090985348445,11.511990295754007,61.49871431784849,14.56398427659695
2025-11-24 10:01:30.164041,19.175589644691915,44.95435545741052,11.46497641859116,61.557738165329624,14.71995146877461
2025-11-24 10:01:30.464041,19.18541649932696,44.6141809937346,10.990670150687752,61.7006104929531,14.734881480252161
2025-11-24 10:01:30.764041,18.99655978643683,44.75434458985836,11.071867574318382,61.80933458258606,14.682011157132514
2025-11-24 10:01:31.064041,18.795280268304115,44.45674782479423,11.046979103951774,61.77476732441302,14.513646051783427
2025-11-24 10:01:31.364041,18.62375702768584,44.17780261626825,10.893043952210114,61.92192891434648,14.69739175503631
2025-11-24 10:01:31.664041,18.282614660720863,43.91725928700892,10.602877882100822,61.965933530703886,14.92487599556195
2025-11-24 10:01:31.964041,18.25487890562919,43.631911967751094,10.20649609864442,61.76648647221624,14.969618581955887
2025-11-24 10:01:32.264041,18.222397297272494,43.5795228259578,9.985968102394454,61.524529965284756,14.493575824608508
2025-11-24 10:01:32.564041,18.09126072602964,43.782714866440216,9.617855387662635,61.441425257947365,14.249081544344214
2025-11-24 10:01:32.864041,18.226333408880958,43.771447872178335,9.738094907571796,61.56313911179416,14.279581754152773
2025-11-24 10:01:33.164041,18.301913106947012,43.85014677911264,9.894891174786766,61.43929308521792,14.345909483513056
2025-11-24 10:01:33.464041,18.275288896302662,43.94273156207579,9.907640917146772,61.35446384956149,14.205085168899911
2025-11-24 10:01:33.764041,18.03165778789962,44.110315495145755,9.887204099533449,61.49629086731431,14.128248025908164
2025-11-24 10:01:34.064041,17.93180629192964,44.363313992364965,9.655417212109814,61.73619723679275,13.978201271778202
2025-11-24 10:01:34.364041,17.770989707928692,44.564511033019876,9.68865126161346,61.858891170510816,13.885588277366622
2025-11-24 10:01:34.664041,17.61545349035471,44.4083664595786,9.3798114647131,62.02605036244118,13.513507956555106
2025-11-24 10:01:34.964041,17.788035336164885,44.29961523641353,9.208195896279719,62.10950381464049,13.412294397458968
2025-11-24 10:01:35.264041,17.65128153996702,44.2881251925792,8.869060484232515,62.098223818618116,13.358401295844505
2025-11-24 10:01:35.564041,17.511149434530353,44.36622725323623,8.590581339595403,61.942756188042836,13.498403856886737
2025-11-24 10:01:35.864041,17.439583039767793,44.395176604003964,8.320889164006788,61.97604674075075,13.716579044332564
2025-11-24 10:01:36.164041,17.53020916344148,44.62731045564032,8.113212146235352,62.27280086976843,14.05420499046512
2025-11-24 10:01:36.464041,17.766758719025507,44.55389725925211,7.908352930055707,62.55724104460871,14.050670028846799
2025-11-24 10:01:36.764041,17.733870450885185,44.54320898977035,8.551234648379422,62.590356846255645,13.996184492243675
2025-11-24 10:01:37.064041,17.54676156124143,44.61779769558439,8.843053762933403,62.75796939706925,14.132919206525386
2025-11-24 10:01:37.364041,17.533342366689983,44.70426069772827,9.084254760934144,62.86709721811202,14.244177157999587
2025-11-24 10:01:37.664041,17.328640578211584,45.04243747145782,9.123574862591807,62.62301826092236,13.94350117714825
2025-11-24 10:01:37.964041,17.277071776071264,45.18231268522354,8.949250513794482,62.60248797827811,13.700424873722145
2025-11-24 10:01:38.264041,16.937819862843586,45.299806421012974,8.658925335211904,62.667224401147124,13.492865591111261
2025-11-24 10:01:38.564041,16.824089859445294,45.1030392004307,8.095847303763481,62.70862029798793,13.608038069205849
2025-11-24 10:01:38.864041,16.80185421414304,44.897687420284996,7.814508141653087,62.635616048485765,13.77860214578539
2025-11-24 10:01:39.164041,16.86959603934187,44.63680680648461,7.580848677963699,62.57036437784299,13.69459527422356
2025-11-24 10:01:39.464041,16.808844182414582,44.54081518591159,7.371597231633379,62.3691909636759,13.773233495533937
2025-11-24 10:01:39.764041,16.87940978136311,44.38358194517587,7.4898420048593355,62.33653298331818,13.90153051802109
2025-11-24 10:01:40.064041,16.697706107377403,44.326081160436104,7.508623076599915,62.54524788060232,14.015754552093673
2025-11-24 10:01:40.364041,16.55566257550267,44.30136731960943,7.195795274339939,62.5937517103546,14.007069997007891
2025-11-24 10:01:40.664041,16.371670022140094,44.45154661012153,7.025392032473833,62.62457383984785,13.849206892640147
2025-11-24 10:01:40.964041,16.23596975015143,44.59756925367306,6.846186956671456,62.57596020898945,13.676822956405593
2025-11-24 10:01:41.264041,16.108976360296854,44.55987806771453,6.2872626632871755,62.33543035809011,13.641913437527208
2025-11-24 10:01:41.564041,16.27254836757823,44.342839502974776,6.058137142348539,62.1364624608037,13.720032751570942
2025-11-24 10:01:41.864041,16.348991512015612,44.188796610046694,5.960175344938245,61.736828519434994,13.58111205196782
2025-11-24 10:01:42.164041,16.291482094529943,43.97638664660256,5.981002911119154,61.6789192950519,13.624591054608466
2025-11-24 10:01:42.464041,16.304147293736282,44.06522602322186,6.105729453883879,61.565692414901974,13.70506837576441
2025-11-24 10:01:42.764041,16.195219431825855,44.12224340158598,5.95278521741658,61.672779276732335,13.552995873857814
2025-11-24 10:01:43.064041,15.966150444881555,44.18455658253943,5.937943849072164,61.82459925818174,13.558194778029904
2025-11-24 10:01:43.364041,15.73008755576092,44.23640195597561,5.999810482081607,62.015436301165224,13.557421798499435
2025-11-24 10:01:43.664041,15.324605060179463,44.411641145004744,5.917779716393519,62.16282050848811,13.378081980205216
2025-11-24 10:01:43.964041,15.326215942415379,44.524060501840886,5.762802362484609,62.318187092279636,13.317548762137262
2025-11-24 10:01:44.264041,15.30446065405752,44.5126134219141,5.829471266408896,62.57013807871142,13.494250895924617
2025-11-24 10:01:44.564041,15.049006125997252,44.40613539444768,5.8682816561884055,62.5287224818277,13.427233418615314
2025-11-24 10:01:44.864041,14.949077291188658,44.40216115862854,5.988443796013807,62.525236653625115,13.673104403266706
2025-11-24 10:01:45.164041,14.593414980149594,44.29723049312962,6.010937793886053,62.308882415155125,13.630367953634751
2025-11-24 10:01:45.464041,14.293347247301671,44.4933136638931,5.863960278667835,61.96266553739616,13.933181218020964
2025-11-24 10:01:45.764041,14.334011083741125,44.49486362788158,6.054870616714355,61.66857271506828,13.766425622917502
2025-11-24 10:01:46.064041,14.219613922049437,44.33018859072686,5.894559763686313,61.29610747622817,13.980370896631518
2025-11-24 10:01:46.364041,14.265611329657672,44.19897877638514,5.917275669410761,61.15803792570461,13.942025964998713
2025-11-24 10:01:46.664041,14.122938858256061,44.11578556263181,5.75106999493488,61.04148159362601,13.783934077670835
2025-11-24 10:01:46.964041,13.700258899584696,44.289295911095124,5.904453245901469,60.961797123266194,13.41780876233254
2025-11-24 10:01:47.264041,13.543542825882707,44.043686661747934,5.9356696286909,60.788379765610856,13.312785483167694
2025-11-24 10:01:47.564041,13.287195200075011,44.08790054831993,6.045442592881856,61.054653771672434,13.329589804344483
2025-11-24 10:01:47.864041,13.275639641831491,44.330450995556696,6.256775113510037,61.15305201098449,13.397791934462015
2025-11-24 10:01:48.164041,12.881071184681826,44.190997862140335,6.37980947727039,60.99889182237,13.408612010782695
2025-11-24 10:01:48.464041,12.609507590223352,44.27945249851261,6.521287857734733,60.89138861653355,13.321315302638052
2025-11-24 10:01:48.764041,12.448139945763424,44.35021090501403,6.5325672232838645,60.81802383156872,13.43032097365259
2025-11-24 10:01:49.064041,12.454714686551622,44.38253891166089,6.6744021286558155,60.90932357889238,13.607443405452882
2025-11-24 10:01:49.364041,12.423516289193426,44.581519059202606,6.841900593611197,60.89323630971093,13.458659471483534
2025-11-24 10:01:49.664041,12.527587181160285,44.420727414512434,7.119545856628324,60.79489754327802,13.545671715254693
2025-11-24 10:01:49.964041,12.50714770398993,44.31089329463314,7.486463313344937,60.582146246286754,13.556185541092859
2025-11-24 10:01:50.264041,12.410338129787965,44.451018421250836,7.644519375452132,60.7142017043207,13.257558818062058
2025-11-24 10:01:50.564041,12.553889263382146,44.39725215547335,7.819721232010882,60.71643599855298,13.036860513705706
2025-11-24 10:01:50.864041,12.673790223314978,44.47852336458149,7.6877589389238326,60.845843256271294,13.220238303836522
2025-11-24 10:01:51.164041,12.906540083573457,44.091187315462584,7.679971047344884,61.01325020507148,13.359797098274147
2025-11-24 10:01:51.464041,13.049740512397173,44.1605934426356,7.591886680277087,60.787783173836765,13.430972340674883
2025-11-24 10:01:51.764041,13.151358624379968,44.07285746729413,7.537987778606203,60.910707085758034,13.411288594319812
2025-11-24 10:01:52.064041,13.106114442018535,44.122480018766424,7.659219824205611,60.90278025607805,13.328889224908558
2025-11-24 10:01:52.364041,13.109426094139014,43.957736589735084,7.763112393542964,61.06701963426724,12.945741752778986
2025-11-24 10:01:52.664041,13.319039398303174,43.77175984760495,8.137978152382672,61.214902439090785,12.729380260943156
2025-11-24 10:01:52.964041,13.386978354276392,43.60511604790523,8.337789397087352,61.46559817297899,12.554947541689524
2025-11-24 10:01:53.264041,13.515163891323297,43.422987832411714,8.550705831905981,61.68534286894627,12.505414136883124
2025-11-24 10:01:53.564041,13.353149365077131,43.57692535776068,8.902108047140366,61.533364914836085,12.519247835300003
2025-11-24 10:01:53.864041,13.28943991519419,43.726218743322306,9.583075889603348,61.51605155637121,12.704650430940054
2025-11-24 10:01:54.164041,13.316516289346772,43.7069825658469,9.963745838972446,61.22749941932807,12.798124124517665
2025-11-24 10:01:54.464041,13.405675440676186,43.57729618973433,10.172689505609334,61.32101524855292,12.832315864569257
2025-11-24 10:01:54.764041,13.45264467693009,43.5730114057358,10.351114777713832,61.41331907912129,13.085713430796439
2025-11-24 10:01:55.064041,13.807173752124745,43.926526302242095,10.481061851286746,61.282158294530205,13.151496697527705
2025-11-24 10:01:55.364041,13.752301987215018,43.95409910103231,10.635696990683831,61.24635857655076,13.016064620286244
2025-11-24 10:01:55.664041,13.89518684999145,44.02845672716205,10.582872253109805,61.27939366210599,12.888133578429112
2025-11-24 10:01:55.964041,13.891946136187663,44.098032048368914,10.617869605866483,61.185901877582886,12.902705055235838
2025-11-24 10:01:56.264041,13.71708876933765,44.24501912533517,10.872372607262982,61.15159161619254,12.83928824688801
2025-11-24 10:01:56.564041,13.704366880744281,44.164731212572676,11.064783778568362,61.33246753133438,12.597190821394042
2025-11-24 10:01:56.864041,13.545851907794088,44.19587132418692,11.10794059622257,61.22449603311242,12.521768419005342
2025-11-24 10:01:57.164041,13.277114345831134,43.95015083888088,11.608461993515425,61.365623078280095,12.592426256005107
2025-11-24 10:01:57.464041,13.242623887533426,43.80717883474641,11.539422137427367,61.54982045511455,12.38867969616211
2025-11-24 10:01:57.764041,13.34020769836445,43.68418099173454,11.83810808326218,61.37666560095464,12.327460040024917
2025-11-24 10:01:58.064041,13.394088907121178,43.50934225587514,11.92494545181432,61.349008873674045,12.35143525483619
2025-11-24 10:01:58.364041,13.677333795705163,43.430178787319406,11.999229730937957,61.163729380505714,12.477933182101951
2025-11-24 10:01:58.664041,13.711532750513888,43.225861570587014,12.026714325348475,61.01089270818047,12.569681888361051
2025-11-24 10:01:58.964041,13.809009116299288,43.20401770908037,12.384859659561396,60.86456591613014,12.264472783515604
2025-11-24 10:01:59.264041,13.668778766584252,42.87468955754169,12.650023977277927,60.67288286206451,12.26887530187502
2025-11-24 10:01:59.564041,13.436543240527424,42.691869360926454,12.974996810077277,60.50150085387506,12.289028500164019
2025-11-24 10:01:59.864041,13.33217513991165,42.93737314686058,13.254312515675146,60.49275809231354,12.157147184426703
2025-11-24 10:02:00.164041,13.433934007353162,43.62410042000336,13.457096511995209,60.33978294823642,12.187350143603794
2025-11-24 10:02:00.464041,13.57911037921695,43.83534119461901,13.789184679896918,60.35216327486209,12.321688960309489
2025-11-24 10:02:00.764041,13.601620194856432,44.066682131918334,14.050077454779403,60.21745567036641,12.664809192130695
2025-11-24 10:02:01.064041,13.660961223184156,43.87628224718272,14.669694169783469,60.570880009748095,12.72275100821472
2025-11-24 10:02:01.364041,13.414702657536582,43.73605761215139,15.19210390286181,60.71210550944078,12.699665018645671
2025-11-24 10:02:01.664041,13.43104585435267,43.44795824000235,15.822299817701097,60.69349375180061,12.873416475413167
2025-11-24 10:02:01.964041,13.05784039438945,43.11519120524017,16.25032152290121,60.59969455201467,13.0817582306677
2025-11-24 10:02:02.264041,12.910938945127638,42.74629985967911,16.52994410623697,60.6835573001949,12.98229527708503
2025-11-24 10:02:02.564041,12.946836990029809,42.27166637852626,16.56528513442908,60.76727260043405,13.141829638210163
2025-11-24 10:02:02.864041,12.758728653524495,41.94635455813429,16.77455163476505,60.904830775551794,12.840666048441628
2025-11-24 10:02:03.164041,12.901826929475268,41.88968624237537,17.201570322239572,60.92013756124054,12.590527573413807
2025-11-24 10:02:03.464041,12.986446750341102,41.651590380627916,17.452232052788723,61.10948556079785,12.3798819454503
2025-11-24 10:02:03.764041,13.129088808547762,41.563649010838716,17.7361703942846,60.816900792119704,12.320994279519836
2025-11-24 10:02:04.064041,13.074173249157242,41.48632279226417,17.835391122573537,60.763879360490215,12.440704288070693
2025-11-24 10:02:04.364041,12.969005987407419,41.53875223740289,17.99704952369886,60.72848564244903,12.604097267871005
2025-11-24 10:02:04.664041,12.897673712144856,41.50539507715751,18.403653358877456,60.79618658740286,12.648641737451655
2025-11-24 10:02:04.964041,12.760132214832357,41.53393992704883,19.01591514318204,60.98228184693683,12.56120272252843
2025-11-24 10:02:05.264041,12.889499646868106,41.67461877577681,19.239880128373418,61.02114138980268,12.68390383875427
2025-11-24 10:02:05.564041,12.950037988663295,41.96609532796465,19.183389559671955,61.024511912286954,12.626989676978852
2025-11-24 10:02:05.864041,13.221225116134496,42.05303240616604,19.39119028727158,61.08655735310762,12.376465525658594
2025-11-24 10:02:06.164041,13.100040222852517,42.11310296711288,19.30313684449542,60.73096884523595,11.98413789532537
2025-11-24 10:02:06.464041,12.987106888251681,42.06090937194418,19.448707005499486,60.60218772093555,11.929539387439977
2025-11-24 10:02:06.764041,13.017570161152642,42.08275631592526,19.59716605498262,60.28106870978284,11.969577162543441
2025-11-24 10:02:07.064041,12.883806453432683,42.37475644091144,19.759121044635258,60.08287020757034,12.161233763206443
2025-11-24 10:02:07.364041,12.941382343724463,42.25093989175018,19.87329790001086,60.08568343590561,12.151350621567708
2025-11-24 10:02:07.664041,12.853153697091244,42.13563954563449,19.87002123976331,60.27230974786186,12.15337357855225
2025-11-24 10:02:07.964041,12.894848484045996,42.05558724351693,19.918065610500406,60.59318107242612,12.281804408071858
2025-11-24 10:02:08.264041,12.645201472969898,41.879045512885156,20.19604111299988,60.473925887913296,12.337322238537482
2025-11-24 10:02:08.564041,12.807706347774086,41.839681747756856,20.34838294420515,60.23507997024366,12.543586702970407
2025-11-24 10:02:08.864041,12.87414296547575,42.139678310857654,20.51252826087594,60.29854231206779,12.372656134775173
2025-11-24 10:02:09.164041,12.706744219206774,41.867483849188815,20.378654234641772,60.19108596673374,12.212673364511343
2025-11-24 10:02:09.464041,12.54421072549554,41.86317549104555,20.4165198890652,60.12405399263177,12.098714133472349
2025-11-24 10:02:09.764041,12.222436824523708,41.77677943872232,20.42359689390441,60.143089707723185,12.11054719921845
2025-11-24 10:02:10.064041,12.141196291847606,41.60283611370907,20.218196148506628,60.22584843601806,12.244253154324443
2025-11-24 10:02:10.364041,11.885992936327295,41.64007341780774,20.193732764001187,60.3745141113862,12.70893787534482
2025-11-24 10:02:10.664041,11.911177968304601,41.47721264265007,20.42214203460439,60.40971935741223,12.807335097722016
2025-11-24 10:02:10.964041,12.147112697589167,41.47951856525792,20.433435682055915,60.27309334704543,13.105164998126877
2025-11-24 10:02:11.264041,12.221470028515593,41.402145497385035,20.60275923064989,60.20257735812136,13.410847943198439
2025-11-24 10:02:11.564041,12.36099400249361,41.5465156570788,20.56810749201981,59.97083268712612,13.46561167831256
2025-11-24 10:02:11.864041,12.112907220954877,41.43314989197191,20.452388747391566,59.852222849301526,13.41601087090701
2025-11-24 10:02:12.164041,11.897605032746403,41.39335276111914,20.199703696886477,59.46603786167576,13.32047693733191
2025-11-24 10:02:12.464041,11.33798358649876,41.15310604121304,19.827827044032876,59.393751352158844,13.284815891498582
2025-11-24 10:02:12.764041,11.31120025828213,41.1190369770901,19.482672064054086,59.4171784615579,13.00721956994743
2025-11-24 10:02:13.064041,11.243237673342502,40.816391079735354,19.128138539666928,59.555487367378994,12.847164445078647
2025-11-24 10:02:13.364041,11.20925888319339,40.84373993863514,18.963693500840964,59.81109248085268,12.499699334042303
2025-11-24 10:02:13.664041,11.345017183276648,40.93047350251683,18.835047456126212,60.028829863947045,12.486324919497878
2025-11-24 10:02:13.964041,11.42951810450352,40.90043061487732,18.664537773288608,60.076422930651276,12.58171869304663
2025-11-24 10:02:14.264041,11.00728112832641,41.03814412999975,18.505000839844346,60.28414465951031,12.34072834764654
2025-11-24 10:02:14.564041,10.83126080134539,41.106246178504335,18.523444771270245,60.292435084258685,12.292026174224425
2025-11-24 10:02:14.864041,10.765778296709962,41.206783351219265,18.621952477661754,60.167437754196854,12.157144219781468
2025-11-24 10:02:15.164041,10.746743464241554,41.01915166206619,18.460845026308725,60.09828291681667,12.109746286061474
2025-11-24 10:02:15.464041,10.702314964085549,40.619039609829706,18.475688865727285,60.036834823822375,12.007161693648214
2025-11-24 10:02:15.764041,10.745396580238257,40.25562495566193,18.32123015157602,60.34004121173087,12.002303393309244
2025-11-24 10:02:16.064041,10.91072181488482,40.04976195817029,17.94405110167242,60.16949836907583,11.991993578033494
2025-11-24 10:02:16.364041,10.950665021328097,39.96859205663483,17.834751655038346,59.64831188379016,12.11362534192685
2025-11-24 10:02:16.664041,11.201987008965215,40.14646090720276,17.767911061275335,59.29879322984176,12.227941061477848
2025-11-24 10:02:16.964041,10.891342617396633,40.20862460286175,17.540759715261515,58.91055428434495,12.60030587745728
2025-11-24 10:02:17.264041,10.76656643408956,39.827458318703385,17.580800796100114,58.84275577834511,12.597371845302431
2025-11-24 10:02:17.564041,10.372718446166473,39.73068321957967,17.58431005015809,58.841544604163296,12.351120181846467
2025-11-24 10:02:17.864041,10.034575614220493,40.00198286072391,17.445962051604432,59.10326964651958,12.219193052977861
2025-11-24 10:02:18.164041,10.01922116431424,39.98233296625256,17.637102724153692,59.35264920022022,12.084978500129681
2025-11-24 10:02:18.464041,10.257119421759505,39.76351696352551,17.57710246531976,59.66797239264544,12.059253414083996
2025-11-24 10:02:18.764041,10.58152634671222,39.86109728570031,17.852003858232013,59.794642456299194,11.859832498308128
2025-11-24 10:02:19.064041,10.949817916867309,39.80234051504558,17.750435615536745,59.83270554437093,12.028940664799206
2025-11-24 10:02:19.364041,11.172528895164643,39.90195630181716,17.605084171052276,59.697740298380886,12.004343616586025
2025-11-24 10:02:19.664041,11.323271136057691,39.79055938951832,17.320577246179536,59.131593991703475,12.020085004969491
2025-11-24 10:02:19.964041,11.098838221914319,39.72108810838562,17.28516392500542,59.28585669583336,12.064905551754975
2025-11-24 10:02:20.264041,10.915721299067142,39.82881247417933,17.060724682552436,59.350434365496355,12.066463116192365
2025-11-24 10:02:20.564041,10.552290117057277,40.05317655353088,16.488940537814226,59.27780197134223,12.167633382909907
2025-11-24 10:02:20.864041,10.41442545322511,40.100287442570036,16.417907359751293,59.40461029567015,12.270911718524152
2025-11-24 10:02:21.164041,10.463383588371002,39.98281770460116,16.290370413669727,59.14549797538236,12.397022774744782
2025-11-24 10:02:21.464041,10.323758744050336,39.71591094408928,16.401765089980522,59.050958968893895,12.450375159041768
2025-11-24 10:02:21.764041,10.291610664354742,39.627499107313305,16.38820059051123,58.89115165687073,12.280137985428611
2025-11-24 10:02:22.064041,10.314981842948663,39.87081776760976,16.20793418503812,58.954960512723765,12.198720088385478
2025-11-24 10:02:22.364041,10.21720526084287,39.748146898959696,15.977599600030757,58.60860340877668,12.328822654402517
2025-11-24 10:02:22.664041,10.00496212036533,39.49829170890148,15.747815512723339,58.80905877817348,12.228685495196569
2025-11-24 10:02:22.964041,9.771194510184586,39.51991240604152,15.27655258921632,58.726908562148694,12.297023887046297
2025-11-24 10:02:23.264041,9.605424006515856,39.65703422624161,15.207582886132144,58.69075992407466,12.246032623423522
2025-11-24 10:02:23.564041,9.374907878057078,39.853411238996,15.230874716135155,58.582215715818364,12.050784794007384
2025-11-24 10:02:23.864041,9.338435174615698,39.96726239058912,15.206563502861806,58.50018553810506,12.118693745975357
2025-11-24 10:02:24.164041,9.007721340160083,39.74486533850582,15.182307086071946,58.263690628608174,12.106286060673396
2025-11-24 10:02:24.464041,9.189107717380608,39.20353514396982,15.080089597422933,58.07844088217591,12.058744904935804
2025-11-24 10:02:24.764041,9.151361545961835,38.81953537365596,15.04048791944756,58.02841026084684,11.840604455040996
2025-11-24 10:02:25.064041,9.248274458389343,38.38984952708775,14.871806198881451,58.33564995901347,11.603807432937343
2025-11-24 10:02:25.364041,9.056076289204873,38.03211470298881,14.586483889487218,58.319594240992295,11.690786196584225
2025-11-24 10:02:25.664041,8.857059736560133,37.867079591034646,14.587483854992996,58.197017111894596,11.560315618637723
2025-11-24 10:02:25.964041,8.63539840182426,38.09118949139259,14.647388790287119,58.11615450976795,11.707205037213917
2025-11-24 10:02:26.264041,8.472431285719363,38.03668752070061,14.57678346017317,58.29375290812912,11.661960379068924
2025-11-24 10:02:26.564041,8.457000926819783,38.37033998204616,14.525001183784223,58.29123925938989,11.662541882570267
2025-11-24 10:02:26.864041,8.445928362702233,38.55130611063942,14.394666041224932,58.22974059890616,11.624472430671668
2025-11-24 10:02:27.164041,8.443484501280127,38.57269031722454,14.357478078743576,58.4079201516582,11.753822956708348
2025-11-24 10:02:27.464041,8.420179420362043,38.64714178231247,14.189388552872021,58.50317280870802,11.61837163205182
2025-11-24 10:02:27.764041,8.186318620469136,38.59108041918476,13.958527125743885,58.40712176938516,11.601694589309798
2025-11-24 10:02:28.064041,8.017407245219596,38.672129629063356,13.77556931359186,58.732272718862845,11.618457919404841
2025-11-24 10:02:28.364041,8.068151386928863,38.489980556735425,13.525499520869564,59.04095949716417,11.467572526709732
2025-11-24 10:02:28.664041,8.136852862451214,38.53525451676091,13.256347639329077,59.12672505881999,11.259584674213324
2025-11-24 10:02:28.964041,8.033525316194911,38.471712416024026,12.961056848819664,59.047641456505396,11.201695071720723
2025-11-24 10:02:29.264041,8.079910358569473,38.549513922991046,12.842549450504688,58.9277853341922,11.339935016251045
2025-11-24 10:02:29.564041,7.998047242664361,38.48084134588532,12.684415161088813,58.64418135250319,11.344581389550875
2025-11-24 10:02:29.864041,7.832843541403855,38.4625100111619,12.598015522057942,58.572541660340285,10.988444330417057
2025-11-24 10:02:30.164041,7.50891551351846,38.26275935413118,12.52489227790628,58.56574295678474,10.81949282367345
2025-11-24 10:02:30.464041,7.331202439330436,38.163019570182385,12.52408341303521,58.65415936122752,10.597797612258546
2025-11-24 10:02:30.764041,7.324508284751875,38.475185885389116,12.54358015988759,58.81122044944415,10.18667642240609
2025-11-24 10:02:31.064041,7.072278212912384,38.89695167295442,12.47793875139747,58.89873065379098,9.953485269800575
2025-11-24 10:02:31.364041,7.047080060266392,39.26120739816758,12.367469678433899,58.97716228615623,10.06331992547294
2025-11-24 10:02:31.664041,7.2372381377134305,39.35998564045245,12.358954844718419,58.74272666210442,10.371833824637116
2025-11-24 10:02:31.964041,7.221201576887148,39.3879531483315,12.308596383746448,58.535730803594355,10.657002016242595
2025-11-24 10:02:32.264041,7.270216891554187,39.217028795601486,12.192682526061144,58.59055071594702,10.514718291232668
2025-11-24 10:02:32.564041,7.377272039370687,39.06600403528402,12.25212688310636,58.3337260705093,10.616187246191485
2025-11-24 10:02:32.864041,7.457232546641397,39.15096397033168,12.239695100727236,58.223880136724645,10.565558274566463
2025-11-24 10:02:33.164041,7.064462994938751,38.91649663186127,12.291034876380735,58.16128881769114,10.449345201590896
2025-11-24 10:02:33.464041,6.827893332759626,39.02339800723445,12.135709346068419,58.30986540034202,10.663171396032583
2025-11-24 10:02:33.764041,6.441975461890666,38.97714601935263,12.146831278566614,58.17584921677681,10.813207834378545
2025-11-24 10:02:34.064041,6.228916415432681,39.21912724829695,12.050293992225349,58.12616787762401,10.955369779053033
2025-11-24 10:02:34.364041,5.907381059875574,39.21798008081481,11.877849099044864,58.027150728605854,11.038645327460658
2025-11-24 10:02:34.664041,5.813419540479343,39.377740258498875,11.807353574433204,57.70086796720593,11.174285623526139
2025-11-24 10:02:34.964041,5.695007334490039,39.07329900263762,11.740060348815847,57.72175233279713,11.022456355929366
2025-11-24 10:02:35.264041,5.4198905810575795,38.85494122840125,11.511058694213672,57.615674383482144,10.681050533965376
2025-11-24 10:02:35.564041,5.367685933849577,38.539355915604446,11.041415730845278,57.565184310445595,10.648539474709457
2025-11-24 10:02:35.864041,5.285774318160935,37.92490955280039,10.839946084593937,57.558015544929994,10.730961055937533
2025-11-24 10:02:36.164041,5.098776541213283,37.85371654136003,10.64641908852844,57.50098544948988,10.787016866131705
2025-11-24 10:02:36.464041,5.306470233040982,38.041292715377516,10.683853703774098,57.74798695151679,10.709683264204397
2025-11-24 10:02:36.764041,5.313348681554068,38.05935804647171,10.22774244900948,57.61566527020192,10.681696803097411
2025-11-24 10:02:37.064041,5.215474749674335,38.13006110159441,10.32065338163334,57.796361113754806,10.472786346018163
2025-11-24 10:02:37.364041,5.196918049161807,37.840246161915175,10.413086917718427,57.747195609840176,10.254018737939807
2025-11-24 10:02:37.664041,5.129080359006173,37.97490107103303,10.387071153188405,57.75647769412544,10.470419089754952
2025-11-24 10:02:37.964041,5.081601412623811,37.992884472789285,10.302193383494378,57.59606707100009,10.706269710051007
2025-11-24 10:02:38.264041,5.021039876233448,38.0062754563448,10.093951975617369,57.7615250699824,11.021745354949704
2025-11-24 10:02:38.564041,4.773973094555018,37.968909675724866,10.019915603123906,57.99184788767264,11.043283195818454
2025-11-24 10:02:38.864041,4.767962107492307,37.896213504200404,9.927238186709744,57.71584827405054,10.893886591613132
2025-11-24 10:02:39.164041,4.813827240714766,37.551991791026985,9.903828494058562,57.60680203907569,10.861285566004907
2025-11-24 10:02:39.464041,5.087532250338806,37.31151738389914,9.963168590639949,57.30985106202284,10.50443269059195
2025-11-24 10:02:39.764041,5.04473999885732,37.207678686989624,9.794010222961077,57.202552906100465,10.43009916993417
2025-11-24 10:02:40.064041,5.231714768290627,37.21041247143264,9.670209280321927,57.36892695920062,10.14595924442033
2025-11-24 10:02:40.364041,5.317662108669209,37.12276485093961,9.444164933747514,57.54828071833304,9.979162992571046
2025-11-24 10:02:40.664041,5.470983987632625,37.262508846082454,9.437950741668637,57.82950877936779,10.191987525945237
2025-11-24 10:02:40.964041,5.537503602028982,37.35592778849911,9.310288960620897,58.033706257175616,10.411336955250105
2025-11-24 10:02:41.264041,5.386851318525218,37.109541563496975,9.064951563107304,58.010574047468864,10.481229831333478
2025-11-24 10:02:41.564041,5.180845316786643,37.25039856716345,8.649045114341378,58.15613319724463,10.63240926483243
2025-11-24 10:02:41.864041,5.039250943629698,37.14879776855256,8.357313962627051,58.474222400806035,10.81135694624319
2025-11-24 10:02:42.164041,4.972173991824352,37.22379907551047,7.958667562545932,58.4335478063702,10.610515565021355
2025-11-24 10:02:42.464041,4.818915691915761,36.95862349138032,7.7232346370188045,58.405310156980384,10.578973015085305
2025-11-24 10:02:42.764041,4.824305566614932,36.93221643093599,7.489408972149956,58.075087782507225,10.433610840842974
2025-11-24 10:02:43.064041,4.973789395407628,37.08343558965172,7.045181930999003,57.960092898109004,10.443315842146129
2025-11-24 10:02:43.364041,4.869543421653719,36.720147842634326,6.843292510175725,57.77465241443343,10.453217993825437
2025-11-24 10:02:43.664041,4.942450969264867,36.60798127513689,6.658353151653564,57.500868751839214,10.340352583756037
2025-11-24 10:02:43.964041,4.879966197079462,36.46237917992318,6.198773373310784,57.261687274288036,10.054186040594674
2025-11-24 10:02:44.264041,4.699678185417481,36.56377321204788,6.127710042746095,57.245246157281805,10.068739034031209
2025-11-24 10:02:44.564041,4.603171961271276,36.50143308765708,6.0208196918988826,57.39825967534166,10.029363339646434
2025-11-24 10:02:44.864041,4.752787866580882,36.739907749813476,5.826871790939561,57.45336705008517,10.18433279628566
2025-11-24 10:02:45.164041,4.830641936476116,36.787304111734514,5.677349862481132,57.40128894387919,10.581516994210022
2025-11-24 10:02:45.464041,4.828581605305371,36.926900109320265,5.636419572259964,57.46338410423402,11.05270385672732
2025-11-24 10:02:45.764041,4.781816185261798,37.083369492943774,5.703087830232434,57.44764723952606,10.93942049419634
2025-11-24 10:02:46.064041,4.699461594622453,36.91449055235164,5.447361993420776,57.62162315532874,10.78137103909089
2025-11-24 10:02:46.364041,4.695510604931872,37.10320124869976,5.276000819816606,57.80442783644794,10.531856302604536
2025-11-24 10:02:46.664041,4.743776889009512,37.10067862345455,5.1647006677815614,57.90785436011932,10.440253936781373
2025-11-24 10:02:46.964041,4.737504547300867,36.88348850883699,4.829028401622918,58.083978703012505,10.337292596539513
2025-11-24 10:02:47.264041,4.800226090006912,36.9852134376611,4.780237279477265,58.04512686440793,10.64600244300465
2025-11-24 10:02:47.564041,5.073216292860545,37.0500360421249,4.517875678405842,57.91349364551383,10.653875454167018
2025-11-24 10:02:47.864041,5.0692383053662855,37.01926109303342,4.616554101467392,57.72418429220951,10.7368014074123
2025-11-24 10:02:48.164041,5.06089205757915,37.21584839479809,4.340408538176918,58.032515469445606,10.767514722710398
2025-11-24 10:02:48.464041,4.981971897238513,37.13479711062126,3.9573546228901666,57.92429067615067,10.589341824144181
2025-11-24 10:02:48.764041,4.904578197418039,37.16092254670038,3.853461611192446,57.99292397330588,10.67058256792113
2025-11-24 10:02:49.064041,4.762798636531541,37.23881286363903,3.9666888508099563,58.12595922486397,10.753766938471822
2025-11-24 10:02:49.364041,4.89362174777144,37.11851083982263,3.98024325701628,58.18608913690374,10.982668616197813
2025-11-24 10:02:49.664041,5.084374085239551,37.30713278582446,3.700256075883869,58.28013409794369,11.028530277826851
2025-11-24 10:02:49.964041,5.507360221979743,37.63767161418008,3.288926773672634,58.239439977213976,10.936846624630942
2025-11-24 10:02:50.264041,5.683070113185196,37.72036816392444,3.01600442166914,58.2161401670176,10.894101784150653
2025-11-24 10:02:50.564041,5.890226158614162,37.51810547418357,2.628513492224551,58.07171639880953,10.657977299666323
2025-11-24 10:02:50.864041,5.916420619463748,37.38743089292781,2.616142248706264,57.91444745457333,10.59765333063519
2025-11-24 10:02:51.164041,5.641837522623154,37.18805503986441,2.5688735274652634,58.00042624127845,10.50943906456313
2025-11-24 10:02:51.464041,5.297732125365725,37.12139305083208,2.444862964272345,57.76181792898666,10.421284876271145
2025-11-24 10:02:51.764041,5.144316593787279,36.76542306310102,2.148152118743822,57.774256804590735,10.376114523725366
2025-11-24 10:02:52.064041,5.309537457868139,36.62901928651398,2.1840180561875346,57.869811821122106,10.241676505290464
2025-11-24 10:02:52.364041,5.376860533300058,36.522952284072616,2.28430646810375,57.887502902343094,10.273200106811847
2025-11-24 10:02:52.664041,5.331668387408163,36.51310126122824,2.162033780003154,58.07723745593278,10.26686875591929
2025-11-24 10:02:52.964041,5.114461205059163,36.70582890630369,2.0062946017169754,58.17724260354823,10.36560649055965
2025-11-24 10:02:53.264041,4.6261553176734616,36.809538516021796,2.076704216543047,58.140957835992914,10.249715712221093
2025-11-24 10:02:53.564041,4.406658557052486,36.66016235036231,2.0194902657738267,58.25275736595962,10.321264976071932
2025-11-24 10:02:53.864041,4.322147857771678,37.021572550326894,1.9392371311729135,58.17416434459259,10.141918994483044
2025-11-24 10:02:54.164041,4.175855829062032,36.9664714048125,2.025516233184689,57.906197640907195,10.015883684752529
2025-11-24 10:02:54.464041,4.217123791754966,36.96363182780986,2.356494602405497,57.75072018124776,10.067059110428255
2025-11-24 10:02:54.764041,4.364884960035618,36.8619650887122,2.314930316982177,57.744224284001035,10.120132400236683
2025-11-24 10:02:55.064041,4.155790878955433,36.89292241538177,2.411870961339022,57.56205074913274,9.931489698004915
2025-11-24 10:02:55.364041,4.077743772995594,36.89343139846987,2.5882606320813637,57.524240106129135,9.816959999934431
2025-11-24 10:02:55.664041,4.029362194217661,36.80071385939988,2.8183591843604976,57.362405933466356,9.778519163783953
2025-11-24 10:02:55.964041,3.8439779519501096,36.89654347197509,3.0016065790855704,57.40245719152045,9.806149818146357
2025-11-24 10:02:56.264041,3.5255832396705706,36.618545105582534,2.962088712973257,57.373704100096454,9.851134077364298
2025-11-24 10:02:56.564041,3.451635547958113,36.7244921739347,2.93902618978197,57.24247265182645,9.724580518149699
2025-11-24 10:02:56.864041,3.4222367260904023,36.75654089281953,2.9053309616455216,57.1568357050578,9.836504481227088
2025-11-24 10:02:57.164041,3.496800681017613,36.69910840191006,2.8883492447812498,57.120363359442145,9.69464198664594
2025-11-24 10:02:57.464041,3.570664329563703,36.483153245805156,2.9211334713738744,57.09273332969471,9.746114563556196
2025-11-24 10:02:57.764041,3.6251323910980595,36.437815589651365,2.934752761310904,57.1079135778579,9.475144629075174
2025-11-24 10:02:58.064041,3.8361762370240218,36.35900999549547,2.9912146790113066,57.06302694409805,9.441473518012048
2025-11-24 10:02:58.364041,3.8342954587175537,36.39003442962397,3.1247845472642046,56.857025863330364,9.371654883219705
2025-11-24 10:02:58.664041,3.895022293012084,36.39391126436988,2.961251353895623,56.89606483293188,9.24277812250016
2025-11-24 10:02:58.964041,4.0708608119310306,36.54573274720581,2.8710650092254224,57.07089572961642,9.157107768445176
2025-11-24 10:02:59.264041,4.265134261969795,36.90664551581632,2.8737814670856037,57.337990404379696,9.170640756657582
2025-11-24 10:02:59.564041,4.284527967503996,37.07865410480126,2.798555757339747,57.50379778906812,8.987561721809953
2025-11-24 10:02:59.864041,4.274011942885727,36.91443140968804,2.845970934298347,57.37835853116046,8.653531085716205
2025-11-24 10:03:00.164041,4.2621275138983865,36.76310183644957,2.6581468689298395,57.50143948872047,8.579995020147832
2025-11-24 10:03:00.464041,4.079595910451845,36.75297425676254,2.677351640565802,57.47478342748315,8.552948370694338
2025-11-24 10:03:00.764041,3.8356179503481487,36.865784350930625,2.9476841334587633,57.118649633795854,8.652425908951269
2025-11-24 10:03:01.064041,3.665259388325867,36.92903643243137,3.208390180068905,57.152175533114494,8.596840830520668
2025-11-24 10:03:01.364041,3.539990982671629,37.10161826503469,3.5435972142706715,57.03166633927462,8.589026794352412
2025-11-24 10:03:01.664041,3.581242340661133,37.158194272326,3.9505001371042328,56.973442124909475,8.605421303086782
2025-11-24 10:03:01.964041,3.454657260306873,37.15908773577885,4.506280159353534,56.975680145053325,8.389115103092578
2025-11-24 10:03:02.264041,3.509936036122719,37.18290885577728,4.913871859833961,57.08781281472104,8.423799406130685
2025-11-24 10:03:02.564041,3.3750347329251067,37.207546524704604,5.205727367462596,57.36550385353089,8.81186698598596
2025-11-24 10:03:02.864041,3.358901245174156,37.04889770640702,5.482575517239491,57.52736879980487,9.05349596416077
2025-11-24 10:03:03.164041,3.6106053972144174,37.02631921822057,5.872224000842942,57.4224457496644,9.50419256397686
2025-11-24 10:03:03.464041,3.656806517192465,36.83320761206577,6.055396686316113,57.337468249378304,9.710663040273795
2025-11-24 10:03:03.764041,3.8319774684946677,36.7217387342146,6.31061916508323,57.31529396539401,9.727130411881195
2025-11-24 10:03:04.064041,4.255171183677922,36.919109595591294,6.594390815562377,57.444184658796665,9.319745275271302
2025-11-24 10:03:04.364041,4.32600845838693,36.86287721162285,6.684375171216228,57.49448494170272,8.944435596507944
2025-11-24 10:03:04.664041,4.313720614000829,36.70666205793397,6.593393238503992,57.581678258191914,8.702107740637487
2025-11-24 10:03:04.964041,4.288359016359174,36.79907359602598,6.938357235364187,57.34725044088145,8.529237093243086
2025-11-24 10:03:05.264041,4.487033814544,36.85828962808623,6.961061780896521,57.328635727013804,8.582779944864132
2025-11-24 10:03:05.564041,4.273090656330994,37.01124463510329,7.331545157091683,57.45295417514114,8.41192648611569
2025-11-24 10:03:05.864041,4.316295100764198,37.17918829503012,7.557491680172371,57.387902139662366,8.562760304392807
2025-11-24 10:03:06.164041,4.189534220134128,37.306756593096814,7.500470213132551,57.478986902384264,8.70956522519488
2025-11-24 10:03:06.464041,4.390449071567394,37.24447439960698,7.46913974337195,57.41755124358778,8.755436018920236
2025-11-24 10:03:06.764041,4.400801397208428,37.31355241065372,7.609465187942083,57.431079788756186,8.668744709336606
2025-11-24 10:03:07.064041,4.26439496392508,37.30971024933927,7.79501136948502,57.34636884034164,8.761617296272624
2025-11-24 10:03:07.364041,4.148151357534753,37.33427197114461,7.941043083449388,57.26429894891345,8.524872127070031
2025-11-24 10:03:07.664041,4.10017918260412,37.353978468380326,8.220119800298734,57.21317992376065,8.600539489459315
2025-11-24 10:03:07.964041,4.391043888010076,37.50561232282864,8.740680568061654,57.62090116757208,8.540380669154017
2025-11-24 10:03:08.264041,4.801402360986155,37.61995069230421,9.242502488243495,57.84054429419094,8.737131346031916
2025-11-24 10:03:08.564041,5.161865100147266,37.48007292917086,9.882810890245906,57.7249558721979,9.027826785457416
2025-11-24 10:03:08.864041,5.189368725915947,37.64068652585625,10.390179314038667,57.79675033725388,9.047495195326974
2025-11-24 10:03:09.164041,5.1034754358024665,37.61544061220409,10.323115018301044,57.88168082095761,9.189894173117954
2025-11-24 10:03:09.464041,4.982960153885518,37.57468348203014,10.302142654318809,57.99168969741414,9.251184165454742
2025-11-24 10:03:09.764041,5.137197799753467,37.61089995200797,10.022728550878057,57.9392804321924,9.061629896193542
2025-11-24 10:03:10.064041,5.306472169620982,37.63933163627725,9.88724662755216,57.90980733236326,9.075268453890736
2025-11-24 10:03:10.364041,5.48717883790191,37.54871027668303,9.761119975620662,58.0163329290379,8.789295784747226
2025-11-24 10:03:10.664041,5.729650386557787,37.4887152151857,9.870194366714406,57.81874515847722,8.720845600141443
2025-11-24 10:03:10.964041,5.662162088897902,37.24454499237318,10.065574703518788,57.79800773342477,8.82810091581989
2025-11-24 10:03:11.264041,5.745283153071388,37.17354650934455,10.563988649054032,57.849229206329525,8.639639571557728
2025-11-24 10:03:11.564041,5.666654131662902,36.944146972892646,10.996993715535659,57.48270958382483,8.77012032265008
2025-11-24 10:03:11.864041,5.414937156387465,36.95948664045963,11.358625468176305,57.206069350803965,9.013294284772359
2025-11-24 10:03:12.164041,5.213445862872038,36.944927556191644,11.699620690415424,57.32051691540371,9.272829857733571
2025-11-24 10:03:12.464041,5.217324724869517,37.15607877371012,11.821460380424154,57.3648801591666,9.296255994012604
2025-11-24 10:03:12.764041,5.297205980991233,37.23019217777408,11.903472790506397,57.48033234332174,9.351220658965163
2025-11-24 10:03:13.064041,5.5995807051604265,37.3752720299945,12.069315252559111,57.388579768876795,9.166079232812567
2025-11-24 10:03:13.364041,6.173503200167434,37.52415705185087,12.487091687166755,57.52259936655105,9.490354137619596
2025-11-24 10:03:13.664041,6.444065976131157,37.53885870450358,12.823627735369001,57.86785389768133,9.745315455144487
2025-11-24 10:03:13.964041,6.370765024176484,37.52017371011249,12.474404943525098,58.290213037550906,9.88574024581424
2025-11-24 10:03:14.264041,6.091371248576581,37.588629044285376,12.483716572954135,58.55407560214842,9.916358517777788
2025-11-24 10:03:14.564041,6.046261240797495,37.68752405671279,12.207807847821295,58.48762249167751,9.923208484191548
2025-11-24 10:03:14.864041,6.056100279099661,37.69700205852478,12.455600977571013,58.14039726318483,9.738559517851339
2025-11-24 10:03:15.164041,6.296085562109391,38.0588868489963,12.118863717606674,57.82328070706041,9.549517197723574
2025-11-24 10:03:15.464041,6.723604877677366,38.33974219773459,11.806335298758837,57.596851001263325,9.084312164220751
2025-11-24 10:03:15.764041,6.787851453965545,38.57235280086437,11.985045629222078,57.51664656335573,9.0822396615012
2025-11-24 10:03:16.064041,6.70682499993961,38.25579004406074,12.178445204009401,57.5704586830163,9.026739133552397
2025-11-24 10:03:16.364041,6.372412136205312,38.32253398534006,12.401357094143291,57.55659327368766,9.1052591496407
2025-11-24 10:03:16.664041,6.022337402460974,38.36865348011072,12.569675232054847,57.39364035518665,9.402466647663665
2025-11-24 10:03:16.964041,5.93241486141783,38.4360715686436,12.818695819830372,57.459467118647964,9.30888101103371
2025-11-24 10:03:17.264041,5.98427748569095,38.445994749916935,12.859915406299661,57.50269877645496,9.4462118961044
2025-11-24 10:03:17.564041,6.219606908454121,38.36939482772291,12.944704698808913,57.6770336918589,9.491520373245132
2025-11-24 10:03:17.864041,6.451616370505085,38.22835589706207,13.103681123588236,57.48120889533911,9.523220492888708
2025-11-24 10:03:18.164041,6.311976586572222,38.119751633490274,13.542804817123134,57.368792783042615,9.782998058823466
2025-11-24 10:03:18.464041,6.397345550584406,38.31388421658905,13.542773443236793,57.59104305971837,10.20017341249637
2025-11-24 10:03:18.764041,6.376476894917454,38.41378434754842,13.55519645529762,57.45366878414171,10.353036204354785
2025-11-24 10:03:19.064041,6.474351491263269,38.275978109921205,13.274172490857483,57.3344065951115,10.319195327430597
2025-11-24 10:03:19.364041,6.343174272211199,38.33454108148341,13.181941833893081,57.290947355398025,10.15855950649428
2025-11-24 10:03:19.664041,6.420968955046509,38.15542261976825,13.28531438747316,57.30320291025641,9.828904781527982
2025-11-24 10:03:19.964041,6.716715930839361,38.33635970841173,13.269499124288952,57.31572270924772,9.67704681856485
2025-11-24 10:03:20.264041,6.932684101324638,38.23718048377426,13.473734512466157,57.09819244978848,9.536284639770349
2025-11-24 10:03:20.564041,6.955555290639089,38.57885297031391,13.671163600636774,57.22169685015348,9.510533403609116
2025-11-24 10:03:20.864041,6.999086736140132,38.37370371549969,13.66463532558535,57.265363141852156,9.555649837278168
2025-11-24 10:03:21.164041,7.199592138590055,38.2313371657612,13.586556384642927,57.2816698836024,9.754058236226157
2025-11-24 10:03:21.464041,7.378930501654455,38.25318873132649,13.43733375170829,57.15111316015972,9.6095283373296
2025-11-24 10:03:21.764041,7.539485958445387,38.25189868244217,13.40744469914585,57.17745706129479,9.675298221250818
2025-11-24 10:03:22.064041,7.636606999800938,38.3547704696836,13.271116746160025,57.31102282471792,9.795330706844526
2025-11-24 10:03:22.364041,7.878427355015508,38.32625161095459,13.117786353990718,57.02563165646738,10.386991939310107
2025-11-24 10:03:22.664041,7.821224495581717,38.34945081386487,12.754482600028709,56.967866603989215,10.396567531459256
2025-11-24 10:03:22.964041,8.318334859492605,38.57898579152997,12.688202843681168,56.91346198450686,10.372711810798073
2025-11-24 10:03:23.264041,8.357622161561931,38.771226331523025,12.467009422028996,57.03241857222359,10.449967950294907
2025-11-24 10:03:23.564041,8.556807944775631,38.50118864442033,12.522237260784458,57.02452898727034,10.15677430811846
2025-11-24 10:03:23.864041,8.86422369410305,38.35219815252546,12.717484916896565,57.13493674626521,10.010774949651548
2025-11-24 10:03:24.164041,9.089356075978964,38.37256864625276,12.790867004295093,57.02346463118169,10.269884657130797
2025-11-24 10:03:24.464041,9.372008811050245,38.877079818327246,12.812398919499666,57.22573367495357,10.119663160592255
2025-11-24 10:03:24.764041,9.592201216141444,39.019920316317915,12.661166879506917,57.3641436488274,9.878958364133847
2025-11-24 10:03:25.064041,9.698199524246247,39.04853538154751,12.588482978162011,57.06875436858537,9.709092599619522
2025-11-24 10:03:25.364041,10.152230496651429,38.95680989509425,12.347423860519326,57.14537629278089,9.932186706947364
2025-11-24 10:03:25.664041,10.258861972172108,38.9175981507645,12.031264658598424,57.19249932653383,10.226026605300191
2025-11-24 10:03:25.964041,10.410062728382975,38.87543555198438,11.834206642613593,57.10062493481924,10.633126203489585
2025-11-24 10:03:26.264041,10.607090545978584,38.96787241216039,11.739774095700538,57.023886165367955,11.248573202845984
2025-11-24 10:03:26.564041,10.569165636568094,38.83513932583982,11.585104836504557,57.060632900071504,11.409764790587031
2025-11-24 10:03:26.864041,10.775151040746458,38.75490552982689,11.219322844724704,57.233637177943976,11.311631042645459
2025-11-24 10:03:27.164041,10.792158506785746,38.84208173269103,11.131238796281428,56.881978603276174,11.710092164895695
2025-11-24 10:03:27.464041,10.637266961076184,38.68611826386703,11.08170582814941,56.78003245007846,11.624861943434908
2025-11-24 10:03:27.764041,10.598774222377855,38.7044961790078,10.719127285585813,56.73307702648921,11.71612118265831
2025-11-24 10:03:28.064041,10.837830301579544,38.70204580491043,10.718459453510377,56.81838520164332,11.655393485281328
2025-11-24 10:03:28.364041,11.352267868146084,38.86104056309852,10.628986385232157,56.55936194408166,11.474695457065147
2025-11-24 10:03:28.664041,11.375885906769032,39.084152653833776,10.586474353614065,56.74327904909073,11.52826246650387
2025-11-24 10:03:28.964041,11.53262198779018,39.17526471009841,10.457903253471715,56.81268703891583,11.51468395217714
2025-11-24 10:03:29.264041,11.46219830985126,39.44729787988113,10.533031423164399,57.07944052056713,11.715126401416189
2025-11-24 10:03:29.564041,11.561725314893323,39.69124153514217,10.563504034520854,57.27271163245086,11.571798033125262
2025-11-24 10:03:29.864041,11.771932562254278,39.7237508271348,10.46874778646131,57.311657052463545,11.542307440217735
2025-11-24 10:03:30.164041,11.978015328837117,39.8277903154071,10.320558610516791,57.2575750540321,11.388008175382724
